ISO-10303-21;
HEADER;
FILE_DESCRIPTION (( 'STEP AP203' ),
    '1' );
FILE_NAME ('80mm case fan.STEP',
    '2025-02-12T19:30:07',
    ( '' ),
    ( '' ),
    'SwSTEP 2.0',
    'SolidWorks 2023',
    '' );
FILE_SCHEMA (( 'CONFIG_CONTROL_DESIGN' ));
ENDSEC;

DATA;
#1 = CARTESIAN_POINT ( 'NONE',  ( 38.62095163394740638, -15.06124857429806063, -7.974924713410731059 ) ) ;
#2 = FACE_OUTER_BOUND ( 'NONE', #3919, .T. ) ;
#3 = ORIENTED_EDGE ( 'NONE', *, *, #880, .T. ) ;
#4 = DIRECTION ( 'NONE',  ( 0.000000000000000000, 0.000000000000000000, -1.000000000000000000 ) ) ;
#5 = ORIENTED_EDGE ( 'NONE', *, *, #5125, .F. ) ;
#6 = VERTEX_POINT ( 'NONE', #2771 ) ;
#7 = CARTESIAN_POINT ( 'NONE',  ( -34.69495227279260519, 17.10563656559314794, -7.999999999999996447 ) ) ;
#8 = VECTOR ( 'NONE', #559, 1000.000000000000000 ) ;
#9 = FACE_OUTER_BOUND ( 'NONE', #1457, .T. ) ;
#10 = DIRECTION ( 'NONE',  ( 0.000000000000000000, 0.000000000000000000, -1.000000000000000000 ) ) ;
#11 = CARTESIAN_POINT ( 'NONE',  ( 40.42425205543231215, 13.72638704646263541, 3.469446951953614189E-15 ) ) ;
#12 = VECTOR ( 'NONE', #82, 1000.000000000000000 ) ;
#13 = CARTESIAN_POINT ( 'NONE',  ( 11.62832868438936629, 39.00000000000000711, -22.99880746643210117 ) ) ;
#14 = EDGE_CURVE ( 'NONE', #1279, #5301, #3579, .T. ) ;
#15 = EDGE_LOOP ( 'NONE', ( #3824, #1859 ) ) ;
#16 = PLANE ( 'NONE',  #2292 ) ;
#17 = CARTESIAN_POINT ( 'NONE',  ( -13.46823557842615315, -38.99999999999998579, -0.4505491476328480904 ) ) ;
#18 = ORIENTED_EDGE ( 'NONE', *, *, #1379, .T. ) ;
#19 = DIRECTION ( 'NONE',  ( 1.000000000000000000, 0.000000000000000000, 0.000000000000000000 ) ) ;
#20 =( BOUNDED_CURVE ( )  B_SPLINE_CURVE ( 3, ( #71, #949, #1725, #3395 ),
 .UNSPECIFIED., .F., .T. ) 
 B_SPLINE_CURVE_WITH_KNOTS ( ( 4, 4 ),
 ( 0.007145586578823389171, 0.01034175139484805328 ),
 .UNSPECIFIED. ) 
 CURVE ( )  GEOMETRIC_REPRESENTATION_ITEM ( )  RATIONAL_B_SPLINE_CURVE ( ( 0.8543918654643845034, 0.8543918654643845034, 0.8543918654643843924, 0.8543918654643843924 ) ) 
 REPRESENTATION_ITEM ( '' )  );
#21 = DIRECTION ( 'NONE',  ( -1.000000000000000000, 0.000000000000000000, -0.000000000000000000 ) ) ;
#22 = ORIENTED_EDGE ( 'NONE', *, *, #848, .T. ) ;
#23 = EDGE_CURVE ( 'NONE', #3533, #4135, #2275, .T. ) ;
#24 = CARTESIAN_POINT ( 'NONE',  ( -33.54999999999998295, 35.79999999999999716, 0.000000000000000000 ) ) ;
#25 = VECTOR ( 'NONE', #4716, 1000.000000000000000 ) ;
#26 = VERTEX_POINT ( 'NONE', #695 ) ;
#27 = DIRECTION ( 'NONE',  ( -0.7002271275140118378, -0.7139201425183882010, 0.000000000000000000 ) ) ;
#28 = CARTESIAN_POINT ( 'NONE',  ( -29.82459987482636521, -30.53170665601131617, -4.430000222756688366 ) ) ;
#29 = ORIENTED_EDGE ( 'NONE', *, *, #2766, .T. ) ;
#30 = DIRECTION ( 'NONE',  ( 1.000000000000000000, 0.000000000000000000, 0.000000000000000000 ) ) ;
#31 = AXIS2_PLACEMENT_3D ( 'NONE', #438, #2865, #353 ) ;
#32 = ORIENTED_EDGE ( 'NONE', *, *, #4641, .F. ) ;
#33 = CARTESIAN_POINT ( 'NONE',  ( -23.54560596669277928, -30.69115434757620875, -7.999999999999996447 ) ) ;
#34 = CARTESIAN_POINT ( 'NONE',  ( 35.80000000000001137, -35.80000000000000426, -21.00000000000000000 ) ) ;
#35 = CARTESIAN_POINT ( 'NONE',  ( 38.60000000000000853, 0.000000000000000000, 0.000000000000000000 ) ) ;
#36 = CARTESIAN_POINT ( 'NONE',  ( 33.87158484991896046, -25.98556513422249736, 3.469446951953614189E-15 ) ) ;
#37 = AXIS2_PLACEMENT_3D ( 'NONE', #3910, #3101, #4746 ) ;
#38 = EDGE_CURVE ( 'NONE', #5182, #5301, #646, .T. ) ;
#39 = DIRECTION ( 'NONE',  ( 1.000000000000000000, 0.000000000000000000, 0.000000000000000000 ) ) ;
#40 = VERTEX_POINT ( 'NONE', #621 ) ;
#41 = LINE ( 'NONE', #1668, #4807 ) ;
#42 = ADVANCED_FACE ( 'NONE', ( #3104 ), #633, .F. ) ;
#43 = EDGE_CURVE ( 'NONE', #1250, #69, #4878, .T. ) ;
#44 = DIRECTION ( 'NONE',  ( 0.000000000000000000, 0.000000000000000000, 1.000000000000000000 ) ) ;
#45 = ORIENTED_EDGE ( 'NONE', *, *, #1962, .F. ) ;
#46 = CARTESIAN_POINT ( 'NONE',  ( 32.29289321881346808, 32.43431457505075599, -4.000000000000000000 ) ) ;
#47 = FACE_BOUND ( 'NONE', #2093, .T. ) ;
#48 = ORIENTED_EDGE ( 'NONE', *, *, #4972, .F. ) ;
#49 = CARTESIAN_POINT ( 'NONE',  ( 19.71920331487989486, -34.74887402186229934, -2.000000000000001332 ) ) ;
#50 = DIRECTION ( 'NONE',  ( 0.000000000000000000, 1.000000000000000000, 0.000000000000000000 ) ) ;
#51 = CARTESIAN_POINT ( 'NONE',  ( -29.46320306023859814, -28.99603343704309211, -5.809228155108670855 ) ) ;
#52 = ORIENTED_EDGE ( 'NONE', *, *, #3774, .F. ) ;
#53 = VECTOR ( 'NONE', #1749, 1000.000000000000000 ) ;
#54 = CARTESIAN_POINT ( 'NONE',  ( 40.00000000000001421, -14.24795906952775226, -4.714983365793117720 ) ) ;
#55 = ORIENTED_EDGE ( 'NONE', *, *, #468, .T. ) ;
#56 = CARTESIAN_POINT ( 'NONE',  ( 36.62854763707636607, 12.43752441299003486, 3.469446951953614189E-15 ) ) ;
#57 = CARTESIAN_POINT ( 'NONE',  ( -39.99999999999996447, -11.61044496192373821, -5.940935100629633148 ) ) ;
#58 = CC_DESIGN_PERSON_AND_ORGANIZATION_ASSIGNMENT ( #5247, #4044, ( #1658 ) ) ;
#59 = B_SPLINE_CURVE_WITH_KNOTS ( 'NONE', 3,
 ( #3602, #3576, #4039, #2352 ),
 .UNSPECIFIED., .F., .F.,
 ( 4, 4 ),
 ( 0.02181336887358423932, 0.02972557279073487907 ),
 .UNSPECIFIED. ) ;
#60 = CARTESIAN_POINT ( 'NONE',  ( 0.000000000000000000, 0.000000000000000000, -21.00000000000000355 ) ) ;
#61 = CARTESIAN_POINT ( 'NONE',  ( 18.87824139103830134, -38.29028411453896297, 3.469446951953614189E-15 ) ) ;
#62 = DIRECTION ( 'NONE',  ( -0.000000000000000000, -0.000000000000000000, 1.000000000000000000 ) ) ;
#63 = VERTEX_POINT ( 'NONE', #2719 ) ;
#64 = FACE_OUTER_BOUND ( 'NONE', #4957, .T. ) ;
#65 = CARTESIAN_POINT ( 'NONE',  ( -2.559430833972935027, 39.00000000000001421, -4.190622897266575109 ) ) ;
#66 = DIRECTION ( 'NONE',  ( -1.000000000000000000, 0.000000000000000000, 0.000000000000000000 ) ) ;
#67 = CIRCLE ( 'NONE', #435, 13.00000000000000178 ) ;
#68 = DIRECTION ( 'NONE',  ( -1.000000000000000000, 0.000000000000000000, 0.000000000000000000 ) ) ;
#69 = VERTEX_POINT ( 'NONE', #1462 ) ;
#70 = AXIS2_PLACEMENT_3D ( 'NONE', #1959, #5261, #3227 ) ;
#71 = CARTESIAN_POINT ( 'NONE',  ( 36.19812535941237286, 16.91247075436200120, -2.000000000000000000 ) ) ;
#72 = CARTESIAN_POINT ( 'NONE',  ( 14.24795906952776647, 40.00000000000000000, -4.714983365793107062 ) ) ;
#73 = CARTESIAN_POINT ( 'NONE',  ( 17.82224342825556107, -37.09044855943275110, -0.5400751958448658518 ) ) ;
#74 = ADVANCED_FACE ( 'NONE', ( #3131 ), #4773, .F. ) ;
#75 = VERTEX_POINT ( 'NONE', #2383 ) ;
#76 = DIRECTION ( 'NONE',  ( -1.000000000000000000, 0.000000000000000000, 0.000000000000000000 ) ) ;
#77 = ORIENTED_EDGE ( 'NONE', *, *, #4972, .T. ) ;
#78 = DIRECTION ( 'NONE',  ( 1.000000000000000000, 0.000000000000000000, 0.000000000000000000 ) ) ;
#79 = AXIS2_PLACEMENT_3D ( 'NONE', #312, #2884, #4930 ) ;
#80 = ORIENTED_EDGE ( 'NONE', *, *, #1127, .F. ) ;
#81 = CARTESIAN_POINT ( 'NONE',  ( 5.052665715417216319, -38.35118100780943706, -7.999999999999996447 ) ) ;
#82 = DIRECTION ( 'NONE',  ( 0.000000000000000000, 0.000000000000000000, 1.000000000000000000 ) ) ;
#83 = CARTESIAN_POINT ( 'NONE',  ( 34.23545561211992805, 25.37653677155170229, 2.602085213965211036E-15 ) ) ;
#84 = CARTESIAN_POINT ( 'NONE',  ( -5.576258017536722456, -42.32539665628530656, 3.469446951953614189E-15 ) ) ;
#85 = DIRECTION ( 'NONE',  ( 0.000000000000000000, 0.000000000000000000, 1.000000000000000000 ) ) ;
#86 = EDGE_CURVE ( 'NONE', #3464, #4472, #5299, .T. ) ;
#87 = CC_DESIGN_APPROVAL ( #3688, ( #5035 ) ) ;
#88 = VERTEX_POINT ( 'NONE', #314 ) ;
#89 = CARTESIAN_POINT ( 'NONE',  ( -14.00000000000000000, 1.714505518806294638E-15, -19.99999999999999645 ) ) ;
#90 = CARTESIAN_POINT ( 'NONE',  ( -40.00000000000002842, -35.80000000000000426, -21.00000000000000000 ) ) ;
#91 = CARTESIAN_POINT ( 'NONE',  ( 32.71715728752459285, -32.01005050633887805, -21.00000000000000000 ) ) ;
#92 = CARTESIAN_POINT ( 'NONE',  ( 32.71715728752458574, -32.01005050633887805, -22.00000000000000000 ) ) ;
#93 = PLANE ( 'NONE',  #1301 ) ;
#94 = AXIS2_PLACEMENT_3D ( 'NONE', #4420, #5200, #4369 ) ;
#95 = ORIENTED_EDGE ( 'NONE', *, *, #4077, .T. ) ;
#96 = FACE_OUTER_BOUND ( 'NONE', #5118, .T. ) ;
#97 = CARTESIAN_POINT ( 'NONE',  ( 36.67120930406074564, 21.67913016185196540, 3.035766082959412415E-15 ) ) ;
#98 = ORIENTED_EDGE ( 'NONE', *, *, #1284, .F. ) ;
#99 = ADVANCED_FACE ( 'NONE', ( #233 ), #2693, .T. ) ;
#100 = CARTESIAN_POINT ( 'NONE',  ( 40.00000000000004263, 7.531811502727390639, -8.924423628834016853 ) ) ;
#101 = ORIENTED_EDGE ( 'NONE', *, *, #3272, .F. ) ;
#102 = CARTESIAN_POINT ( 'NONE',  ( -39.00000000000002132, 11.63100460044359430, -22.99967896975015691 ) ) ;
#103 = ORIENTED_EDGE ( 'NONE', *, *, #987, .T. ) ;
#104 = CARTESIAN_POINT ( 'NONE',  ( -18.09375033172153735, 37.35674795034982765, -0.2996631535646104849 ) ) ;
#105 = CIRCLE ( 'NONE', #810, 0.3999999999999975797 ) ;
#106 = EDGE_CURVE ( 'NONE', #6, #3834, #280, .T. ) ;
#107 = ORIENTED_EDGE ( 'NONE', *, *, #3708, .F. ) ;
#108 = CARTESIAN_POINT ( 'NONE',  ( -38.60000000000000853, 2.526364092043150489, -7.999999999999996447 ) ) ;
#109 = CARTESIAN_POINT ( 'NONE',  ( -17.14002334302268693, 38.99999993959344380, 3.035766082959412415E-15 ) ) ;
#110 = AXIS2_PLACEMENT_3D ( 'NONE', #1397, #4709, #2653 ) ;
#111 = DIRECTION ( 'NONE',  ( 0.000000000000000000, 0.000000000000000000, -1.000000000000000000 ) ) ;
#112 = CARTESIAN_POINT ( 'NONE',  ( -12.43752441299724865, -36.62854763708605788, 3.469446951953614189E-15 ) ) ;
#113 = CARTESIAN_POINT ( 'NONE',  ( -32.29289321881427810, -32.99999999999922551, -4.000000000000000000 ) ) ;
#114 = ORIENTED_EDGE ( 'NONE', *, *, #3689, .F. ) ;
#115 = DIRECTION ( 'NONE',  ( -1.000000000000000000, 0.000000000000000000, -0.000000000000000000 ) ) ;
#116 = CARTESIAN_POINT ( 'NONE',  ( 0.000000000000000000, 0.000000000000000000, -19.00000000000000355 ) ) ;
#117 = DIRECTION ( 'NONE',  ( 1.000000000000000000, 0.000000000000000000, 0.000000000000000000 ) ) ;
#118 = CARTESIAN_POINT ( 'NONE',  ( 38.16791124357713016, 18.92077598718396203, 3.035766082959412415E-15 ) ) ;
#119 = CARTESIAN_POINT ( 'NONE',  ( 35.80000000000001137, -35.80000000000000426, -21.00000000000000000 ) ) ;
#120 = CARTESIAN_POINT ( 'NONE',  ( -35.79999999999998295, 40.00000000000000711, -4.000000000000000000 ) ) ;
#121 = CIRCLE ( 'NONE', #3173, 3.000000000000000000 ) ;
#122 = ORIENTED_EDGE ( 'NONE', *, *, #3935, .F. ) ;
#123 = CARTESIAN_POINT ( 'NONE',  ( 35.80000000000001847, 35.79999999999999716, -21.00000000000000000 ) ) ;
#124 = DIRECTION ( 'NONE',  ( 1.000000000000000000, 0.000000000000000000, 0.000000000000000000 ) ) ;
#125 = ORIENTED_EDGE ( 'NONE', *, *, #4183, .F. ) ;
#126 = CARTESIAN_POINT ( 'NONE',  ( 17.41835339420010342, -36.69430515131909942, -1.037413722470559518 ) ) ;
#127 = ORIENTED_EDGE ( 'NONE', *, *, #1006, .T. ) ;
#128 = ORIENTED_EDGE ( 'NONE', *, *, #533, .F. ) ;
#129 = DIRECTION ( 'NONE',  ( 0.000000000000000000, 0.000000000000000000, -1.000000000000000000 ) ) ;
#130 = EDGE_CURVE ( 'NONE', #3749, #3332, #715, .T. ) ;
#131 = VERTEX_POINT ( 'NONE', #1084 ) ;
#132 = CARTESIAN_POINT ( 'NONE',  ( 33.49829972217730756, 19.34441602242500835, -7.999999999999996447 ) ) ;
#133 = EDGE_CURVE ( 'NONE', #3567, #189, #4627, .T. ) ;
#134 = DIRECTION ( 'NONE',  ( 0.7071067811865474617, -0.7071067811865474617, 0.000000000000000000 ) ) ;
#135 = CARTESIAN_POINT ( 'NONE',  ( 17.14000392954196883, 38.99999994343082932, 3.035766082959412415E-15 ) ) ;
#136 = CARTESIAN_POINT ( 'NONE',  ( -23.54560596668665795, -30.69115434757428673, -2.413142151433144921E-12 ) ) ;
#137 = EDGE_LOOP ( 'NONE', ( #3680, #871, #4281, #3247 ) ) ;
#138 = DIRECTION ( 'NONE',  ( 0.000000000000000000, 0.000000000000000000, 1.000000000000000000 ) ) ;
#139 = EDGE_CURVE ( 'NONE', #1760, #3535, #1021, .T. ) ;
#140 = ORIENTED_EDGE ( 'NONE', *, *, #5336, .T. ) ;
#141 = EDGE_CURVE ( 'NONE', #4212, #3591, #1669, .T. ) ;
#142 = CARTESIAN_POINT ( 'NONE',  ( -32.29289321881345387, 32.43431457505156601, -4.000000000000000000 ) ) ;
#143 = CARTESIAN_POINT ( 'NONE',  ( 16.91247075436375624, -36.19812535941378684, -2.000000000000000000 ) ) ;
#144 = CARTESIAN_POINT ( 'NONE',  ( 39.00000000000001421, 8.019908326868414150, -22.20982647033676827 ) ) ;
#145 = CARTESIAN_POINT ( 'NONE',  ( 37.45178353406513594, 18.19064434625774140, -0.2311821082055518228 ) ) ;
#146 = CARTESIAN_POINT ( 'NONE',  ( 15.33511195342470401, -39.32320844004132709, -5.809228155108670855 ) ) ;
#147 = LINE ( 'NONE', #2662, #2330 ) ;
#148 = ORIENTED_EDGE ( 'NONE', *, *, #4598, .F. ) ;
#149 = EDGE_CURVE ( 'NONE', #4270, #1133, #4470, .T. ) ;
#150 = VECTOR ( 'NONE', #4851, 1000.000000000000000 ) ;
#151 = EDGE_CURVE ( 'NONE', #4852, #2696, #431, .T. ) ;
#152 = DIRECTION ( 'NONE',  ( 1.000000000000000000, 0.000000000000000000, 0.000000000000000000 ) ) ;
#153 = CARTESIAN_POINT ( 'NONE',  ( 21.67913016185021391, -36.67120930405874901, 3.035766082959412415E-15 ) ) ;
#154 = ORIENTED_EDGE ( 'NONE', *, *, #1434, .F. ) ;
#155 = CIRCLE ( 'NONE', #594, 0.3999999999999975797 ) ;
#156 = CARTESIAN_POINT ( 'NONE',  ( 29.05991157131651903, -28.35280479013080068, -19.00000000000000355 ) ) ;
#157 = DATE_AND_TIME ( #2305, #2439 ) ;
#158 = ORIENTED_EDGE ( 'NONE', *, *, #445, .T. ) ;
#159 = ADVANCED_FACE ( 'NONE', ( #4123, #1198 ), #752, .F. ) ;
#160 = CIRCLE ( 'NONE', #3301, 2.250000000000001776 ) ;
#161 =( BOUNDED_SURFACE ( )  B_SPLINE_SURFACE ( 2, 3, ( 
 ( #913, #3788, #4549, #2985, #4978, #3363, #860, #36, #1640, #1295, #420, #4520, #61, #1246, #1715, #3765, #890, #3385, #84, #2520, #2572, #5001, #4605, #833, #2493, #3743, #3313, #2045, #2961, #3337, #4575, #3814, #4949, #4170, #473, #2547, #1271, #2153, #4217, #5028, #804, #2906, #1692, #4194, #2933, #450, #2127, #1741, #1322, #2461, #3409, #4141, #2104, #4632, #497, #5052, #2876, #3713, #396, #5344, #2077, #11, #1664, #1424, #4760, #3116 ),
 ( #1849, #1371, #3034, #2676, #4296, #3007, #3517, #2180, #3489, #3090, #522, #220, #4681, #5156, #2704, #934, #168, #1395, #2231, #579, #112, #4734, #4244, #136, #1447, #1018, #3923, #4269, #3841, #3463, #1768, #2620, #3540, #4653, #4325, #605, #4353, #551, #964, #193, #2208, #1042, #3869, #631, #1792, #2260, #1345, #2287, #991, #2594, #3949, #1874, #3436, #5101, #5077, #3064, #4706, #2650, #1821, #3895, #5131, #2396, #1068, #2732, #3167, #3566 ),
 ( #4028, #1583, #4457, #3590, #737, #1902, #4810, #2340, #2369, #2840, #328, #5207, #1498, #1153, #2783, #1476, #1984, #656, #1954, #1553, #4376, #4083, #1094, #3648, #1183, #4785, #299, #5231, #708, #4427, #3972, #5256, #2313, #4000, #5284, #3221, #4053, #2756, #249, #1928, #4401, #682, #2013, #3142, #4862, #2813, #4483, #275, #1526, #3251, #3191, #4892, #4833, #766, #1124, #2426, #5181, #359, #3617, #3679, #1608, #4918, #1210, #388, #798, #5313 ) ),
 .UNSPECIFIED., .F., .T., .T. ) 
 B_SPLINE_SURFACE_WITH_KNOTS ( ( 3, 3 ),
 ( 4, 2, 2, 2, 2, 2, 2, 2, 2, 2, 2, 2, 2, 2, 2, 2, 2, 2, 2, 2, 2, 2, 2, 2, 2, 2, 2, 2, 2, 2, 2, 2, 4 ),
 ( 0.000000000000000000, 1.000000000000000000 ),
 ( -3.141592653589793116, -2.945243112740430824, -2.748893571891068976, -2.552544031041707129, -2.356194490192344837, -2.159844949342982545, -1.963495408493620697, -1.767145867644258628, -1.570796326794896558, -1.374446785945534488, -1.178097245096172418, -0.9817477042468103487, -0.7853981633974482790, -0.5890486225480862092, -0.3926990816987241395, -0.1963495408493620697, 0.000000000000000000, 0.1963495408493620697, 0.3926990816987241395, 0.5890486225480862092, 0.7853981633974482790, 0.9817477042468103487, 1.178097245096172418, 1.374446785945534488, 1.570796326794896558, 1.767145867644258628, 1.963495408493620697, 2.159844949342982545, 2.356194490192344837, 2.552544031041707129, 2.748893571891068976, 2.945243112740430824, 3.141592653589793116 ),
 .UNSPECIFIED. ) 
 GEOMETRIC_REPRESENTATION_ITEM ( )  RATIONAL_B_SPLINE_SURFACE ( (
 ( 1.000000000000000000, 1.000000000000000000, 1.000000000000000000, 1.000000000000000000, 1.000000000000000000, 1.000000000000000000, 1.000000000000000000, 1.000000000000000000, 1.000000000000000000, 1.000000000000000000, 1.000000000000000000, 1.000000000000000000, 1.000000000000000000, 1.000000000000000000, 1.000000000000000000, 1.000000000000000000, 1.000000000000000000, 1.000000000000000000, 1.000000000000000000, 1.000000000000000000, 1.000000000000000000, 1.000000000000000000, 1.000000000000000000, 1.000000000000000000, 1.000000000000000000, 1.000000000000000000, 1.000000000000000000, 1.000000000000000000, 1.000000000000000000, 1.000000000000000000, 1.000000000000000000, 1.000000000000000000, 1.000000000000000000, 1.000000000000000000, 1.000000000000000000, 1.000000000000000000, 1.000000000000000000, 1.000000000000000000, 1.000000000000000000, 1.000000000000000000, 1.000000000000000000, 1.000000000000000000, 1.000000000000000000, 1.000000000000000000, 1.000000000000000000, 1.000000000000000000, 1.000000000000000000, 1.000000000000000000, 1.000000000000000000, 1.000000000000000000, 1.000000000000000000, 1.000000000000000000, 1.000000000000000000, 1.000000000000000000, 1.000000000000000000, 1.000000000000000000, 1.000000000000000000, 1.000000000000000000, 1.000000000000000000, 1.000000000000000000, 1.000000000000000000, 1.000000000000000000, 1.000000000000000000, 1.000000000000000000, 1.000000000000000000, 1.000000000000000000),
 ( 0.7071067811865472397, 0.7071067811865472397, 0.7071067811865472397, 0.7071067811865472397, 0.7071067811865475727, 0.7071067811865475727, 0.7071067811865476838, 0.7071067811865476838, 0.7071067811865475727, 0.7071067811865475727, 0.7071067811865475727, 0.7071067811865475727, 0.7071067811865475727, 0.7071067811865475727, 0.7071067811865475727, 0.7071067811865475727, 0.7071067811865472397, 0.7071067811865472397, 0.7071067811865472397, 0.7071067811865472397, 0.7071067811865475727, 0.7071067811865475727, 0.7071067811865474617, 0.7071067811865474617, 0.7071067811865475727, 0.7071067811865475727, 0.7071067811865476838, 0.7071067811865476838, 0.7071067811865475727, 0.7071067811865475727, 0.7071067811865475727, 0.7071067811865475727, 0.7071067811865472397, 0.7071067811865472397, 0.7071067811865475727, 0.7071067811865475727, 0.7071067811865475727, 0.7071067811865475727, 0.7071067811865475727, 0.7071067811865475727, 0.7071067811865475727, 0.7071067811865475727, 0.7071067811865475727, 0.7071067811865475727, 0.7071067811865475727, 0.7071067811865475727, 0.7071067811865475727, 0.7071067811865475727, 0.7071067811865472397, 0.7071067811865472397, 0.7071067811865475727, 0.7071067811865475727, 0.7071067811865475727, 0.7071067811865475727, 0.7071067811865475727, 0.7071067811865475727, 0.7071067811865476838, 0.7071067811865476838, 0.7071067811865476838, 0.7071067811865476838, 0.7071067811865475727, 0.7071067811865475727, 0.7071067811865475727, 0.7071067811865475727, 0.7071067811865472397, 0.7071067811865472397),
 ( 1.000000000000000000, 1.000000000000000000, 1.000000000000000000, 1.000000000000000000, 1.000000000000000000, 1.000000000000000000, 1.000000000000000000, 1.000000000000000000, 1.000000000000000000, 1.000000000000000000, 1.000000000000000000, 1.000000000000000000, 1.000000000000000000, 1.000000000000000000, 1.000000000000000000, 1.000000000000000000, 1.000000000000000000, 1.000000000000000000, 1.000000000000000000, 1.000000000000000000, 1.000000000000000000, 1.000000000000000000, 1.000000000000000000, 1.000000000000000000, 1.000000000000000000, 1.000000000000000000, 1.000000000000000000, 1.000000000000000000, 1.000000000000000000, 1.000000000000000000, 1.000000000000000000, 1.000000000000000000, 1.000000000000000000, 1.000000000000000000, 1.000000000000000000, 1.000000000000000000, 1.000000000000000000, 1.000000000000000000, 1.000000000000000000, 1.000000000000000000, 1.000000000000000000, 1.000000000000000000, 1.000000000000000000, 1.000000000000000000, 1.000000000000000000, 1.000000000000000000, 1.000000000000000000, 1.000000000000000000, 1.000000000000000000, 1.000000000000000000, 1.000000000000000000, 1.000000000000000000, 1.000000000000000000, 1.000000000000000000, 1.000000000000000000, 1.000000000000000000, 1.000000000000000000, 1.000000000000000000, 1.000000000000000000, 1.000000000000000000, 1.000000000000000000, 1.000000000000000000, 1.000000000000000000, 1.000000000000000000, 1.000000000000000000, 1.000000000000000000) ) ) 
 REPRESENTATION_ITEM ( '' )  SURFACE ( )  );
#162 = DIRECTION ( 'NONE',  ( 0.7002271275140117268, 0.7139201425183884231, -0.000000000000000000 ) ) ;
#163 = AXIS2_PLACEMENT_3D ( 'NONE', #2792, #2464, #3625 ) ;
#164 = ORIENTED_EDGE ( 'NONE', *, *, #880, .F. ) ;
#165 = LINE ( 'NONE', #3486, #3651 ) ;
#166 = CARTESIAN_POINT ( 'NONE',  ( 39.00000000000000000, -0.3676391841763019253, -4.512880845167488886 ) ) ;
#167 = DIRECTION ( 'NONE',  ( -0.000000000000000000, 0.000000000000000000, 1.000000000000000000 ) ) ;
#168 = CARTESIAN_POINT ( 'NONE',  ( 2.526364092029745656, -38.60000000000000853, 6.938893903907228378E-15 ) ) ;
#169 = VERTEX_POINT ( 'NONE', #4500 ) ;
#170 = CARTESIAN_POINT ( 'NONE',  ( 17.86664138135865088, -35.75224795644054865, -1.999999999999960476 ) ) ;
#171 = VERTEX_POINT ( 'NONE', #784 ) ;
#172 = FACE_OUTER_BOUND ( 'NONE', #1427, .T. ) ;
#173 = CARTESIAN_POINT ( 'NONE',  ( 9.561725700162343244, 40.00000000000000000, -19.44663881165079289 ) ) ;
#174 = PLANE ( 'NONE',  #4496 ) ;
#175 = EDGE_CURVE ( 'NONE', #4974, #5141, #1468, .T. ) ;
#176 = CARTESIAN_POINT ( 'NONE',  ( 23.56629667420486740, -35.50514093891021616, 2.602085213965211036E-15 ) ) ;
#177 = VECTOR ( 'NONE', #2392, 1000.000000000000000 ) ;
#178 = CARTESIAN_POINT ( 'NONE',  ( -39.00000000000001421, 16.39027258162647271, -1.779606137407011694E-09 ) ) ;
#179 = ORIENTED_EDGE ( 'NONE', *, *, #3965, .F. ) ;
#180 = CARTESIAN_POINT ( 'NONE',  ( 35.79999999999997584, 35.79999999999999716, -4.000000000000000000 ) ) ;
#181 = AXIS2_PLACEMENT_3D ( 'NONE', #1393, #1765, #3005 ) ;
#182 = DIRECTION ( 'NONE',  ( -0.000000000000000000, -0.000000000000000000, 1.000000000000000000 ) ) ;
#183 = VERTEX_POINT ( 'NONE', #1256 ) ;
#184 = CIRCLE ( 'NONE', #1323, 2.250000000000001776 ) ;
#185 = CARTESIAN_POINT ( 'NONE',  ( -38.60000000000000853, -40.00000000000000000, 2.602085213965210642E-15 ) ) ;
#186 = CARTESIAN_POINT ( 'NONE',  ( -39.00000000000000711, -9.904088655491358750, -1.527973897973153861 ) ) ;
#187 = ORIENTED_EDGE ( 'NONE', *, *, #2361, .T. ) ;
#188 = CARTESIAN_POINT ( 'NONE',  ( -18.19064434625663296, 37.45178353406635097, -0.2311821082054392185 ) ) ;
#189 = VERTEX_POINT ( 'NONE', #4559 ) ;
#190 = CARTESIAN_POINT ( 'NONE',  ( 12.43752441299522538, 36.62854763707733241, -7.999999999999996447 ) ) ;
#191 = DIRECTION ( 'NONE',  ( 1.000000000000000000, 0.000000000000000000, 0.000000000000000000 ) ) ;
#192 = CARTESIAN_POINT ( 'NONE',  ( 3.006303735123506460, -18.35652848041188179, 0.000000000000000000 ) ) ;
#193 = CARTESIAN_POINT ( 'NONE',  ( -30.69115434757427252, 23.54560596668667571, 3.469446951953614189E-15 ) ) ;
#194 = ORIENTED_EDGE ( 'NONE', *, *, #741, .T. ) ;
#195 = VECTOR ( 'NONE', #1438, 1000.000000000000000 ) ;
#196 = CARTESIAN_POINT ( 'NONE',  ( -21.34901871903792170, 36.96962611826761957, 3.469446951953614189E-15 ) ) ;
#197 = EDGE_LOOP ( 'NONE', ( #3303, #4312, #2409, #850 ) ) ;
#198 = DIRECTION ( 'NONE',  ( 0.000000000000000000, 0.000000000000000000, -1.000000000000000000 ) ) ;
#199 = FACE_OUTER_BOUND ( 'NONE', #1985, .T. ) ;
#200 = EDGE_CURVE ( 'NONE', #2030, #2418, #3501, .T. ) ;
#201 = CARTESIAN_POINT ( 'NONE',  ( 12.12253102154273954, -40.00000000000000000, -20.12891923398263927 ) ) ;
#202 = CARTESIAN_POINT ( 'NONE',  ( -39.99999999999996447, 7.682772394080440215, -8.737810347550029277 ) ) ;
#203 = CARTESIAN_POINT ( 'NONE',  ( -37.03043021838602300, 21.08920218257977552, 2.602085213965211036E-15 ) ) ;
#204 = ORIENTED_EDGE ( 'NONE', *, *, #5233, .F. ) ;
#205 = VECTOR ( 'NONE', #4014, 1000.000000000000000 ) ;
#206 = DIRECTION ( 'NONE',  ( 1.000000000000000000, 0.000000000000000000, 0.000000000000000000 ) ) ;
#207 = ADVANCED_FACE ( 'NONE', ( #1673 ), #2939, .F. ) ;
#208 = EDGE_CURVE ( 'NONE', #5021, #2272, #2809, .T. ) ;
#209 = CARTESIAN_POINT ( 'NONE',  ( 29.11155155398266103, 29.81865833516919295, -5.909362081813779533 ) ) ;
#210 = DIRECTION ( 'NONE',  ( -1.000000000000000000, 0.000000000000000000, 0.000000000000000000 ) ) ;
#211 = CARTESIAN_POINT ( 'NONE',  ( 38.99999999999998579, -39.00000000000000000, -55.15432893255070468 ) ) ;
#212 = CARTESIAN_POINT ( 'NONE',  ( -38.99999999999997868, -2.561306167606719697, -4.190165839222040667 ) ) ;
#213 = ORIENTED_EDGE ( 'NONE', *, *, #4130, .T. ) ;
#214 = CARTESIAN_POINT ( 'NONE',  ( -34.85455912843476511, -19.82695510480617784, -1.744075051015894440 ) ) ;
#215 = ORIENTED_EDGE ( 'NONE', *, *, #3875, .T. ) ;
#216 = CARTESIAN_POINT ( 'NONE',  ( 38.60000000000000853, 4.727136644708785238E-15, -7.999999999999996447 ) ) ;
#217 = EDGE_CURVE ( 'NONE', #5087, #827, #105, .T. ) ;
#218 = DIRECTION ( 'NONE',  ( 1.000000000000000000, 0.000000000000000000, 0.000000000000000000 ) ) ;
#219 = DIRECTION ( 'NONE',  ( -1.000000000000000000, 0.000000000000000000, 0.000000000000000000 ) ) ;
#220 = CARTESIAN_POINT ( 'NONE',  ( 19.34441602241698988, -33.49829972217253982, -2.414876874909119709E-12 ) ) ;
#221 = VERTEX_POINT ( 'NONE', #896 ) ;
#222 = FACE_OUTER_BOUND ( 'NONE', #2114, .T. ) ;
#223 = VECTOR ( 'NONE', #1881, 1000.000000000000000 ) ;
#224 = CYLINDRICAL_SURFACE ( 'NONE', #3262, 2.250000000000001776 ) ;
#225 = CARTESIAN_POINT ( 'NONE',  ( 39.00000000000001421, 5.107698286899982953, -21.72638054323952161 ) ) ;
#226 = DIRECTION ( 'NONE',  ( 0.000000000000000000, -0.000000000000000000, -1.000000000000000000 ) ) ;
#227 = LINE ( 'NONE', #2242, #3103 ) ;
#228 = B_SPLINE_CURVE_WITH_KNOTS ( 'NONE', 3,
 ( #3720, #4200, #4146, #5354, #3748, #895, #2110, #5034, #1254, #2553 ),
 .UNSPECIFIED., .F., .F.,
 ( 4, 2, 2, 2, 4 ),
 ( 0.05862305298294187561, 0.06302115005674578663, 0.06522019859364774907, 0.06741924713054971152, 0.07621544127815754743 ),
 .UNSPECIFIED. ) ;
#229 = DIRECTION ( 'NONE',  ( 1.000000000000000000, 0.000000000000000000, 0.000000000000000000 ) ) ;
#230 = VERTEX_POINT ( 'NONE', #1777 ) ;
#231 = LINE ( 'NONE', #2664, #470 ) ;
#232 = LINE ( 'NONE', #3553, #3121 ) ;
#233 = FACE_OUTER_BOUND ( 'NONE', #1289, .T. ) ;
#234 = EDGE_CURVE ( 'NONE', #1206, #2589, #921, .T. ) ;
#235 = FACE_OUTER_BOUND ( 'NONE', #709, .T. ) ;
#236 = PERSON_AND_ORGANIZATION ( #1455, #1050 ) ;
#237 = ORIENTED_EDGE ( 'NONE', *, *, #1379, .F. ) ;
#238 = CARTESIAN_POINT ( 'NONE',  ( -36.26063752814702923, -21.26052951526711965, -0.07553744719705744737 ) ) ;
#239 = AXIS2_PLACEMENT_3D ( 'NONE', #3732, #2480, #4131 ) ;
#240 = CIRCLE ( 'NONE', #3297, 42.60000000000000142 ) ;
#241 = ORIENTED_EDGE ( 'NONE', *, *, #3404, .T. ) ;
#242 = EDGE_CURVE ( 'NONE', #3864, #3709, #2799, .T. ) ;
#243 = LINE ( 'NONE', #3889, #615 ) ;
#244 = AXIS2_PLACEMENT_3D ( 'NONE', #1093, #5230, #3647 ) ;
#245 = VECTOR ( 'NONE', #4007, 1000.000000000000000 ) ;
#246 = B_SPLINE_CURVE_WITH_KNOTS ( 'NONE', 3,
 ( #3398, #2584, #981, #4231, #2949, #100, #5067, #4185, #952, #1783, #3452, #462, #2119, #1464, #1439, #4724, #3580, #1918 ),
 .UNSPECIFIED., .F., .F.,
 ( 4, 2, 2, 2, 2, 2, 2, 2, 4 ),
 ( 1.734723475976807094E-18, 0.0007287358697538038037, 0.001457471739507605873, 0.002186207609261408159, 0.002914943479015208276, 0.004372415218522802439, 0.005829886958030396603, 0.008744830437045584062, 0.01165977391606077065 ),
 .UNSPECIFIED. ) ;
#247 = CARTESIAN_POINT ( 'NONE',  ( 38.99999999999997158, -14.19089521032057633, -0.2921848052103145355 ) ) ;
#248 = CARTESIAN_POINT ( 'NONE',  ( -29.08664623687418072, -31.14426960323995885, 2.602085213965210642E-15 ) ) ;
#249 = CARTESIAN_POINT ( 'NONE',  ( -33.49829972217806784, 19.34441602242386438, -7.999999999999996447 ) ) ;
#250 = ORIENTED_EDGE ( 'NONE', *, *, #3290, .F. ) ;
#251 = EDGE_CURVE ( 'NONE', #88, #3393, #2632, .T. ) ;
#252 = CARTESIAN_POINT ( 'NONE',  ( 42.60000000000001563, -2.788163479804876665, 3.469446951953614189E-15 ) ) ;
#253 = CARTESIAN_POINT ( 'NONE',  ( -22.51252100524309796, 34.80812422002917828, -10.49999999999999645 ) ) ;
#254 = CARTESIAN_POINT ( 'NONE',  ( -36.19812535941412790, -16.91247075436168856, -2.000000000000000000 ) ) ;
#255 = CARTESIAN_POINT ( 'NONE',  ( 35.80000000000001847, 35.79999999999999716, -21.00000000000000000 ) ) ;
#256 = CARTESIAN_POINT ( 'NONE',  ( -39.99999999999998579, 16.05023364315926671, -4.000000000000000000 ) ) ;
#257 = CARTESIAN_POINT ( 'NONE',  ( -38.99999994343080090, 17.14000392953518670, 3.035766082959412415E-15 ) ) ;
#258 = VERTEX_POINT ( 'NONE', #1721 ) ;
#259 = CARTESIAN_POINT ( 'NONE',  ( -30.47422735383614167, 29.76712057265038069, -21.00000000000000355 ) ) ;
#260 = CYLINDRICAL_SURFACE ( 'NONE', #1556, 4.200000000000009059 ) ;
#261 = DIRECTION ( 'NONE',  ( 0.000000000000000000, 0.000000000000000000, -1.000000000000000000 ) ) ;
#262 = DIRECTION ( 'NONE',  ( 0.000000000000000000, 0.000000000000000000, -1.000000000000000000 ) ) ;
#263 = PERSON_AND_ORGANIZATION_ROLE ( 'classification_officer' ) ;
#264 = ORIENTED_EDGE ( 'NONE', *, *, #4921, .F. ) ;
#265 = AXIS2_PLACEMENT_3D ( 'NONE', #411, #2096, #76 ) ;
#266 = DIRECTION ( 'NONE',  ( 0.7002271275140118378, 0.7139201425183883121, 0.000000000000000000 ) ) ;
#267 = EDGE_CURVE ( 'NONE', #828, #131, #2112, .T. ) ;
#268 = AXIS2_PLACEMENT_3D ( 'NONE', #1016, #629, #3515 ) ;
#269 = EDGE_LOOP ( 'NONE', ( #465, #1035, #4694, #2397 ) ) ;
#270 = LINE ( 'NONE', #1150, #5199 ) ;
#271 = CARTESIAN_POINT ( 'NONE',  ( 38.99999999999999289, -7.827613161358935479, -2.328253536710451321 ) ) ;
#272 = ADVANCED_FACE ( 'NONE', ( #562 ), #1991, .F. ) ;
#273 = B_SPLINE_CURVE_WITH_KNOTS ( 'NONE', 3,
 ( #2822, #422, #1272, #3715 ),
 .UNSPECIFIED., .F., .F.,
 ( 4, 4 ),
 ( 0.8744108413015708736, 0.9276359641811169343 ),
 .UNSPECIFIED. ) ;
#274 = CARTESIAN_POINT ( 'NONE',  ( 0.000000000000000000, 0.000000000000000000, -10.49999999999999467 ) ) ;
#275 = CARTESIAN_POINT ( 'NONE',  ( -5.052665715418355852, 38.35118100780920969, -7.999999999999996447 ) ) ;
#276 = VERTEX_POINT ( 'NONE', #1304 ) ;
#277 = CARTESIAN_POINT ( 'NONE',  ( -38.29028411453899139, -18.87824139104307264, 3.469446951953614189E-15 ) ) ;
#278 = DIRECTION ( 'NONE',  ( 0.000000000000000000, 1.000000000000000000, 0.000000000000000000 ) ) ;
#279 = CARTESIAN_POINT ( 'NONE',  ( 32.71715728752540286, 32.01005050633882121, -22.00000000000000000 ) ) ;
#280 = CIRCLE ( 'NONE', #1418, 43.10000000000000853 ) ;
#281 = CARTESIAN_POINT ( 'NONE',  ( -28.35280479012999422, 29.05991157131732905, -9.901133055671079930 ) ) ;
#282 = CARTESIAN_POINT ( 'NONE',  ( -39.99999999999998579, 7.531576715440606584, -8.924919722730257021 ) ) ;
#283 = DIRECTION ( 'NONE',  ( -1.000000000000000000, 0.000000000000000000, 0.000000000000000000 ) ) ;
#284 = ORIENTED_EDGE ( 'NONE', *, *, #234, .T. ) ;
#285 = CARTESIAN_POINT ( 'NONE',  ( -39.99999999999998579, -6.954135460285585602, -10.49999999999999467 ) ) ;
#286 = CONICAL_SURFACE ( 'NONE', #2638, 42.60000000000000142, 0.7853981633974466137 ) ;
#287 = CARTESIAN_POINT ( 'NONE',  ( 0.000000000000000000, 0.000000000000000000, -19.99999999999999645 ) ) ;
#288 = ORIENTED_EDGE ( 'NONE', *, *, #3536, .F. ) ;
#289 = CARTESIAN_POINT ( 'NONE',  ( 28.63782463805438638, -27.93071785686866804, -22.00000000000000000 ) ) ;
#290 = CARTESIAN_POINT ( 'NONE',  ( 18.33405147082424946, -38.45925868526187941, 2.602085213965210642E-15 ) ) ;
#291 = ORIENTED_EDGE ( 'NONE', *, *, #3563, .F. ) ;
#292 = CARTESIAN_POINT ( 'NONE',  ( 25.50791257241623455, 29.08073093518525809, -7.999999999999996447 ) ) ;
#293 = DIRECTION ( 'NONE',  ( 0.000000000000000000, 1.000000000000000000, 0.000000000000000000 ) ) ;
#294 = CIRCLE ( 'NONE', #3942, 42.60000000000000142 ) ;
#295 = ORIENTED_EDGE ( 'NONE', *, *, #377, .F. ) ;
#296 = CARTESIAN_POINT ( 'NONE',  ( 13.00000000000000178, 1.592040838891559293E-15, -19.99999999999999645 ) ) ;
#297 = DIRECTION ( 'NONE',  ( 0.000000000000000000, 0.000000000000000000, -1.000000000000000000 ) ) ;
#298 = CARTESIAN_POINT ( 'NONE',  ( -33.55000000000001847, 35.79999999999999716, -21.00000000000000000 ) ) ;
#299 = CARTESIAN_POINT ( 'NONE',  ( -30.69115434757620164, -23.54560596669279349, -7.999999999999996447 ) ) ;
#300 = ORIENTED_EDGE ( 'NONE', *, *, #2947, .F. ) ;
#301 = CARTESIAN_POINT ( 'NONE',  ( 12.43752441299486833, -36.62854763706669559, 3.469446951953614189E-15 ) ) ;
#302 = DIRECTION ( 'NONE',  ( 0.7002271275140117268, 0.7139201425183884231, 0.000000000000000000 ) ) ;
#303 = DIRECTION ( 'NONE',  ( -1.000000000000000000, 0.000000000000000000, -0.000000000000000000 ) ) ;
#304 = CARTESIAN_POINT ( 'NONE',  ( -28.91337586136056714, 29.62048264254792684, -6.435463849812581572 ) ) ;
#305 = CARTESIAN_POINT ( 'NONE',  ( 5.830230070637641759, 39.00000000000000000, -21.82684724678453492 ) ) ;
#306 = EDGE_CURVE ( 'NONE', #4893, #372, #3072, .T. ) ;
#307 = LINE ( 'NONE', #1642, #2246 ) ;
#308 = EDGE_CURVE ( 'NONE', #1969, #4445, #461, .T. ) ;
#309 = AXIS2_PLACEMENT_3D ( 'NONE', #4661, #3044, #944 ) ;
#310 = ORIENTED_EDGE ( 'NONE', *, *, #4877, .F. ) ;
#311 = DIRECTION ( 'NONE',  ( 0.7071067811865470176, -0.7071067811865481278, 0.000000000000000000 ) ) ;
#312 = CARTESIAN_POINT ( 'NONE',  ( 35.80000000000001847, 35.79999999999999716, -25.00000000000000000 ) ) ;
#313 = ORIENTED_EDGE ( 'NONE', *, *, #2948, .F. ) ;
#314 = CARTESIAN_POINT ( 'NONE',  ( 35.80000000000001137, -40.00000000000001421, -21.00000000000000000 ) ) ;
#315 = FACE_OUTER_BOUND ( 'NONE', #1469, .T. ) ;
#316 = VERTEX_POINT ( 'NONE', #1000 ) ;
#317 = CARTESIAN_POINT ( 'NONE',  ( 30.69115434744802329, 23.54560596688462937, -7.999999999999996447 ) ) ;
#318 = DIRECTION ( 'NONE',  ( 0.7139201425183883121, -0.7002271275140118378, 0.000000000000000000 ) ) ;
#319 = ORIENTED_EDGE ( 'NONE', *, *, #3125, .T. ) ;
#320 = EDGE_CURVE ( 'NONE', #3950, #2725, #2134, .T. ) ;
#321 = CARTESIAN_POINT ( 'NONE',  ( 14.65469208137788826, 40.00000000000000711, -21.00000000000000000 ) ) ;
#322 = VERTEX_POINT ( 'NONE', #3417 ) ;
#323 = PLANE ( 'NONE',  #4175 ) ;
#324 = VERTEX_POINT ( 'NONE', #5060 ) ;
#325 = AXIS2_PLACEMENT_3D ( 'NONE', #2356, #4391, #4416 ) ;
#326 = CARTESIAN_POINT ( 'NONE',  ( 33.54999999999997584, 35.79999999999999716, -4.000000000000000000 ) ) ;
#327 = CARTESIAN_POINT ( 'NONE',  ( -36.67120930406264279, -21.67913016185186237, 3.035766082959412415E-15 ) ) ;
#328 = CARTESIAN_POINT ( 'NONE',  ( 23.54560596668835615, -30.69115434757916461, -7.999999999999996447 ) ) ;
#329 = ORIENTED_EDGE ( 'NONE', *, *, #3606, .T. ) ;
#330 = CIRCLE ( 'NONE', #3472, 2.250000000000001776 ) ;
#331 = CARTESIAN_POINT ( 'NONE',  ( -19.34441602240728741, 33.49829972219192342, -2.414876874909121728E-12 ) ) ;
#332 = AXIS2_PLACEMENT_3D ( 'NONE', #3174, #1989, #2787 ) ;
#333 = CARTESIAN_POINT ( 'NONE',  ( -39.00000000000002132, 17.13942822850279057, -25.00000000000000000 ) ) ;
#334 = DIRECTION ( 'NONE',  ( -1.000000000000000000, 0.000000000000000000, 0.000000000000000000 ) ) ;
#335 = DIRECTION ( 'NONE',  ( -0.7139201425183884231, 0.7002271275140117268, 0.000000000000000000 ) ) ;
#336 = CARTESIAN_POINT ( 'NONE',  ( 32.71715728752540286, 32.01005050633881410, -21.00000000000000000 ) ) ;
#337 = DIRECTION ( 'NONE',  ( 1.000000000000000000, 0.000000000000000000, 0.000000000000000000 ) ) ;
#338 = ORIENTED_EDGE ( 'NONE', *, *, #3774, .T. ) ;
#339 = FACE_BOUND ( 'NONE', #3575, .T. ) ;
#340 = EDGE_CURVE ( 'NONE', #4900, #4526, #1380, .T. ) ;
#341 = EDGE_CURVE ( 'NONE', #2341, #183, #2579, .T. ) ;
#342 = CARTESIAN_POINT ( 'NONE',  ( -7.828742512288967781, -39.00000000000000711, -2.327809285303197306 ) ) ;
#343 = VECTOR ( 'NONE', #1402, 1000.000000000000000 ) ;
#344 = B_SPLINE_CURVE_WITH_KNOTS ( 'NONE', 3,
 ( #3339, #5346, #13, #2403, #4091, #305, #3230, #5292, #805, #4980, #4435, #2462, #2879, #366, #834, #2020, #3259, #3687 ),
 .UNSPECIFIED., .F., .F.,
 ( 4, 2, 2, 2, 2, 2, 2, 2, 4 ),
 ( 0.04104753412443287036, 0.04983951091286408647, 0.05203750510997189049, 0.05423549930707970146, 0.05863148770129530951, 0.06302747609551093144, 0.06522547029261872853, 0.06742346448972653949, 0.07621544127815775560 ),
 .UNSPECIFIED. ) ;
#345 = VERTEX_POINT ( 'NONE', #4689 ) ;
#346 = CARTESIAN_POINT ( 'NONE',  ( 34.69495227270500237, -17.10563656580462677, -7.999999999999996447 ) ) ;
#347 = CARTESIAN_POINT ( 'NONE',  ( 9.994881995258234397, -9.803179785194307883, -2.000000000000000000 ) ) ;
#348 = APPROVAL_DATE_TIME ( #3581, #1983 ) ;
#349 = VERTEX_POINT ( 'NONE', #2602 ) ;
#350 = CARTESIAN_POINT ( 'NONE',  ( -32.43431457505158733, -32.29289321881267227, -21.00000000000000000 ) ) ;
#351 = ORIENTED_EDGE ( 'NONE', *, *, #3659, .F. ) ;
#352 =( GEOMETRIC_REPRESENTATION_CONTEXT ( 3 ) GLOBAL_UNCERTAINTY_ASSIGNED_CONTEXT ( ( #1941 ) ) GLOBAL_UNIT_ASSIGNED_CONTEXT ( ( #3133, #4340, #4725 ) ) REPRESENTATION_CONTEXT ( 'NONE', 'WORKASPACE' ) );
#353 = DIRECTION ( 'NONE',  ( 1.000000000000000000, 0.000000000000000000, 0.000000000000000000 ) ) ;
#354 = CARTESIAN_POINT ( 'NONE',  ( 28.35280479013039567, 29.05991157131691693, 0.000000000000000000 ) ) ;
#355 = ORIENTED_EDGE ( 'NONE', *, *, #2539, .F. ) ;
#356 = LINE ( 'NONE', #3357, #1829 ) ;
#357 = AXIS2_PLACEMENT_3D ( 'NONE', #3588, #4399, #2754 ) ;
#358 = CARTESIAN_POINT ( 'NONE',  ( 0.000000000000000000, 0.000000000000000000, -21.00000000000000355 ) ) ;
#359 = CARTESIAN_POINT ( 'NONE',  ( 29.08073093502100548, 25.50791257258048361, -7.999999999999996447 ) ) ;
#360 = ORIENTED_EDGE ( 'NONE', *, *, #3613, .T. ) ;
#361 = VECTOR ( 'NONE', #4778, 1000.000000000000000 ) ;
#362 = CARTESIAN_POINT ( 'NONE',  ( -30.69115434757427252, 23.54560596668667571, 3.469446951953614189E-15 ) ) ;
#363 = FACE_OUTER_BOUND ( 'NONE', #5192, .T. ) ;
#364 = FACE_OUTER_BOUND ( 'NONE', #1360, .T. ) ;
#365 = DIRECTION ( 'NONE',  ( 0.000000000000000000, 0.000000000000000000, -1.000000000000000000 ) ) ;
#366 = CARTESIAN_POINT ( 'NONE',  ( -7.332121517394538657, 39.00000000000000711, -22.07673107339851626 ) ) ;
#367 = CARTESIAN_POINT ( 'NONE',  ( -36.42727467651258877, -17.14610111041734442, -1.496574108677243276 ) ) ;
#368 = ORIENTED_EDGE ( 'NONE', *, *, #1750, .T. ) ;
#369 = DIRECTION ( 'NONE',  ( -0.7071067811865474617, -0.7071067811865474617, 0.000000000000000000 ) ) ;
#370 = EDGE_CURVE ( 'NONE', #3273, #5043, #4251, .T. ) ;
#371 = CARTESIAN_POINT ( 'NONE',  ( -35.79999999999998295, 40.00000000000000711, -4.000000000000000000 ) ) ;
#372 = VERTEX_POINT ( 'NONE', #1432 ) ;
#373 = DIRECTION ( 'NONE',  ( -0.000000000000000000, 0.000000000000000000, 1.000000000000000000 ) ) ;
#374 = DIRECTION ( 'NONE',  ( 0.000000000000000000, 0.000000000000000000, 1.000000000000000000 ) ) ;
#375 = EDGE_LOOP ( 'NONE', ( #1193, #2900, #2975, #5334, #4371, #4362, #3753, #1510, #3641, #2298, #437, #2952, #3926, #1844, #3358, #1299, #2670, #4310, #4188, #2069, #2049 ) ) ;
#376 = EDGE_CURVE ( 'NONE', #1779, #4118, #2296, .T. ) ;
#377 = EDGE_CURVE ( 'NONE', #2608, #4593, #227, .T. ) ;
#378 = AXIS2_PLACEMENT_3D ( 'NONE', #5332, #3352, #4079 ) ;
#379 = DIRECTION ( 'NONE',  ( -0.000000000000000000, -0.000000000000000000, 1.000000000000000000 ) ) ;
#380 = CARTESIAN_POINT ( 'NONE',  ( 15.14449152578673718, -40.00000000000000000, -4.346382426592493964 ) ) ;
#381 = VERTEX_POINT ( 'NONE', #1909 ) ;
#382 = CARTESIAN_POINT ( 'NONE',  ( 28.35280479013039923, 29.05991157131692404, -19.00000000000000355 ) ) ;
#383 = CARTESIAN_POINT ( 'NONE',  ( -32.71715728752620578, -32.57573593128729073, -21.00000000000000000 ) ) ;
#384 = ORIENTED_EDGE ( 'NONE', *, *, #320, .F. ) ;
#385 = AXIS2_PLACEMENT_3D ( 'NONE', #3880, #2273, #5165 ) ;
#386 = CARTESIAN_POINT ( 'NONE',  ( 40.00000000000002132, -6.954135460285446158, -10.25372598931163104 ) ) ;
#387 = CARTESIAN_POINT ( 'NONE',  ( 40.00000000000001421, -6.954135460285430170, -10.49999999999999467 ) ) ;
#388 = CARTESIAN_POINT ( 'NONE',  ( 38.35118100780851336, 5.052665715421846393, -7.999999999999996447 ) ) ;
#389 = VERTEX_POINT ( 'NONE', #662 ) ;
#390 = AXIS2_PLACEMENT_3D ( 'NONE', #1348, #3011, #4656 ) ;
#391 = CARTESIAN_POINT ( 'NONE',  ( 38.35118100781439665, -5.052665715420534553, 6.938893903907228378E-15 ) ) ;
#392 = EDGE_CURVE ( 'NONE', #2170, #4122, #4389, .T. ) ;
#393 = CARTESIAN_POINT ( 'NONE',  ( -8.185483331929674478, -40.00000000000001421, -8.214349824054279381 ) ) ;
#394 = B_SPLINE_CURVE_WITH_KNOTS ( 'NONE', 3,
 ( #4182, #460, #2994, #4228, #4205, #3420, #509, #4588, #5014, #2972, #4664, #49 ),
 .UNSPECIFIED., .F., .F.,
 ( 4, 2, 2, 2, 2, 4 ),
 ( 0.000000000000000000, 0.0004427360371136200633, 0.0008854720742272401265, 0.001770944148454486541, 0.002656416222681733282, 0.003541888296908979588 ),
 .UNSPECIFIED. ) ;
#395 = CARTESIAN_POINT ( 'NONE',  ( 29.05991157131652969, -28.35280479013081134, -10.49999999999999467 ) ) ;
#396 = CARTESIAN_POINT ( 'NONE',  ( 33.87158484991891783, 25.98556513422255065, 3.469446951953614189E-15 ) ) ;
#397 = CARTESIAN_POINT ( 'NONE',  ( -18.35652848041245022, -3.006303735121701237, -2.000000000000000000 ) ) ;
#398 = EDGE_CURVE ( 'NONE', #4445, #545, #3126, .T. ) ;
#399 = CARTESIAN_POINT ( 'NONE',  ( 0.000000000000000000, 0.000000000000000000, -3.000000000000000000 ) ) ;
#400 = EDGE_LOOP ( 'NONE', ( #748, #878 ) ) ;
#401 = CARTESIAN_POINT ( 'NONE',  ( 15.98866535842956793, 40.99908904983088576, -3.999999999999995115 ) ) ;
#402 = CARTESIAN_POINT ( 'NONE',  ( 0.000000000000000000, 0.000000000000000000, -21.00000000000000355 ) ) ;
#403 = EDGE_LOOP ( 'NONE', ( #2526, #3601, #1950, #2167 ) ) ;
#404 = CARTESIAN_POINT ( 'NONE',  ( -29.80828730054896525, -29.10118051936081329, -5.902511555014665845 ) ) ;
#405 = CARTESIAN_POINT ( 'NONE',  ( 42.48942759369030853, 7.229007038352434300, -3.999999999999994671 ) ) ;
#406 = VERTEX_POINT ( 'NONE', #614 ) ;
#407 = CARTESIAN_POINT ( 'NONE',  ( 13.00000000000000178, 1.653273178848927064E-15, -20.99999999999999645 ) ) ;
#408 = FACE_OUTER_BOUND ( 'NONE', #617, .T. ) ;
#409 = ORIENTED_EDGE ( 'NONE', *, *, #2684, .T. ) ;
#410 = CARTESIAN_POINT ( 'NONE',  ( 40.99908904983087155, -15.98866535842971537, -3.999999999999996003 ) ) ;
#411 = CARTESIAN_POINT ( 'NONE',  ( 0.000000000000000000, 0.000000000000000000, -19.99999999999999645 ) ) ;
#412 = ORIENTED_EDGE ( 'NONE', *, *, #3111, .F. ) ;
#413 = CARTESIAN_POINT ( 'NONE',  ( 39.99999999999997158, -8.009302868940167741, -8.382744098909970631 ) ) ;
#414 = EDGE_CURVE ( 'NONE', #1684, #5198, #873, .T. ) ;
#415 = ORIENTED_EDGE ( 'NONE', *, *, #2276, .F. ) ;
#416 = ORIENTED_EDGE ( 'NONE', *, *, #2674, .T. ) ;
#417 = CARTESIAN_POINT ( 'NONE',  ( 40.42425205543231215, 13.72638704646263541, 3.469446951953614189E-15 ) ) ;
#418 = CARTESIAN_POINT ( 'NONE',  ( -7.266957941505588714, -40.00000000000001421, -9.329108063531982964 ) ) ;
#419 = CARTESIAN_POINT ( 'NONE',  ( -38.60000000000001563, 0.000000000000000000, -6.164674129035559780 ) ) ;
#420 = CARTESIAN_POINT ( 'NONE',  ( 25.98556513422255776, -33.87158484991891783, 3.469446951953614189E-15 ) ) ;
#421 = EDGE_CURVE ( 'NONE', #4880, #1656, #3362, .T. ) ;
#422 = CARTESIAN_POINT ( 'NONE',  ( -18.33405147083696107, 38.45925868526807534, 2.602085213965210642E-15 ) ) ;
#423 = VECTOR ( 'NONE', #3516, 1000.000000000000000 ) ;
#424 = ORIENTED_EDGE ( 'NONE', *, *, #3224, .T. ) ;
#425 = CIRCLE ( 'NONE', #678, 40.60000000000000142 ) ;
#426 = CARTESIAN_POINT ( 'NONE',  ( 38.16791124357713016, 18.92077598718396203, 3.035766082959412415E-15 ) ) ;
#427 = AXIS2_PLACEMENT_3D ( 'NONE', #5347, #3599, #2047 ) ;
#428 = CARTESIAN_POINT ( 'NONE',  ( -32.29289321881345387, 32.43431457505156601, -22.00000000000000000 ) ) ;
#429 = ORIENTED_EDGE ( 'NONE', *, *, #2489, .T. ) ;
#430 = B_SPLINE_CURVE_WITH_KNOTS ( 'NONE', 3,
 ( #5084, #1776, #4740, #2295, #1452, #2241, #3124, #4277, #145, #3071, #5137, #3929, #561, #118 ),
 .UNSPECIFIED., .F., .F.,
 ( 4, 2, 2, 2, 2, 2, 4 ),
 ( 0.000000000000000000, 0.0008952823321015042400, 0.001790564664203008480, 0.002238205830253765967, 0.002685846996304523671, 0.003133488162355281374, 0.003581129328406039078 ),
 .UNSPECIFIED. ) ;
#431 = LINE ( 'NONE', #5271, #3248 ) ;
#432 = CARTESIAN_POINT ( 'NONE',  ( -38.99999999999996447, 0.7360558563822570122, -4.491104763186638316 ) ) ;
#433 = ORIENTED_EDGE ( 'NONE', *, *, #4959, .T. ) ;
#434 = DIRECTION ( 'NONE',  ( -0.000000000000000000, -1.000000000000000000, -0.000000000000000000 ) ) ;
#435 = AXIS2_PLACEMENT_3D ( 'NONE', #3523, #4357, #638 ) ;
#436 = DIRECTION ( 'NONE',  ( -1.000000000000000000, 0.000000000000000000, 0.000000000000000000 ) ) ;
#437 = ORIENTED_EDGE ( 'NONE', *, *, #1181, .F. ) ;
#438 = CARTESIAN_POINT ( 'NONE',  ( 0.000000000000000000, 0.000000000000000000, -3.999999999999994671 ) ) ;
#439 = CARTESIAN_POINT ( 'NONE',  ( -39.00000000000002842, 5.835819448226422956, -21.82768076339493390 ) ) ;
#440 = ORIENTED_EDGE ( 'NONE', *, *, #1473, .F. ) ;
#441 = CARTESIAN_POINT ( 'NONE',  ( -29.81865833516881992, 29.11155155398301630, -5.909362081813783973 ) ) ;
#442 = EDGE_CURVE ( 'NONE', #2418, #2085, #3597, .T. ) ;
#443 = VERTEX_POINT ( 'NONE', #5162 ) ;
#444 = CARTESIAN_POINT ( 'NONE',  ( 12.43752441299868572, -36.62854763707590422, -7.999999999999996447 ) ) ;
#445 = EDGE_CURVE ( 'NONE', #3745, #482, #4767, .T. ) ;
#446 = EDGE_CURVE ( 'NONE', #606, #2513, #2490, .T. ) ;
#447 = AXIS2_PLACEMENT_3D ( 'NONE', #5252, #3305, #1117 ) ;
#448 = CARTESIAN_POINT ( 'NONE',  ( -15.14437890843649548, -39.99999999999999289, -4.346425494779682097 ) ) ;
#449 = DIRECTION ( 'NONE',  ( 1.000000000000000000, 0.000000000000000000, 0.000000000000000000 ) ) ;
#450 = CARTESIAN_POINT ( 'NONE',  ( -13.72638704646255903, 40.42425205543234767, 3.469446951953614189E-15 ) ) ;
#451 = CIRCLE ( 'NONE', #3918, 2.250000000000001776 ) ;
#452 = DIRECTION ( 'NONE',  ( 1.000000000000000000, 0.000000000000000000, 0.000000000000000000 ) ) ;
#453 = VERTEX_POINT ( 'NONE', #2740 ) ;
#454 = CARTESIAN_POINT ( 'NONE',  ( 40.00000000000002132, 0.000000000000000000, -4.000000000000000000 ) ) ;
#455 = CARTESIAN_POINT ( 'NONE',  ( -16.39036659119810935, -39.00000000000000711, -1.779375356127812995E-09 ) ) ;
#456 = ORIENTED_EDGE ( 'NONE', *, *, #414, .T. ) ;
#457 = CARTESIAN_POINT ( 'NONE',  ( -30.69115434744802329, -23.54560596688462937, -7.999999999999996447 ) ) ;
#458 = CARTESIAN_POINT ( 'NONE',  ( -33.00000000000082423, -32.29289321881267227, -4.000000000000000000 ) ) ;
#459 = ORIENTED_EDGE ( 'NONE', *, *, #3055, .F. ) ;
#460 = CARTESIAN_POINT ( 'NONE',  ( 21.57198014732045976, -36.56611453239816001, -3.469171666245755279E-14 ) ) ;
#461 = CIRCLE ( 'NONE', #3842, 42.60000000000000142 ) ;
#462 = CARTESIAN_POINT ( 'NONE',  ( 40.00000000000002132, 9.932335993178483591, -6.906026256953995635 ) ) ;
#463 = ORIENTED_EDGE ( 'NONE', *, *, #1337, .T. ) ;
#464 = CARTESIAN_POINT ( 'NONE',  ( -40.75262783848650372, -6.933513821201307437, -5.809228155108670855 ) ) ;
#465 = ORIENTED_EDGE ( 'NONE', *, *, #3708, .T. ) ;
#466 = CARTESIAN_POINT ( 'NONE',  ( 40.00000000000002132, -10.34590320833604338, -6.655966007017574348 ) ) ;
#467 = ORIENTED_EDGE ( 'NONE', *, *, #421, .F. ) ;
#468 = EDGE_CURVE ( 'NONE', #827, #4270, #4383, .T. ) ;
#469 = CARTESIAN_POINT ( 'NONE',  ( 12.43752441299483102, 36.62854763707638739, 3.469446951953614189E-15 ) ) ;
#470 = VECTOR ( 'NONE', #2219, 1000.000000000000000 ) ;
#471 = CARTESIAN_POINT ( 'NONE',  ( -39.99999999999997868, -7.265510861814726162, -9.331456483968509019 ) ) ;
#472 = CARTESIAN_POINT ( 'NONE',  ( -20.21086261887747426, 35.23110328204427333, -1.039692611416402235 ) ) ;
#473 = CARTESIAN_POINT ( 'NONE',  ( -42.32539665628529235, 5.576258017536757094, 3.469446951953614189E-15 ) ) ;
#474 = CIRCLE ( 'NONE', #2033, 0.3999999999999975797 ) ;
#475 = CARTESIAN_POINT ( 'NONE',  ( -39.00000000000002132, 8.415452016572505407E-20, -21.40000000000003411 ) ) ;
#476 = ORIENTED_EDGE ( 'NONE', *, *, #2361, .F. ) ;
#477 = DIRECTION ( 'NONE',  ( 1.000000000000000000, 0.000000000000000000, 0.000000000000000000 ) ) ;
#478 = FACE_OUTER_BOUND ( 'NONE', #1107, .T. ) ;
#479 = EDGE_CURVE ( 'NONE', #189, #5348, #2433, .T. ) ;
#480 = DIRECTION ( 'NONE',  ( -0.000000000000000000, 0.000000000000000000, 1.000000000000000000 ) ) ;
#481 = DIRECTION ( 'NONE',  ( 1.000000000000000000, 0.000000000000000000, 0.000000000000000000 ) ) ;
#482 = VERTEX_POINT ( 'NONE', #1560 ) ;
#483 = CARTESIAN_POINT ( 'NONE',  ( 40.00000000000002132, -35.80000000000000426, -21.00000000000000000 ) ) ;
#484 = CARTESIAN_POINT ( 'NONE',  ( 0.000000000000000000, 0.000000000000000000, 0.000000000000000000 ) ) ;
#485 = CARTESIAN_POINT ( 'NONE',  ( 38.99999999999998579, 14.18885467969255387, -0.2925174398639069362 ) ) ;
#486 = EDGE_LOOP ( 'NONE', ( #3236, #1554 ) ) ;
#487 = CARTESIAN_POINT ( 'NONE',  ( -39.00000000000002842, 1.461986054307480520, -21.40000000000003411 ) ) ;
#488 = ORIENTED_EDGE ( 'NONE', *, *, #376, .T. ) ;
#489 = AXIS2_PLACEMENT_3D ( 'NONE', #718, #1641, #4464 ) ;
#490 = CARTESIAN_POINT ( 'NONE',  ( -39.32320844004123472, 15.33511195342513567, -5.809228155108671743 ) ) ;
#491 = EDGE_CURVE ( 'NONE', #5297, #4377, #273, .T. ) ;
#492 = ORIENTED_EDGE ( 'NONE', *, *, #3844, .F. ) ;
#493 = B_SPLINE_CURVE_WITH_KNOTS ( 'NONE', 3,
 ( #774, #5319, #2402, #2019, #304, #5263, #2375, #4009, #1612, #1506, #281, #2788 ),
 .UNSPECIFIED., .F., .F.,
 ( 4, 2, 2, 2, 2, 4 ),
 ( 0.000000000000000000, 0.001790017109510016156, 0.003580034219020032313, 0.004475042773775036488, 0.005370051328530040663, 0.007160068438040045544 ),
 .UNSPECIFIED. ) ;
#494 = CARTESIAN_POINT ( 'NONE',  ( 2.526364092029770969, 38.60000000000000853, 6.938893903907228378E-15 ) ) ;
#495 = CARTESIAN_POINT ( 'NONE',  ( -2.106985117663507712, 16.21476805285735523, -2.000000000000000000 ) ) ;
#496 = CARTESIAN_POINT ( 'NONE',  ( -33.54999999999998295, 35.79999999999999716, -4.000000000000000000 ) ) ;
#497 = CARTESIAN_POINT ( 'NONE',  ( 21.34901871904757442, 36.96962611826762668, 3.469446951953614189E-15 ) ) ;
#498 = DIRECTION ( 'NONE',  ( 1.000000000000000000, 0.000000000000000000, 0.000000000000000000 ) ) ;
#499 = EDGE_LOOP ( 'NONE', ( #3317, #4753, #4969, #2061, #4908, #204, #3093, #4744, #1643, #1499, #2666 ) ) ;
#500 = CARTESIAN_POINT ( 'NONE',  ( 23.89875998339884333, 36.95148162274014680, -3.999999999999995115 ) ) ;
#501 = VECTOR ( 'NONE', #1059, 1000.000000000000000 ) ;
#502 = CARTESIAN_POINT ( 'NONE',  ( 12.03258617622836191, 38.99999999999997868, -0.8308432562139790312 ) ) ;
#503 = CARTESIAN_POINT ( 'NONE',  ( 28.47820534928868597, -28.93703198470336346, -10.49999999999999467 ) ) ;
#504 = VECTOR ( 'NONE', #1083, 1000.000000000000000 ) ;
#505 = CARTESIAN_POINT ( 'NONE',  ( -38.99999999999998579, 7.136526105330270653, -2.603914377534902957 ) ) ;
#506 = ORIENTED_EDGE ( 'NONE', *, *, #4599, .F. ) ;
#507 = AXIS2_PLACEMENT_3D ( 'NONE', #3690, #4871, #3260 ) ;
#508 = EDGE_CURVE ( 'NONE', #1736, #1698, #344, .T. ) ;
#509 = CARTESIAN_POINT ( 'NONE',  ( 20.68506034019177875, -35.69620587334585338, -0.4493371864650417824 ) ) ;
#510 = EDGE_CURVE ( 'NONE', #1163, #3211, #2842, .T. ) ;
#511 = CARTESIAN_POINT ( 'NONE',  ( 9.931500473169409204, 40.00000000000000000, -6.906545586027145411 ) ) ;
#512 = ORIENTED_EDGE ( 'NONE', *, *, #2060, .F. ) ;
#513 = CARTESIAN_POINT ( 'NONE',  ( 13.23820004496838720, 0.000000000000000000, -3.000000000000000000 ) ) ;
#514 = ORIENTED_EDGE ( 'NONE', *, *, #139, .F. ) ;
#515 = CARTESIAN_POINT ( 'NONE',  ( -29.11155155398344618, -29.81865833516840425, -5.909362081813783085 ) ) ;
#516 = VERTEX_POINT ( 'NONE', #2078 ) ;
#517 = DIRECTION ( 'NONE',  ( -1.000000000000000000, 0.000000000000000000, 0.000000000000000000 ) ) ;
#518 = EDGE_LOOP ( 'NONE', ( #5266, #2895, #4440, #4531, #4437, #4411, #5126, #3879, #3466, #3017, #5102, #1184, #3107, #1358, #3725, #77 ) ) ;
#519 = CARTESIAN_POINT ( 'NONE',  ( -37.36544263932066912, -10.00830714422447087, -7.999999999999996447 ) ) ;
#520 = CARTESIAN_POINT ( 'NONE',  ( -14.24816901081814713, 40.00000000000023448, -4.714896582073857090 ) ) ;
#521 = DIRECTION ( 'NONE',  ( 9.691192603222388261E-17, 1.000000000000000000, 0.000000000000000000 ) ) ;
#522 = CARTESIAN_POINT ( 'NONE',  ( 23.54560596669637107, -30.69115434758392524, 2.421815768813032592E-12 ) ) ;
#523 = CARTESIAN_POINT ( 'NONE',  ( 30.47422735383654668, 29.76712057264996503, -21.00000000000000355 ) ) ;
#524 = ORIENTED_EDGE ( 'NONE', *, *, #86, .T. ) ;
#525 = CARTESIAN_POINT ( 'NONE',  ( 38.16791124357713016, 18.92077598718396203, 3.035766082959412415E-15 ) ) ;
#526 = B_SPLINE_CURVE_WITH_KNOTS ( 'NONE', 3,
 ( #1727, #2139, #72, #3396, #5041, #4229, #511, #5065, #1357, #2745, #1887, #4720, #2327, #2220, #1004, #3505, #5089, #5195 ),
 .UNSPECIFIED., .F., .F.,
 ( 4, 2, 2, 2, 2, 2, 2, 2, 4 ),
 ( 3.576224061345498009E-18, 0.002907443257430808881, 0.005814886514861614293, 0.007268608143577015047, 0.008722329772292414934, 0.009449190586650113577, 0.01017605140100781569, 0.01090291221536551780, 0.01162977302972321818 ),
 .UNSPECIFIED. ) ;
#527 = CARTESIAN_POINT ( 'NONE',  ( 6.995563555471614237, -40.00000000000000000, -10.01391417451250732 ) ) ;
#528 = DIRECTION ( 'NONE',  ( -0.7071067811865474617, -0.7071067811865474617, 0.000000000000000000 ) ) ;
#529 = CIRCLE ( 'NONE', #5033, 2.250000000000001776 ) ;
#530 = CARTESIAN_POINT ( 'NONE',  ( 33.55000000000001847, 35.79999999999999716, -25.00000000000000000 ) ) ;
#531 = CARTESIAN_POINT ( 'NONE',  ( 38.99999999999998579, -39.00000000000000000, 0.000000000000000000 ) ) ;
#532 = FACE_OUTER_BOUND ( 'NONE', #4452, .T. ) ;
#533 = EDGE_CURVE ( 'NONE', #2341, #2190, #2932, .T. ) ;
#534 = ORIENTED_EDGE ( 'NONE', *, *, #4055, .T. ) ;
#535 = DIRECTION ( 'NONE',  ( 1.000000000000000000, 0.000000000000000000, 0.000000000000000000 ) ) ;
#536 = DIRECTION ( 'NONE',  ( -1.000000000000000000, 0.000000000000000000, 0.000000000000000000 ) ) ;
#537 = ORIENTED_EDGE ( 'NONE', *, *, #1501, .F. ) ;
#538 = EDGE_CURVE ( 'NONE', #69, #1250, #1870, .T. ) ;
#539 = ADVANCED_FACE ( 'NONE', ( #4492 ), #2376, .T. ) ;
#540 = CARTESIAN_POINT ( 'NONE',  ( 39.00000000000000711, 0.7350938180553366896, -4.512880845167488886 ) ) ;
#541 = EDGE_LOOP ( 'NONE', ( #3365, #1929, #1310, #1484 ) ) ;
#542 = CARTESIAN_POINT ( 'NONE',  ( 0.000000000000000000, 0.000000000000000000, 0.000000000000000000 ) ) ;
#543 = ORIENTED_EDGE ( 'NONE', *, *, #1536, .T. ) ;
#544 = CYLINDRICAL_SURFACE ( 'NONE', #5038, 4.200000000000009059 ) ;
#545 = VERTEX_POINT ( 'NONE', #336 ) ;
#546 = EDGE_CURVE ( 'NONE', #2513, #2143, #5264, .T. ) ;
#547 = PLANE ( 'NONE',  #4255 ) ;
#548 = CARTESIAN_POINT ( 'NONE',  ( 35.80000000000001137, -35.80000000000000426, -25.00000000000000000 ) ) ;
#549 = CIRCLE ( 'NONE', #4797, 2.999999999999999112 ) ;
#550 = CARTESIAN_POINT ( 'NONE',  ( 38.05000000000001847, 35.79999999999999716, -25.00000000000000000 ) ) ;
#551 = CARTESIAN_POINT ( 'NONE',  ( -34.69495227278529370, 17.10563656559012458, 3.469446951953614189E-15 ) ) ;
#552 = ORIENTED_EDGE ( 'NONE', *, *, #4665, .F. ) ;
#553 = DIRECTION ( 'NONE',  ( 1.000000000000000000, 0.000000000000000000, 0.000000000000000000 ) ) ;
#554 = EDGE_CURVE ( 'NONE', #4204, #4674, #1694, .T. ) ;
#555 = EDGE_CURVE ( 'NONE', #2170, #3691, #1190, .T. ) ;
#556 = ORIENTED_EDGE ( 'NONE', *, *, #4260, .T. ) ;
#557 = CARTESIAN_POINT ( 'NONE',  ( 0.000000000000000000, -40.00000000000000000, -4.000000000000000000 ) ) ;
#558 = VECTOR ( 'NONE', #4825, 1000.000000000000000 ) ;
#559 = DIRECTION ( 'NONE',  ( -0.000000000000000000, -0.000000000000000000, 1.000000000000000000 ) ) ;
#560 = DIRECTION ( 'NONE',  ( 0.7071067811865475727, -0.7071067811865475727, 0.000000000000000000 ) ) ;
#561 = CARTESIAN_POINT ( 'NONE',  ( 38.06108125301392420, 18.81185694607860626, -1.677398168402086521E-14 ) ) ;
#562 = FACE_OUTER_BOUND ( 'NONE', #3100, .T. ) ;
#563 = EDGE_CURVE ( 'NONE', #2814, #545, #1758, .T. ) ;
#564 = DIRECTION ( 'NONE',  ( -0.000000000000000000, -0.000000000000000000, 1.000000000000000000 ) ) ;
#565 = EDGE_LOOP ( 'NONE', ( #1706, #3020, #2581, #3845 ) ) ;
#566 = CARTESIAN_POINT ( 'NONE',  ( 0.000000000000000000, 0.000000000000000000, 0.000000000000000000 ) ) ;
#567 = CARTESIAN_POINT ( 'NONE',  ( 30.12069803581589156, 30.82780481700241637, -3.999999999999994671 ) ) ;
#568 = ORIENTED_EDGE ( 'NONE', *, *, #900, .F. ) ;
#569 = CARTESIAN_POINT ( 'NONE',  ( -0.3535533905932618515, 0.3535533905932618515, -21.00000000000000000 ) ) ;
#570 = CARTESIAN_POINT ( 'NONE',  ( -38.99999993959343669, -17.14002334302153585, 3.035766082959412415E-15 ) ) ;
#571 = ORIENTED_EDGE ( 'NONE', *, *, #4223, .F. ) ;
#572 = CARTESIAN_POINT ( 'NONE',  ( -38.62095163394735664, 15.06124857429814767, -10.49999999999999467 ) ) ;
#573 = ORIENTED_EDGE ( 'NONE', *, *, #2367, .T. ) ;
#574 = AXIS2_PLACEMENT_3D ( 'NONE', #2494, #4523, #5320 ) ;
#575 = CARTESIAN_POINT ( 'NONE',  ( 28.52515672573326455, -29.23226350692066333, -8.129379289557833843 ) ) ;
#576 = CARTESIAN_POINT ( 'NONE',  ( 32.29289321881346808, 32.99999999999999289, -22.00000000000000000 ) ) ;
#577 = ADVANCED_FACE ( 'NONE', ( #4870 ), #286, .T. ) ;
#578 = FACE_OUTER_BOUND ( 'NONE', #499, .T. ) ;
#579 = CARTESIAN_POINT ( 'NONE',  ( -10.00830714422450463, -37.36544263932471210, 6.938893903907228378E-15 ) ) ;
#580 = ORIENTED_EDGE ( 'NONE', *, *, #5188, .F. ) ;
#581 = CARTESIAN_POINT ( 'NONE',  ( -21.34901871904758153, -36.96962611825794198, 3.469446951953614189E-15 ) ) ;
#582 = ORIENTED_EDGE ( 'NONE', *, *, #4730, .T. ) ;
#583 = CARTESIAN_POINT ( 'NONE',  ( 32.71715728752458574, -32.57573593128811495, -22.00000000000000000 ) ) ;
#584 = DIRECTION ( 'NONE',  ( 1.000000000000000000, 0.000000000000000000, 0.000000000000000000 ) ) ;
#585 = CARTESIAN_POINT ( 'NONE',  ( 0.000000000000000000, 0.000000000000000000, -21.00000000000000355 ) ) ;
#586 = CARTESIAN_POINT ( 'NONE',  ( 38.99999994343188092, -17.14000392953714424, 3.035766082959412415E-15 ) ) ;
#587 = DIRECTION ( 'NONE',  ( -0.000000000000000000, -0.000000000000000000, 1.000000000000000000 ) ) ;
#588 = EDGE_LOOP ( 'NONE', ( #580, #4648, #1646, #1200 ) ) ;
#589 = VECTOR ( 'NONE', #4690, 1000.000000000000000 ) ;
#590 = CARTESIAN_POINT ( 'NONE',  ( 13.35333839647029386, 4.205752449842021790, -2.000000000000000000 ) ) ;
#591 = CARTESIAN_POINT ( 'NONE',  ( -16.21476805285728418, -5.106985117663734641, -2.000000000000000000 ) ) ;
#592 = AXIS2_PLACEMENT_3D ( 'NONE', #613, #226, #2267 ) ;
#593 = EDGE_LOOP ( 'NONE', ( #4913, #3937 ) ) ;
#594 = AXIS2_PLACEMENT_3D ( 'NONE', #773, #3545, #3196 ) ;
#595 = DIRECTION ( 'NONE',  ( 1.000000000000000000, 0.000000000000000000, 0.000000000000000000 ) ) ;
#596 = ORIENTED_EDGE ( 'NONE', *, *, #2751, .F. ) ;
#597 = DIRECTION ( 'NONE',  ( -1.000000000000000000, 0.000000000000000000, 0.000000000000000000 ) ) ;
#598 = VERTEX_POINT ( 'NONE', #397 ) ;
#599 = B_SPLINE_CURVE_WITH_KNOTS ( 'NONE', 3,
 ( #764, #5281, #5205, #1496 ),
 .UNSPECIFIED., .F., .F.,
 ( 4, 4 ),
 ( 2.828534383473861043E-07, 0.002828812200178106723 ),
 .UNSPECIFIED. ) ;
#600 = CARTESIAN_POINT ( 'NONE',  ( 17.10563656558974088, 34.69495227279402627, -7.999999999999996447 ) ) ;
#601 = EDGE_CURVE ( 'NONE', #3860, #258, #2046, .T. ) ;
#602 = CARTESIAN_POINT ( 'NONE',  ( 40.00000000000001421, 12.12253102154268625, -20.12891923398263572 ) ) ;
#603 = CIRCLE ( 'NONE', #3642, 2.999999999999999112 ) ;
#604 = CARTESIAN_POINT ( 'NONE',  ( 40.00000000000002842, -3.876477041288957671E-15, -21.00000000000000000 ) ) ;
#605 = CARTESIAN_POINT ( 'NONE',  ( -37.36544263931503451, 10.00830714422453838, 3.469446951953614189E-15 ) ) ;
#606 = VERTEX_POINT ( 'NONE', #2907 ) ;
#607 = CARTESIAN_POINT ( 'NONE',  ( -30.82780481700321573, -30.12069803581507088, -3.999999999999994671 ) ) ;
#608 = ADVANCED_FACE ( 'NONE', ( #4551 ), #5029, .T. ) ;
#609 = EDGE_CURVE ( 'NONE', #1652, #2589, #1333, .T. ) ;
#610 = ORIENTED_EDGE ( 'NONE', *, *, #175, .T. ) ;
#611 = CARTESIAN_POINT ( 'NONE',  ( -6.809691084851816179, 40.02484362653888184, -10.49999999999999467 ) ) ;
#612 = CARTESIAN_POINT ( 'NONE',  ( 0.000000000000000000, 0.000000000000000000, -10.49999999999999467 ) ) ;
#613 = CARTESIAN_POINT ( 'NONE',  ( -35.79999999999998295, -35.79999999999999005, 0.000000000000000000 ) ) ;
#614 = CARTESIAN_POINT ( 'NONE',  ( -38.99999993959343669, -17.14002334302153585, 3.035766082959412415E-15 ) ) ;
#615 = VECTOR ( 'NONE', #3561, 1000.000000000000000 ) ;
#616 = CARTESIAN_POINT ( 'NONE',  ( 38.04999999999999005, -35.79999999999999005, -4.000000000000000000 ) ) ;
#617 = EDGE_LOOP ( 'NONE', ( #1079, #5007, #1625, #3618 ) ) ;
#618 = CARTESIAN_POINT ( 'NONE',  ( 32.29289321881346808, 32.43431457505075599, -22.00000000000000000 ) ) ;
#619 = AXIS2_PLACEMENT_3D ( 'NONE', #3088, #3061, #1343 ) ;
#620 = CARTESIAN_POINT ( 'NONE',  ( -35.26864718949173749, -18.80318611760946723, -2.000000000000135447 ) ) ;
#621 = CARTESIAN_POINT ( 'NONE',  ( 33.55000000000001137, -35.80000000000000426, -21.00000000000000000 ) ) ;
#622 = AXIS2_PLACEMENT_3D ( 'NONE', #3917, #1417, #78 ) ;
#623 = DIRECTION ( 'NONE',  ( 0.000000000000000000, 0.000000000000000000, -1.000000000000000000 ) ) ;
#624 = DIRECTION ( 'NONE',  ( -0.000000000000000000, -0.000000000000000000, 1.000000000000000000 ) ) ;
#625 = VERTEX_POINT ( 'NONE', #4195 ) ;
#626 = CARTESIAN_POINT ( 'NONE',  ( -38.99999999999998579, -39.00000000000000000, -55.15432893255070468 ) ) ;
#627 = ORIENTED_EDGE ( 'NONE', *, *, #2877, .T. ) ;
#628 = CYLINDRICAL_SURFACE ( 'NONE', #2174, 14.00000000000000000 ) ;
#629 = DIRECTION ( 'NONE',  ( 0.000000000000000000, 0.000000000000000000, -1.000000000000000000 ) ) ;
#630 = CARTESIAN_POINT ( 'NONE',  ( -26.60722896883965660, -33.34343045146876960, 2.602085213965211036E-15 ) ) ;
#631 = CARTESIAN_POINT ( 'NONE',  ( -19.34441602240728741, 33.49829972219192342, -2.414876874909121728E-12 ) ) ;
#632 = ORIENTED_EDGE ( 'NONE', *, *, #1298, .T. ) ;
#633 = CONICAL_SURFACE ( 'NONE', #5213, 38.60000000000000853, 0.7853981633974509435 ) ;
#634 = CARTESIAN_POINT ( 'NONE',  ( -11.04543741823733960, -41.23750923406997515, 3.469446951953614189E-15 ) ) ;
#635 = CIRCLE ( 'NONE', #3678, 4.200000000000009059 ) ;
#636 = LINE ( 'NONE', #5185, #1854 ) ;
#637 = CARTESIAN_POINT ( 'NONE',  ( -0.3535533905936500410, -0.3535533905936488752, -21.00000000000000000 ) ) ;
#638 = DIRECTION ( 'NONE',  ( -1.000000000000000000, 0.000000000000000000, 0.000000000000000000 ) ) ;
#639 = CARTESIAN_POINT ( 'NONE',  ( 27.13279951901167308, -32.89850744150064088, 2.602085213965210642E-15 ) ) ;
#640 = LINE ( 'NONE', #3499, #948 ) ;
#641 = ORIENTED_EDGE ( 'NONE', *, *, #4765, .T. ) ;
#642 = CIRCLE ( 'NONE', #3858, 2.250000000000001776 ) ;
#643 = CARTESIAN_POINT ( 'NONE',  ( 39.99999999999997868, 35.79999999999999716, -4.000000000000000000 ) ) ;
#644 = ADVANCED_FACE ( 'NONE', ( #1346 ), #3871, .F. ) ;
#645 = DIRECTION ( 'NONE',  ( 1.000000000000000000, 0.000000000000000000, 0.000000000000000000 ) ) ;
#646 = LINE ( 'NONE', #725, #3762 ) ;
#647 = VECTOR ( 'NONE', #1251, 1000.000000000000000 ) ;
#648 = CARTESIAN_POINT ( 'NONE',  ( -32.71715728752538865, 32.57573593128887524, -4.000000000000000000 ) ) ;
#649 = APPROVAL_STATUS ( 'not_yet_approved' ) ;
#650 = ORIENTED_EDGE ( 'NONE', *, *, #3367, .T. ) ;
#651 = CARTESIAN_POINT ( 'NONE',  ( -34.74887402186393359, -19.71920331487916300, -2.000000000000000888 ) ) ;
#652 = EDGE_LOOP ( 'NONE', ( #2835, #4829, #1671, #463 ) ) ;
#653 = CARTESIAN_POINT ( 'NONE',  ( -3.006303735121472975, 18.35652848041251772, 0.000000000000000000 ) ) ;
#654 = LINE ( 'NONE', #5229, #2444 ) ;
#655 = CARTESIAN_POINT ( 'NONE',  ( -19.14307412584753010, -38.07342171107075046, 2.602085213965211036E-15 ) ) ;
#656 = CARTESIAN_POINT ( 'NONE',  ( -2.526364092029800279, -38.60000000000000853, -7.999999999999996447 ) ) ;
#657 = ORIENTED_EDGE ( 'NONE', *, *, #3049, .F. ) ;
#658 = CARTESIAN_POINT ( 'NONE',  ( 36.96962611825794909, -21.34901871904757087, 3.469446951953614189E-15 ) ) ;
#659 = CARTESIAN_POINT ( 'NONE',  ( 9.994881995256392315, -9.803179785195139218, 0.000000000000000000 ) ) ;
#660 = CARTESIAN_POINT ( 'NONE',  ( -38.06108124936815784, -18.81185694235943018, -7.718208515204310580E-11 ) ) ;
#661 = CARTESIAN_POINT ( 'NONE',  ( -14.65469208137788115, 40.00000000000000711, -21.00000000000000000 ) ) ;
#662 = CARTESIAN_POINT ( 'NONE',  ( 32.01005050633885674, 32.71715728752537444, -21.00000000000000000 ) ) ;
#663 = CYLINDRICAL_SURFACE ( 'NONE', #1980, 13.23820004496838720 ) ;
#664 = EDGE_LOOP ( 'NONE', ( #641, #4097, #1579, #125 ) ) ;
#665 = LINE ( 'NONE', #3475, #2118 ) ;
#666 = EDGE_CURVE ( 'NONE', #2198, #598, #549, .T. ) ;
#667 = DIRECTION ( 'NONE',  ( -0.000000000000000000, 0.000000000000000000, 1.000000000000000000 ) ) ;
#668 = CARTESIAN_POINT ( 'NONE',  ( -38.60000000000000853, 2.363568322354392225E-15, -7.999999999999996447 ) ) ;
#669 = CARTESIAN_POINT ( 'NONE',  ( -40.00000000000002842, 14.65469208137792911, -21.00000000000000000 ) ) ;
#670 = ORIENTED_EDGE ( 'NONE', *, *, #3478, .F. ) ;
#671 = EDGE_CURVE ( 'NONE', #1303, #2523, #2197, .T. ) ;
#672 = B_SPLINE_CURVE_WITH_KNOTS ( 'NONE', 3,
 ( #570, #3939, #4775, #1865, #1465, #3556, #186, #1008, #4261, #2199, #1811, #1784, #3508, #3453, #212, #5148, #4313, #3108 ),
 .UNSPECIFIED., .F., .F.,
 ( 4, 2, 2, 2, 2, 2, 2, 2, 4 ),
 ( 0.000000000000000000, 0.002222322400371757548, 0.004444644800743515096, 0.008889289601487030193, 0.01111161200185878731, 0.01333393440223054616, 0.01444509560241642385, 0.01555625680260230327, 0.01777857920297406039 ),
 .UNSPECIFIED. ) ;
#673 = DIRECTION ( 'NONE',  ( 1.000000000000000000, 0.000000000000000000, 0.000000000000000000 ) ) ;
#674 = VECTOR ( 'NONE', #5246, 1000.000000000000000 ) ;
#675 = AXIS2_PLACEMENT_3D ( 'NONE', #4169, #832, #4574 ) ;
#676 = VERTEX_POINT ( 'NONE', #475 ) ;
#677 = CARTESIAN_POINT ( 'NONE',  ( -38.16791124357969522, -18.92077598718449494, 3.035766082959412415E-15 ) ) ;
#678 = AXIS2_PLACEMENT_3D ( 'NONE', #274, #2782, #1582 ) ;
#679 = AXIS2_PLACEMENT_3D ( 'NONE', #5140, #1001, #3152 ) ;
#680 = CARTESIAN_POINT ( 'NONE',  ( 32.01005050633884963, 32.71715728752537444, -22.00000000000000000 ) ) ;
#681 = DIRECTION ( 'NONE',  ( 0.000000000000000000, 0.000000000000000000, -1.000000000000000000 ) ) ;
#682 = CARTESIAN_POINT ( 'NONE',  ( -25.50791257258050493, 29.08073093502098416, -7.999999999999996447 ) ) ;
#683 = VERTEX_POINT ( 'NONE', #2521 ) ;
#684 = CARTESIAN_POINT ( 'NONE',  ( -33.87158484991893914, -25.98556513422252578, 3.469446951953614189E-15 ) ) ;
#685 = FACE_OUTER_BOUND ( 'NONE', #3637, .T. ) ;
#686 = FACE_BOUND ( 'NONE', #4232, .T. ) ;
#687 = DIRECTION ( 'NONE',  ( 0.000000000000000000, 0.000000000000000000, -1.000000000000000000 ) ) ;
#688 = CARTESIAN_POINT ( 'NONE',  ( 0.3535533905932788934, -0.3535533905932791710, -21.00000000000000000 ) ) ;
#689 = CARTESIAN_POINT ( 'NONE',  ( -29.29568277834925638, 30.00278955953660187, -20.33333220206242231 ) ) ;
#690 = ORIENTED_EDGE ( 'NONE', *, *, #4125, .T. ) ;
#691 = CARTESIAN_POINT ( 'NONE',  ( -35.80000000000001847, -40.00000000000001421, -21.00000000000000000 ) ) ;
#692 = PRODUCT ( '80mm case fan', '80mm case fan', '', ( #1361 ) ) ;
#693 = CARTESIAN_POINT ( 'NONE',  ( 35.80000000000001847, 40.00000000000000711, -21.00000000000000000 ) ) ;
#694 = ORIENTED_EDGE ( 'NONE', *, *, #2235, .F. ) ;
#695 = CARTESIAN_POINT ( 'NONE',  ( -32.01005050633884252, 32.71715728752618446, -21.00000000000000000 ) ) ;
#696 = LINE ( 'NONE', #3479, #3198 ) ;
#697 = SHAPE_DEFINITION_REPRESENTATION ( #1565, #4700 ) ;
#698 = VERTEX_POINT ( 'NONE', #3364 ) ;
#699 = AXIS2_PLACEMENT_3D ( 'NONE', #1449, #3171, #3569 ) ;
#700 = CARTESIAN_POINT ( 'NONE',  ( -0.000000000000000000, 40.00000000000000711, -4.000000000000000000 ) ) ;
#701 = CARTESIAN_POINT ( 'NONE',  ( 5.106985117665539420, -16.21476805285671574, -2.000000000000000000 ) ) ;
#702 = EDGE_CURVE ( 'NONE', #3567, #4526, #2283, .T. ) ;
#703 = ORIENTED_EDGE ( 'NONE', *, *, #242, .F. ) ;
#704 = FACE_OUTER_BOUND ( 'NONE', #652, .T. ) ;
#705 = CARTESIAN_POINT ( 'NONE',  ( 38.99999999999999289, -5.056604874873619870, -3.411037936268555004 ) ) ;
#706 = CARTESIAN_POINT ( 'NONE',  ( -18.35652848041245022, -3.006303735121700793, 0.000000000000000000 ) ) ;
#707 = EDGE_CURVE ( 'NONE', #63, #1197, #5103, .T. ) ;
#708 = CARTESIAN_POINT ( 'NONE',  ( -34.69495227279316651, -17.10563656559178725, -7.999999999999996447 ) ) ;
#709 = EDGE_LOOP ( 'NONE', ( #3117, #4246, #4601, #2509 ) ) ;
#710 = EDGE_CURVE ( 'NONE', #2742, #1400, #5302, .T. ) ;
#711 = CARTESIAN_POINT ( 'NONE',  ( -33.49829972218223162, 19.34441602242664615, 3.469446951953614189E-15 ) ) ;
#713 = EDGE_CURVE ( 'NONE', #4227, #4001, #635, .T. ) ;
#712 = CARTESIAN_POINT ( 'NONE',  ( 0.000000000000000000, 0.000000000000000000, -21.00000000000000355 ) ) ;
#714 = CARTESIAN_POINT ( 'NONE',  ( 14.00000000000000000, 0.000000000000000000, -20.99999999999999645 ) ) ;
#715 = CIRCLE ( 'NONE', #2109, 1.000000000000000888 ) ;
#716 = ADVANCED_FACE ( 'NONE', ( #1716 ), #3008, .T. ) ;
#717 = CARTESIAN_POINT ( 'NONE',  ( -29.76712057265078215, -30.47422735383573666, -21.00000000000000355 ) ) ;
#718 = CARTESIAN_POINT ( 'NONE',  ( -5.106985117663508156, 16.21476805285735523, 2.602085213965210642E-15 ) ) ;
#719 = DIRECTION ( 'NONE',  ( -1.000000000000000000, 0.000000000000000000, 0.000000000000000000 ) ) ;
#720 = ORIENTED_EDGE ( 'NONE', *, *, #23, .T. ) ;
#721 = CARTESIAN_POINT ( 'NONE',  ( 22.92187319438959747, 35.44105119636456891, -5.809228155108670855 ) ) ;
#722 = EDGE_CURVE ( 'NONE', #2523, #4445, #1232, .T. ) ;
#723 = CARTESIAN_POINT ( 'NONE',  ( 32.57573593128808653, 32.71715728752537444, -22.00000000000000000 ) ) ;
#724 = ORIENTED_EDGE ( 'NONE', *, *, #2269, .F. ) ;
#725 = CARTESIAN_POINT ( 'NONE',  ( -32.64644660940675180, -32.64644660940675180, -21.00000000000000000 ) ) ;
#726 = CARTESIAN_POINT ( 'NONE',  ( 39.32320844004132709, 15.33511195342482836, -5.809228155108670855 ) ) ;
#727 = PERSON_AND_ORGANIZATION ( #1455, #1050 ) ;
#728 = ORIENTED_EDGE ( 'NONE', *, *, #2082, .T. ) ;
#729 = CARTESIAN_POINT ( 'NONE',  ( 7.702498402654272880, 7.853121567702415540, 0.000000000000000000 ) ) ;
#730 = DIRECTION ( 'NONE',  ( -1.000000000000000000, 0.000000000000000000, 0.000000000000000000 ) ) ;
#731 = VECTOR ( 'NONE', #4962, 1000.000000000000000 ) ;
#732 = ORIENTED_EDGE ( 'NONE', *, *, #4101, .T. ) ;
#733 = CARTESIAN_POINT ( 'NONE',  ( 32.71715728752540286, 32.57573593128806522, -4.000000000000000000 ) ) ;
#734 = DIRECTION ( 'NONE',  ( 0.000000000000000000, 0.000000000000000000, -1.000000000000000000 ) ) ;
#735 = CARTESIAN_POINT ( 'NONE',  ( -32.71715728752619867, -32.01005050633805382, -21.00000000000000000 ) ) ;
#736 = CARTESIAN_POINT ( 'NONE',  ( -17.14000392953357732, -38.99999994343081511, 3.035766082959412415E-15 ) ) ;
#737 = CARTESIAN_POINT ( 'NONE',  ( 36.62854763707962036, -12.43752441298967426, -7.999999999999996447 ) ) ;
#738 = EDGE_LOOP ( 'NONE', ( #3143, #1419, #1745, #2549, #5071, #1841, #4480, #2881 ) ) ;
#739 = CARTESIAN_POINT ( 'NONE',  ( 28.15121957491675175, 32.09427818217228179, 3.469446951953614189E-15 ) ) ;
#740 = ADVANCED_FACE ( 'NONE', ( #1770 ), #3465, .T. ) ;
#741 = EDGE_CURVE ( 'NONE', #4824, #2482, #2622, .T. ) ;
#742 = CARTESIAN_POINT ( 'NONE',  ( -15.98866535842935832, 40.99908904983091418, -3.999999999999995115 ) ) ;
#743 = CARTESIAN_POINT ( 'NONE',  ( -29.05991157131655100, 28.35280479013078647, -10.49999999999999467 ) ) ;
#744 = LINE ( 'NONE', #5291, #3217 ) ;
#745 = DIRECTION ( 'NONE',  ( 0.000000000000000000, 0.000000000000000000, 1.000000000000000000 ) ) ;
#746 = CARTESIAN_POINT ( 'NONE',  ( 28.35280479013039923, 29.05991157131692404, -19.00000000000000355 ) ) ;
#747 = VECTOR ( 'NONE', #1101, 1000.000000000000000 ) ;
#748 = ORIENTED_EDGE ( 'NONE', *, *, #917, .F. ) ;
#749 = DIRECTION ( 'NONE',  ( -0.000000000000000000, -0.000000000000000000, 1.000000000000000000 ) ) ;
#750 = DIRECTION ( 'NONE',  ( 0.000000000000000000, 0.000000000000000000, 1.000000000000000000 ) ) ;
#751 = EDGE_LOOP ( 'NONE', ( #1088, #3333, #1618, #4041 ) ) ;
#752 = PLANE ( 'NONE',  #902 ) ;
#753 = CARTESIAN_POINT ( 'NONE',  ( 40.02484362653889605, 6.809691084851713150, -10.49999999999999467 ) ) ;
#754 = COORDINATED_UNIVERSAL_TIME_OFFSET ( 1, 0, .AHEAD. ) ;
#755 = ORIENTED_EDGE ( 'NONE', *, *, #1364, .F. ) ;
#756 = CARTESIAN_POINT ( 'NONE',  ( 2.526364092261795591, 38.60000000000000142, -7.999999999999998224 ) ) ;
#757 = CARTESIAN_POINT ( 'NONE',  ( -15.98866535842995873, -40.99908904983082181, -3.999999999999995115 ) ) ;
#758 = VERTEX_POINT ( 'NONE', #2934 ) ;
#759 = CARTESIAN_POINT ( 'NONE',  ( -27.93071785686944608, -28.63782463805440415, -4.000000000000000000 ) ) ;
#760 = VERTEX_POINT ( 'NONE', #1743 ) ;
#761 = CARTESIAN_POINT ( 'NONE',  ( 40.00000000000001421, -40.00000000000000000, -30.00000000000000000 ) ) ;
#762 = ORIENTED_EDGE ( 'NONE', *, *, #3559, .T. ) ;
#763 = CIRCLE ( 'NONE', #4490, 2.250000000000001776 ) ;
#764 = CARTESIAN_POINT ( 'NONE',  ( -29.05991157131771629, -28.35280479012957855, -19.00000000000000355 ) ) ;
#765 = FACE_OUTER_BOUND ( 'NONE', #403, .T. ) ;
#766 = CARTESIAN_POINT ( 'NONE',  ( 17.10563656558974088, 34.69495227279402627, -7.999999999999996447 ) ) ;
#767 = ORIENTED_EDGE ( 'NONE', *, *, #2812, .F. ) ;
#768 = AXIS2_PLACEMENT_3D ( 'NONE', #3155, #667, #2692 ) ;
#769 = ADVANCED_FACE ( 'NONE', ( #4219 ), #2105, .F. ) ;
#770 = CARTESIAN_POINT ( 'NONE',  ( -17.10563656558771584, -34.69495227278529370, 3.469446951953614189E-15 ) ) ;
#771 = AXIS2_PLACEMENT_3D ( 'NONE', #4380, #2345, #303 ) ;
#772 = CARTESIAN_POINT ( 'NONE',  ( -28.47820534928867175, 28.93703198470338123, -7.974924713410731059 ) ) ;
#773 = CARTESIAN_POINT ( 'NONE',  ( -32.43431457505077020, 32.29289321881425678, -4.000000000000000000 ) ) ;
#774 = CARTESIAN_POINT ( 'NONE',  ( -30.12069803581547589, 30.82780481700282493, -3.999999999999994671 ) ) ;
#775 = EDGE_CURVE ( 'NONE', #1869, #4472, #3843, .T. ) ;
#776 = EDGE_CURVE ( 'NONE', #1279, #2928, #5078, .T. ) ;
#777 = DIRECTION ( 'NONE',  ( 0.000000000000000000, 0.000000000000000000, 1.000000000000000000 ) ) ;
#778 = CYLINDRICAL_SURFACE ( 'NONE', #5262, 13.23820004496838720 ) ;
#779 = ORIENTED_EDGE ( 'NONE', *, *, #3056, .T. ) ;
#780 = CARTESIAN_POINT ( 'NONE',  ( 32.64644660940635390, -32.64644660940635390, -21.00000000000000000 ) ) ;
#781 = CARTESIAN_POINT ( 'NONE',  ( 3.992051966131378027, -39.00000000000002132, -3.775647783604905161 ) ) ;
#782 = CIRCLE ( 'NONE', #5177, 3.000000000000000000 ) ;
#783 = ORIENTED_EDGE ( 'NONE', *, *, #546, .F. ) ;
#784 = CARTESIAN_POINT ( 'NONE',  ( 16.05023364315923118, -40.00000000000000000, -4.000000000000000000 ) ) ;
#785 = CARTESIAN_POINT ( 'NONE',  ( 29.46320306023785562, 28.99603343704384883, -5.809228155108670855 ) ) ;
#786 = ORIENTED_EDGE ( 'NONE', *, *, #2228, .T. ) ;
#787 = CARTESIAN_POINT ( 'NONE',  ( -38.60000000000000853, 2.363568322354392225E-15, -7.999999999999996447 ) ) ;
#788 = CARTESIAN_POINT ( 'NONE',  ( 9.125544201170697534, -40.00000000000000711, -7.446111944357149959 ) ) ;
#789 = ORIENTED_EDGE ( 'NONE', *, *, #398, .F. ) ;
#790 = ADVANCED_FACE ( 'NONE', ( #4298 ), #3066, .T. ) ;
#791 = LINE ( 'NONE', #3643, #1677 ) ;
#792 = CARTESIAN_POINT ( 'NONE',  ( -33.55000000000001847, -35.80000000000000426, -25.00000000000000000 ) ) ;
#793 = ORIENTED_EDGE ( 'NONE', *, *, #702, .F. ) ;
#794 = CARTESIAN_POINT ( 'NONE',  ( -2.936153032370903748, -39.00000000000001421, -21.48318011644054693 ) ) ;
#795 = CIRCLE ( 'NONE', #2533, 4.200000000000009059 ) ;
#796 = DIRECTION ( 'NONE',  ( 0.000000000000000000, -0.000000000000000000, -1.000000000000000000 ) ) ;
#797 = EDGE_CURVE ( 'NONE', #4257, #1413, #3767, .T. ) ;
#798 = CARTESIAN_POINT ( 'NONE',  ( 38.60000000000000853, 2.526364092029780295, -7.999999999999996447 ) ) ;
#799 = ORIENTED_EDGE ( 'NONE', *, *, #2016, .F. ) ;
#800 = VECTOR ( 'NONE', #129, 1000.000000000000000 ) ;
#801 = CARTESIAN_POINT ( 'NONE',  ( -25.50791257257810685, -29.08073093502338224, 3.469446951953614189E-15 ) ) ;
#802 = DIRECTION ( 'NONE',  ( -1.000000000000000000, 0.000000000000000000, 0.000000000000000000 ) ) ;
#803 = DIRECTION ( 'NONE',  ( -1.000000000000000000, 0.000000000000000000, -0.000000000000000000 ) ) ;
#804 = CARTESIAN_POINT ( 'NONE',  ( -32.09427818217230310, 28.15121957492640448, 3.469446951953614189E-15 ) ) ;
#805 = CARTESIAN_POINT ( 'NONE',  ( 1.454277095024672617, 39.00000000000000711, -21.39968513372938830 ) ) ;
#806 = CARTESIAN_POINT ( 'NONE',  ( -35.80000000000001847, 35.79999999999999716, -25.00000000000000000 ) ) ;
#807 = ORIENTED_EDGE ( 'NONE', *, *, #5336, .F. ) ;
#808 = CARTESIAN_POINT ( 'NONE',  ( 15.06124857429791675, 38.62095163394742059, -7.974924713410731947 ) ) ;
#809 =( BOUNDED_CURVE ( )  B_SPLINE_CURVE ( 3, ( #143, #170, #2707, #3092 ),
 .UNSPECIFIED., .F., .F. ) 
 B_SPLINE_CURVE_WITH_KNOTS ( ( 4, 4 ),
 ( 0.007145586578805119063, 0.01034175139482965133 ),
 .UNSPECIFIED. ) 
 CURVE ( )  GEOMETRIC_REPRESENTATION_ITEM ( )  RATIONAL_B_SPLINE_CURVE ( ( 0.8543918654643847255, 0.8543918654643847255, 0.8543918654643847255, 0.8543918654643846144 ) ) 
 REPRESENTATION_ITEM ( '' )  );
#810 = AXIS2_PLACEMENT_3D ( 'NONE', #3851, #480, #5110 ) ;
#811 = DIRECTION ( 'NONE',  ( -0.000000000000000000, 0.000000000000000000, 1.000000000000000000 ) ) ;
#812 = ORIENTED_EDGE ( 'NONE', *, *, #3668, .T. ) ;
#813 = CARTESIAN_POINT ( 'NONE',  ( -30.26678116484163183, -29.55967438365348343, -4.894090684036290995 ) ) ;
#814 = CARTESIAN_POINT ( 'NONE',  ( 40.75262783848653214, 6.933513821201130689, -5.809228155108670855 ) ) ;
#815 = EDGE_LOOP ( 'NONE', ( #568, #2503, #4711, #843 ) ) ;
#816 = AXIS2_PLACEMENT_3D ( 'NONE', #2528, #3347, #897 ) ;
#817 = EDGE_CURVE ( 'NONE', #868, #2656, #2036, .T. ) ;
#818 = CARTESIAN_POINT ( 'NONE',  ( -10.00830714445218383, 37.36544263927537202, -7.999999999999994671 ) ) ;
#819 = CARTESIAN_POINT ( 'NONE',  ( -15.06124857429828801, -38.62095163394736375, -7.974924713410730170 ) ) ;
#820 = ORIENTED_EDGE ( 'NONE', *, *, #4359, .F. ) ;
#821 = DIRECTION ( 'NONE',  ( 1.000000000000000000, 0.000000000000000000, 0.000000000000000000 ) ) ;
#822 = DIRECTION ( 'NONE',  ( -0.000000000000000000, 0.000000000000000000, 1.000000000000000000 ) ) ;
#823 = ORIENTED_EDGE ( 'NONE', *, *, #3338, .F. ) ;
#824 = VECTOR ( 'NONE', #2031, 1000.000000000000000 ) ;
#825 = DIRECTION ( 'NONE',  ( 0.000000000000000000, 0.000000000000000000, 1.000000000000000000 ) ) ;
#826 = EDGE_CURVE ( 'NONE', #324, #3405, #791, .T. ) ;
#827 = VERTEX_POINT ( 'NONE', #733 ) ;
#828 = VERTEX_POINT ( 'NONE', #3329 ) ;
#829 = CIRCLE ( 'NONE', #3692, 2.250000000000001776 ) ;
#830 = CARTESIAN_POINT ( 'NONE',  ( 38.60000000000000853, 4.727136644708785238E-15, 6.938893903907228378E-15 ) ) ;
#831 = CARTESIAN_POINT ( 'NONE',  ( -39.99999999999998579, -8.190432824124858513, -8.209821757904869344 ) ) ;
#832 = DIRECTION ( 'NONE',  ( 0.000000000000000000, -0.000000000000000000, -1.000000000000000000 ) ) ;
#833 = CARTESIAN_POINT ( 'NONE',  ( -25.98556513422251157, -33.87158484991894625, 3.469446951953614189E-15 ) ) ;
#834 = CARTESIAN_POINT ( 'NONE',  ( -8.055258201551595221, 39.00000000000000711, -22.21704665099465359 ) ) ;
#835 = CARTESIAN_POINT ( 'NONE',  ( -37.17646944486993021, -17.90994646113750122, -0.4538840959964947630 ) ) ;
#836 = VERTEX_POINT ( 'NONE', #3245 ) ;
#837 = CARTESIAN_POINT ( 'NONE',  ( 7.229007038352524894, 42.48942759369029432, -3.999999999999994671 ) ) ;
#838 = CARTESIAN_POINT ( 'NONE',  ( 15.65236339483399419, 39.00000000000003553, -0.06707308123543619105 ) ) ;
#839 = ORIENTED_EDGE ( 'NONE', *, *, #1220, .T. ) ;
#840 = CARTESIAN_POINT ( 'NONE',  ( 0.000000000000000000, 0.000000000000000000, -10.49999999999999467 ) ) ;
#841 = CARTESIAN_POINT ( 'NONE',  ( -40.00000000000002842, 35.79999999999999716, -25.00000000000000000 ) ) ;
#842 = EDGE_CURVE ( 'NONE', #1656, #4880, #3585, .T. ) ;
#843 = ORIENTED_EDGE ( 'NONE', *, *, #4507, .F. ) ;
#844 = DIRECTION ( 'NONE',  ( 1.000000000000000000, 0.000000000000000000, 0.000000000000000000 ) ) ;
#845 = DIRECTION ( 'NONE',  ( 1.000000000000000000, 0.000000000000000000, 0.000000000000000000 ) ) ;
#846 = ORIENTED_EDGE ( 'NONE', *, *, #957, .F. ) ;
#847 = EDGE_CURVE ( 'NONE', #2255, #75, #2450, .T. ) ;
#848 = EDGE_CURVE ( 'NONE', #4880, #322, #4105, .T. ) ;
#849 = CARTESIAN_POINT ( 'NONE',  ( 38.62095163394740638, -15.06124857429806063, -10.49999999999999645 ) ) ;
#850 = ORIENTED_EDGE ( 'NONE', *, *, #4996, .F. ) ;
#851 = CARTESIAN_POINT ( 'NONE',  ( -29.21713737668172683, -29.92424415786666358, -5.647303474583155847 ) ) ;
#852 = ORIENTED_EDGE ( 'NONE', *, *, #1195, .F. ) ;
#853 = CARTESIAN_POINT ( 'NONE',  ( 14.41832265881275710, -39.00000000000001421, -23.90520672267882318 ) ) ;
#854 = EDGE_LOOP ( 'NONE', ( #3426, #2752, #2793, #5324 ) ) ;
#855 = ORIENTED_EDGE ( 'NONE', *, *, #3404, .F. ) ;
#856 = CARTESIAN_POINT ( 'NONE',  ( 29.08073093502343198, 25.50791257258289946, 1.734723475976807094E-15 ) ) ;
#857 = AXIS2_PLACEMENT_3D ( 'NONE', #2915, #2887, #3697 ) ;
#858 = CARTESIAN_POINT ( 'NONE',  ( -39.99999999999998579, -7.687115712076216134, -8.732580530968851562 ) ) ;
#859 = DIRECTION ( 'NONE',  ( -0.000000000000000000, 0.000000000000000000, 1.000000000000000000 ) ) ;
#860 = CARTESIAN_POINT ( 'NONE',  ( 36.96962611825794909, -21.34901871904757087, 3.469446951953614189E-15 ) ) ;
#861 = CARTESIAN_POINT ( 'NONE',  ( 32.43431457504996729, -32.29289321881349650, -22.00000000000000000 ) ) ;
#862 = VECTOR ( 'NONE', #2731, 1000.000000000000000 ) ;
#863 = ORIENTED_EDGE ( 'NONE', *, *, #5288, .F. ) ;
#864 = CIRCLE ( 'NONE', #1549, 4.200000000000001954 ) ;
#865 = LINE ( 'NONE', #2131, #647 ) ;
#866 = VECTOR ( 'NONE', #1911, 1000.000000000000000 ) ;
#867 = CARTESIAN_POINT ( 'NONE',  ( 1.847822749125030972, 39.00000000000001421, -4.342929517811033868 ) ) ;
#868 = VERTEX_POINT ( 'NONE', #321 ) ;
#869 = CARTESIAN_POINT ( 'NONE',  ( 29.08073093518524388, -25.50791257241624166, -7.999999999999996447 ) ) ;
#870 = DIRECTION ( 'NONE',  ( 0.000000000000000000, 0.000000000000000000, -1.000000000000000000 ) ) ;
#871 = ORIENTED_EDGE ( 'NONE', *, *, #4996, .T. ) ;
#872 = AXIS2_PLACEMENT_3D ( 'NONE', #255, #4089, #4815 ) ;
#873 = B_SPLINE_CURVE_WITH_KNOTS ( 'NONE', 3,
 ( #256, #3098, #3955, #1131, #5215, #3930, #3906, #1532, #3548, #4842, #4741, #202, #282, #4816, #1025, #3498, #1482, #3177 ),
 .UNSPECIFIED., .F., .F.,
 ( 4, 2, 2, 2, 2, 2, 2, 2, 4 ),
 ( 7.757919228897728493E-18, 0.002907443257430803677, 0.005814886514861599548, 0.007268608143577000302, 0.008722329772292399322, 0.009449190586650097964, 0.01017605140100779487, 0.01090291221536549351, 0.01162977302972319042 ),
 .UNSPECIFIED. ) ;
#874 = ORIENTED_EDGE ( 'NONE', *, *, #1342, .F. ) ;
#875 = CARTESIAN_POINT ( 'NONE',  ( 38.99999999999998579, 5.049188318622376492, -3.413813943797591399 ) ) ;
#876 = ORIENTED_EDGE ( 'NONE', *, *, #3125, .F. ) ;
#877 = CARTESIAN_POINT ( 'NONE',  ( -28.93703198470372939, -28.47820534928832004, -7.974924713410731059 ) ) ;
#878 = ORIENTED_EDGE ( 'NONE', *, *, #2404, .F. ) ;
#879 = CARTESIAN_POINT ( 'NONE',  ( 39.99999999999998579, -6.996921015360470619, -10.00934297559391339 ) ) ;
#880 = EDGE_CURVE ( 'NONE', #4017, #2802, #4157, .T. ) ;
#881 = VECTOR ( 'NONE', #2091, 1000.000000000000000 ) ;
#882 = EDGE_LOOP ( 'NONE', ( #1141, #2999, #3541, #2680, #4926, #4582, #187 ) ) ;
#883 = CARTESIAN_POINT ( 'NONE',  ( -19.34441602240935154, 33.49829972218776675, -7.999999999999996447 ) ) ;
#884 = AXIS2_PLACEMENT_3D ( 'NONE', #712, #2736, #3683 ) ;
#885 = CC_DESIGN_APPROVAL ( #1882, ( #1239 ) ) ;
#886 = FACE_OUTER_BOUND ( 'NONE', #1306, .T. ) ;
#887 = EDGE_CURVE ( 'NONE', #2565, #2249, #1422, .T. ) ;
#888 = B_SPLINE_CURVE_WITH_KNOTS ( 'NONE', 3,
 ( #1100, #3596, #1218, #2761 ),
 .UNSPECIFIED., .F., .F.,
 ( 4, 4 ),
 ( 2.123157670215885226E-06, 0.007928760707370472935 ),
 .UNSPECIFIED. ) ;
#889 = CARTESIAN_POINT ( 'NONE',  ( -35.80000000000001847, -35.80000000000000426, -25.00000000000000000 ) ) ;
#890 = CARTESIAN_POINT ( 'NONE',  ( 2.788163479804848244, -42.60000000000001563, 3.469446951953614189E-15 ) ) ;
#891 = VECTOR ( 'NONE', #293, 1000.000000000000000 ) ;
#892 = CARTESIAN_POINT ( 'NONE',  ( 0.000000000000000000, 0.000000000000000000, -3.999999999999994671 ) ) ;
#893 = ORIENTED_EDGE ( 'NONE', *, *, #2145, .T. ) ;
#894 = DIRECTION ( 'NONE',  ( 1.000000000000000000, 0.000000000000000000, 0.000000000000000000 ) ) ;
#895 = CARTESIAN_POINT ( 'NONE',  ( 39.00000000000001421, -7.327253395128823676, -22.07582468233651340 ) ) ;
#896 = CARTESIAN_POINT ( 'NONE',  ( -29.05991157131654745, 28.35280479013078292, -19.00000000000000355 ) ) ;
#897 = DIRECTION ( 'NONE',  ( -1.000000000000000000, 0.000000000000000000, 0.000000000000000000 ) ) ;
#898 = ORIENTED_EDGE ( 'NONE', *, *, #4167, .T. ) ;
#899 = CARTESIAN_POINT ( 'NONE',  ( -35.79999999999998295, 35.79999999999999716, 0.000000000000000000 ) ) ;
#900 = EDGE_CURVE ( 'NONE', #5046, #1680, #1925, .T. ) ;
#901 = CARTESIAN_POINT ( 'NONE',  ( 34.97166088041150545, 19.94634679384098774, -1.497655590353309973 ) ) ;
#902 = AXIS2_PLACEMENT_3D ( 'NONE', #3322, #4985, #2856 ) ;
#903 = CARTESIAN_POINT ( 'NONE',  ( -13.35333839647070242, -4.205752449840722385, 0.000000000000000000 ) ) ;
#904 = EDGE_LOOP ( 'NONE', ( #5112, #45, #4284, #2944, #351, #1622, #2574, #103 ) ) ;
#905 = CARTESIAN_POINT ( 'NONE',  ( -28.92324404518977587, -29.63035082637472684, -6.442301122749181985 ) ) ;
#906 = ORIENTED_EDGE ( 'NONE', *, *, #4529, .T. ) ;
#907 = CARTESIAN_POINT ( 'NONE',  ( -30.26709458728449320, 29.55998780609871446, -4.893743914257107086 ) ) ;
#908 = ORIENTED_EDGE ( 'NONE', *, *, #5238, .F. ) ;
#909 = CARTESIAN_POINT ( 'NONE',  ( 34.69495227279494998, 17.10563656559500956, 3.469446951953614189E-15 ) ) ;
#910 = CIRCLE ( 'NONE', #1080, 0.3999999999999975797 ) ;
#911 = DIRECTION ( 'NONE',  ( 1.000000000000000000, 0.000000000000000000, 0.000000000000000000 ) ) ;
#912 = DIRECTION ( 'NONE',  ( 0.000000000000000000, 0.000000000000000000, 1.000000000000000000 ) ) ;
#913 = CARTESIAN_POINT ( 'NONE',  ( 42.60000000000001563, 5.216995364367726620E-15, 3.469446951953614189E-15 ) ) ;
#914 = VECTOR ( 'NONE', #2184, 1000.000000000000000 ) ;
#915 = DIRECTION ( 'NONE',  ( 0.000000000000000000, 0.000000000000000000, 1.000000000000000000 ) ) ;
#916 = ADVANCED_FACE ( 'NONE', ( #2095 ), #2946, .F. ) ;
#917 = EDGE_CURVE ( 'NONE', #3691, #3446, #2372, .T. ) ;
#918 = ORIENTED_EDGE ( 'NONE', *, *, #1867, .F. ) ;
#919 = LINE ( 'NONE', #454, #3001 ) ;
#920 = CARTESIAN_POINT ( 'NONE',  ( -7.128943132253955817, 39.00000000000000711, -2.606923495491205056 ) ) ;
#921 = LINE ( 'NONE', #975, #4271 ) ;
#922 = CARTESIAN_POINT ( 'NONE',  ( -39.00000000000002842, 0.3676391827553783798, -4.512880845167415167 ) ) ;
#923 = ORIENTED_EDGE ( 'NONE', *, *, #5108, .F. ) ;
#924 = ADVANCED_FACE ( 'NONE', ( #2420 ), #3974, .T. ) ;
#925 = CARTESIAN_POINT ( 'NONE',  ( -18.80318611760818825, 35.26864718949146038, -2.000000000000133227 ) ) ;
#926 = CARTESIAN_POINT ( 'NONE',  ( 35.23110328204197828, 20.21086261887753821, -1.039692611416227042 ) ) ;
#927 = CARTESIAN_POINT ( 'NONE',  ( 18.92077598718242726, -38.16791124357527565, 3.035766082959412415E-15 ) ) ;
#928 = PLANE ( 'NONE',  #1316 ) ;
#929 = CARTESIAN_POINT ( 'NONE',  ( -42.48942759369027300, 7.229007038352601278, -3.999999999999994671 ) ) ;
#930 = EDGE_LOOP ( 'NONE', ( #32, #1382, #2427, #2473 ) ) ;
#931 = CARTESIAN_POINT ( 'NONE',  ( -30.69115434757620164, -23.54560596669279349, -7.999999999999996447 ) ) ;
#932 = CARTESIAN_POINT ( 'NONE',  ( -6.954135460285507442, 40.00000000000000000, -10.49999999999999467 ) ) ;
#933 = CARTESIAN_POINT ( 'NONE',  ( 30.82780481700244479, 30.12069803581586314, -3.999999999999994671 ) ) ;
#934 = CARTESIAN_POINT ( 'NONE',  ( 5.052665715420618042, -38.35118100781438244, -4.833223196770197070E-12 ) ) ;
#935 = EDGE_CURVE ( 'NONE', #6, #381, #4477, .T. ) ;
#936 = CARTESIAN_POINT ( 'NONE',  ( 16.21476805285678680, 5.106985117665312046, -2.000000000000000000 ) ) ;
#937 = VERTEX_POINT ( 'NONE', #3673 ) ;
#938 = CARTESIAN_POINT ( 'NONE',  ( 35.79999999999998295, -35.79999999999999005, 0.000000000000000000 ) ) ;
#939 = CARTESIAN_POINT ( 'NONE',  ( 6.954135460285505665, -40.00000000000000000, -19.00000000000000000 ) ) ;
#940 = CARTESIAN_POINT ( 'NONE',  ( -33.00000000000000711, 32.29289321881425678, -22.00000000000000000 ) ) ;
#941 = EDGE_CURVE ( 'NONE', #2841, #3790, #2645, .T. ) ;
#942 = CIRCLE ( 'NONE', #2067, 4.200000000000001954 ) ;
#943 = CARTESIAN_POINT ( 'NONE',  ( 9.913333684335654539, 39.00000000000000711, -1.533655714479683629 ) ) ;
#944 = DIRECTION ( 'NONE',  ( 1.000000000000000000, 0.000000000000000000, 0.000000000000000000 ) ) ;
#945 = AXIS2_PLACEMENT_3D ( 'NONE', #5180, #4861, #1152 ) ;
#946 = FACE_BOUND ( 'NONE', #3134, .T. ) ;
#947 = ORIENTED_EDGE ( 'NONE', *, *, #4342, .F. ) ;
#948 = VECTOR ( 'NONE', #229, 1000.000000000000000 ) ;
#949 = CARTESIAN_POINT ( 'NONE',  ( 35.75224795643820386, 17.86664138135797586, -1.999999999999968026 ) ) ;
#950 = CARTESIAN_POINT ( 'NONE',  ( 36.46309156050516265, 21.46694255748834479, -0.01567462032985776979 ) ) ;
#951 = ORIENTED_EDGE ( 'NONE', *, *, #601, .F. ) ;
#952 = CARTESIAN_POINT ( 'NONE',  ( 40.00000000000001421, 8.190432824124755484, -8.209821757904929740 ) ) ;
#953 = ORIENTED_EDGE ( 'NONE', *, *, #377, .T. ) ;
#954 = PERSON_AND_ORGANIZATION ( #1455, #1050 ) ;
#955 = ORIENTED_EDGE ( 'NONE', *, *, #4521, .F. ) ;
#956 = CARTESIAN_POINT ( 'NONE',  ( -36.95148162273994785, 23.89875998339921637, -3.999999999999995115 ) ) ;
#957 = EDGE_CURVE ( 'NONE', #2928, #3932, #1412, .T. ) ;
#958 = EDGE_LOOP ( 'NONE', ( #3560, #4341, #1110, #3010 ) ) ;
#959 = CARTESIAN_POINT ( 'NONE',  ( -38.35118100780897521, 5.052665715419491832, -7.999999999999996447 ) ) ;
#960 =( BOUNDED_CURVE ( )  B_SPLINE_CURVE ( 3, ( #2919, #1307, #925, #2138 ),
 .UNSPECIFIED., .F., .T. ) 
 B_SPLINE_CURVE_WITH_KNOTS ( ( 4, 4 ),
 ( 0.007145586578835568664, 0.01034175139486065084 ),
 .UNSPECIFIED. ) 
 CURVE ( )  GEOMETRIC_REPRESENTATION_ITEM ( )  RATIONAL_B_SPLINE_CURVE ( ( 0.8543918654643845034, 0.8543918654643845034, 0.8543918654643845034, 0.8543918654643845034 ) ) 
 REPRESENTATION_ITEM ( '' )  );
#961 = CARTESIAN_POINT ( 'NONE',  ( 13.23820004496838720, 0.000000000000000000, -3.000000000000000000 ) ) ;
#962 = EDGE_CURVE ( 'NONE', #4156, #2026, #4584, .T. ) ;
#963 = CARTESIAN_POINT ( 'NONE',  ( -39.00000000000001421, -5.131199444955018230, -21.72934243826383849 ) ) ;
#964 = CARTESIAN_POINT ( 'NONE',  ( -33.49829972218223162, 19.34441602242664615, 3.469446951953614189E-15 ) ) ;
#965 = ORIENTED_EDGE ( 'NONE', *, *, #3338, .T. ) ;
#966 = CARTESIAN_POINT ( 'NONE',  ( 32.43431457505078441, 32.29289321881343966, -22.00000000000000000 ) ) ;
#967 = TOROIDAL_SURFACE ( 'NONE', #265, 13.00000000000000178, 1.000000000000000000 ) ;
#968 = VERTEX_POINT ( 'NONE', #2196 ) ;
#969 = DIRECTION ( 'NONE',  ( -0.000000000000000000, 0.000000000000000000, 1.000000000000000000 ) ) ;
#970 = DIRECTION ( 'NONE',  ( 0.7071067811865470176, -0.7071067811865481278, 0.000000000000000000 ) ) ;
#971 = PLANE ( 'NONE',  #3907 ) ;
#972 = CIRCLE ( 'NONE', #3829, 4.200000000000009059 ) ;
#973 = CC_DESIGN_APPROVAL ( #1983, ( #1658 ) ) ;
#974 = CARTESIAN_POINT ( 'NONE',  ( -39.99999999999998579, 12.12549805111755497, -20.12993991249941672 ) ) ;
#975 = CARTESIAN_POINT ( 'NONE',  ( -32.29289321881345387, 33.00000000000081002, -4.000000000000000000 ) ) ;
#976 = CARTESIAN_POINT ( 'NONE',  ( -39.99999999999998579, 6.954135460285585602, 0.000000000000000000 ) ) ;
#977 = ORIENTED_EDGE ( 'NONE', *, *, #3613, .F. ) ;
#978 = DIRECTION ( 'NONE',  ( 0.000000000000000000, 0.000000000000000000, -1.000000000000000000 ) ) ;
#979 = DIRECTION ( 'NONE',  ( -1.000000000000000000, 0.000000000000000000, 0.000000000000000000 ) ) ;
#980 = ORIENTED_EDGE ( 'NONE', *, *, #1006, .F. ) ;
#981 = CARTESIAN_POINT ( 'NONE',  ( 39.99999999999999289, 6.995563555471556505, -10.01391417451252330 ) ) ;
#982 = EDGE_CURVE ( 'NONE', #389, #5046, #1388, .T. ) ;
#983 = ORIENTED_EDGE ( 'NONE', *, *, #2995, .T. ) ;
#984 = CARTESIAN_POINT ( 'NONE',  ( -16.91247075435999037, 36.19812535941274234, -2.000000000000000000 ) ) ;
#985 = EDGE_LOOP ( 'NONE', ( #3074, #1539, #3252, #4297, #1095, #1527, #4159, #5069, #2121, #1701 ) ) ;
#986 = FACE_OUTER_BOUND ( 'NONE', #2357, .T. ) ;
#987 = EDGE_CURVE ( 'NONE', #4961, #1408, #1332, .T. ) ;
#988 = CARTESIAN_POINT ( 'NONE',  ( 0.000000000000000000, 0.000000000000000000, -21.00000000000000355 ) ) ;
#989 = CARTESIAN_POINT ( 'NONE',  ( 36.10795428950162744, 22.63166613526241022, 2.602085213965210247E-15 ) ) ;
#990 = B_SPLINE_CURVE_WITH_KNOTS ( 'NONE', 3,
 ( #4351, #602, #4267, #5098 ),
 .UNSPECIFIED., .F., .F.,
 ( 4, 4 ),
 ( 2.123157670226727671E-06, 0.007928760707370563141 ),
 .UNSPECIFIED. ) ;
#991 = CARTESIAN_POINT ( 'NONE',  ( -2.526364092029775410, 38.60000000000000853, 6.938893903907228378E-15 ) ) ;
#992 = EDGE_LOOP ( 'NONE', ( #2585, #1391 ) ) ;
#993 = CARTESIAN_POINT ( 'NONE',  ( -35.80000000000001847, 35.79999999999999716, -25.00000000000000000 ) ) ;
#994 = CARTESIAN_POINT ( 'NONE',  ( -38.29028411452932090, 18.87824139103824805, 3.469446951953614189E-15 ) ) ;
#995 = VERTEX_POINT ( 'NONE', #903 ) ;
#996 = LINE ( 'NONE', #2597, #914 ) ;
#997 = VECTOR ( 'NONE', #3326, 1000.000000000000000 ) ;
#998 = LINE ( 'NONE', #637, #3776 ) ;
#999 = CARTESIAN_POINT ( 'NONE',  ( 40.00000000000002132, 0.000000000000000000, -4.000000000000000000 ) ) ;
#1000 = CARTESIAN_POINT ( 'NONE',  ( 28.35280479012996224, -29.05991157131735392, -10.49999999999999467 ) ) ;
#1001 = DIRECTION ( 'NONE',  ( 0.000000000000000000, 0.000000000000000000, -1.000000000000000000 ) ) ;
#1002 = ORIENTED_EDGE ( 'NONE', *, *, #2145, .F. ) ;
#1003 = CARTESIAN_POINT ( 'NONE',  ( -38.04999999999999005, 35.79999999999999716, 0.000000000000000000 ) ) ;
#1004 = CARTESIAN_POINT ( 'NONE',  ( 7.152807520516531348, 40.00000000000001421, -9.549639703870550278 ) ) ;
#1005 = ORIENTED_EDGE ( 'NONE', *, *, #2016, .T. ) ;
#1006 = EDGE_CURVE ( 'NONE', #4348, #1250, #4207, .T. ) ;
#1007 = PLANE ( 'NONE',  #325 ) ;
#1008 = CARTESIAN_POINT ( 'NONE',  ( -39.00000000000001421, -7.821463883211622559, -2.330674723818788152 ) ) ;
#1009 = ORIENTED_EDGE ( 'NONE', *, *, #3630, .T. ) ;
#1010 = LINE ( 'NONE', #4647, #3660 ) ;
#1011 = EDGE_CURVE ( 'NONE', #3405, #3608, #2458, .T. ) ;
#1012 = EDGE_CURVE ( 'NONE', #1656, #3882, #2534, .T. ) ;
#1013 = VERTEX_POINT ( 'NONE', #3375 ) ;
#1014 = VECTOR ( 'NONE', #3982, 1000.000000000000000 ) ;
#1015 = DIRECTION ( 'NONE',  ( 1.000000000000000000, 0.000000000000000000, 0.000000000000000000 ) ) ;
#1016 = CARTESIAN_POINT ( 'NONE',  ( -35.80000000000001847, 35.79999999999999716, -21.00000000000000000 ) ) ;
#1017 = CARTESIAN_POINT ( 'NONE',  ( 29.08664623697296392, 31.14426960317159399, 2.602085213965210642E-15 ) ) ;
#1018 = CARTESIAN_POINT ( 'NONE',  ( -29.08073093502342132, -25.50791257257806421, 3.469446951953614189E-15 ) ) ;
#1019 = ORIENTED_EDGE ( 'NONE', *, *, #776, .T. ) ;
#1020 = CARTESIAN_POINT ( 'NONE',  ( 25.98556513422255776, -33.87158484991891783, 3.469446951953614189E-15 ) ) ;
#1021 = B_SPLINE_CURVE_WITH_KNOTS ( 'NONE', 3,
 ( #668, #2329, #1917, #3987, #3605, #5245, #1619, #457, #2886, #2410, #2830, #2054, #4098, #5325, #4583, #4070, #3293, #1595, #4876, #3750, #2086, #4178, #4958, #5298, #1569, #869, #4932, #2527, #346, #3663, #3346, #2501, #1999, #1167 ),
 .UNSPECIFIED., .F., .F.,
 ( 4, 2, 2, 2, 2, 2, 2, 2, 2, 2, 2, 2, 2, 2, 2, 2, 4 ),
 ( 0.5000000000000000000, 0.5312499999999998890, 0.5624999999999998890, 0.5937499999999997780, 0.6249999999999997780, 0.6562499999999997780, 0.6874999999999997780, 0.7187499999999997780, 0.7499999999999997780, 0.7812499999999997780, 0.8124999999999997780, 0.8437499999999997780, 0.8749999999999997780, 0.9062499999999997780, 0.9374999999999998890, 0.9687500000000000000, 1.000000000000000000 ),
 .UNSPECIFIED. ) ;
#1022 = ORIENTED_EDGE ( 'NONE', *, *, #2404, .T. ) ;
#1023 = CARTESIAN_POINT ( 'NONE',  ( -35.79999999999998295, 40.00000000000000711, 0.000000000000000000 ) ) ;
#1024 = CARTESIAN_POINT ( 'NONE',  ( 33.00000000000002132, 32.29289321881343966, -22.00000000000000000 ) ) ;
#1025 = CARTESIAN_POINT ( 'NONE',  ( -39.99999999999997158, 7.152807520516599737, -9.549639703870557383 ) ) ;
#1026 = LINE ( 'NONE', #3178, #866 ) ;
#1027 = ORIENTED_EDGE ( 'NONE', *, *, #1687, .F. ) ;
#1028 = CIRCLE ( 'NONE', #816, 0.3999999999999975797 ) ;
#1029 = LINE ( 'NONE', #1436, #1764 ) ;
#1030 = CARTESIAN_POINT ( 'NONE',  ( -40.00000000000002842, -14.65469208137791490, -21.00000000000000000 ) ) ;
#1031 = AXIS2_PLACEMENT_3D ( 'NONE', #3622, #4489, #3228 ) ;
#1032 = ORIENTED_EDGE ( 'NONE', *, *, #3899, .F. ) ;
#1033 = AXIS2_PLACEMENT_3D ( 'NONE', #2960, #4604, #4193 ) ;
#1034 = CARTESIAN_POINT ( 'NONE',  ( 17.14002334301601493, -38.99999993959343669, 3.035766082959412415E-15 ) ) ;
#1035 = ORIENTED_EDGE ( 'NONE', *, *, #2269, .T. ) ;
#1036 = CARTESIAN_POINT ( 'NONE',  ( -18.39085061117215503, 37.64814983534142101, -0.1188031008947945666 ) ) ;
#1037 = ORIENTED_EDGE ( 'NONE', *, *, #320, .T. ) ;
#1038 = CARTESIAN_POINT ( 'NONE',  ( 37.36544263932090360, 10.00830714422331269, -7.999999999999996447 ) ) ;
#1039 = CARTESIAN_POINT ( 'NONE',  ( -8.015752016843286754, 40.00000000000000711, -8.376255239369054806 ) ) ;
#1040 = AXIS2_PLACEMENT_3D ( 'NONE', #4388, #182, #3102 ) ;
#1041 = CARTESIAN_POINT ( 'NONE',  ( -39.00000000000001421, -11.63997647495910570, -23.00346053482425646 ) ) ;
#1042 = CARTESIAN_POINT ( 'NONE',  ( -25.50791257258292433, 29.08073093500889073, 2.421815768813029360E-12 ) ) ;
#1043 = EDGE_LOOP ( 'NONE', ( #2080, #319, #855, #4208 ) ) ;
#1044 = CARTESIAN_POINT ( 'NONE',  ( 32.09427818217228179, -28.15121957492158344, 3.469446951953614189E-15 ) ) ;
#1045 = EDGE_CURVE ( 'NONE', #3438, #2565, #246, .T. ) ;
#1046 = DIRECTION ( 'NONE',  ( -0.7071067811865464625, 0.7071067811865486830, 0.000000000000000000 ) ) ;
#1047 = LINE ( 'NONE', #3070, #4722 ) ;
#1048 = CARTESIAN_POINT ( 'NONE',  ( 14.65469208137788115, -40.00000000000001421, -21.00000000000000000 ) ) ;
#1049 = CARTESIAN_POINT ( 'NONE',  ( 38.07342171107068651, -19.14307412587046997, 2.602085213965211036E-15 ) ) ;
#1050 = ORGANIZATION ( 'UNSPECIFIED', 'UNSPECIFIED', '' ) ;
#1051 = CARTESIAN_POINT ( 'NONE',  ( -38.99999999999997868, 14.19089515228838927, -0.2921848167994624546 ) ) ;
#1052 = VERTEX_POINT ( 'NONE', #1840 ) ;
#1053 = B_SPLINE_CURVE_WITH_KNOTS ( 'NONE', 3,
 ( #4899, #2850, #367, #1221, #4143, #4552, #835, #2496, #1249, #2909, #3148, #1587, #660, #4088 ),
 .UNSPECIFIED., .F., .F.,
 ( 4, 2, 2, 2, 2, 2, 4 ),
 ( 0.000000000000000000, 0.0008952823307468613882, 0.001790564661493722776, 0.002238205826867153362, 0.002685846992240584381, 0.003133488157614014967, 0.003581129322987445553 ),
 .UNSPECIFIED. ) ;
#1054 = CYLINDRICAL_SURFACE ( 'NONE', #1169, 0.3999999999999975797 ) ;
#1055 = VECTOR ( 'NONE', #2344, 1000.000000000000000 ) ;
#1056 = CARTESIAN_POINT ( 'NONE',  ( -39.99999999999998579, -35.79999999999999005, 0.000000000000000000 ) ) ;
#1057 = DIRECTION ( 'NONE',  ( 1.000000000000000000, 0.000000000000000000, 0.000000000000000000 ) ) ;
#1058 = AXIS2_PLACEMENT_3D ( 'NONE', #2098, #3759, #30 ) ;
#1059 = DIRECTION ( 'NONE',  ( -1.000000000000000000, 0.000000000000000000, 0.000000000000000000 ) ) ;
#1060 = CARTESIAN_POINT ( 'NONE',  ( -30.71886892957465065, -30.23178942252035739, -3.999999999999994671 ) ) ;
#1061 = ORIENTED_EDGE ( 'NONE', *, *, #2237, .F. ) ;
#1062 = EDGE_CURVE ( 'NONE', #4136, #349, #4668, .T. ) ;
#1063 = DIRECTION ( 'NONE',  ( -1.000000000000000000, 0.000000000000000000, 0.000000000000000000 ) ) ;
#1064 = VERTEX_POINT ( 'NONE', #648 ) ;
#1065 = DIRECTION ( 'NONE',  ( 1.000000000000000000, 0.000000000000000000, 0.000000000000000000 ) ) ;
#1066 = CARTESIAN_POINT ( 'NONE',  ( -9.803179785194988227, -9.994881995256244878, 0.000000000000000000 ) ) ;
#1067 = LINE ( 'NONE', #298, #862 ) ;
#1068 = CARTESIAN_POINT ( 'NONE',  ( 37.36544263931503451, 10.00830714422093592, 4.840162090674098644E-12 ) ) ;
#1069 = ORIENTED_EDGE ( 'NONE', *, *, #149, .F. ) ;
#1070 = ADVANCED_FACE ( 'NONE', ( #3106 ), #4749, .T. ) ;
#1071 = DIRECTION ( 'NONE',  ( 1.000000000000000000, 0.000000000000000000, 0.000000000000000000 ) ) ;
#1072 = VECTOR ( 'NONE', #1262, 1000.000000000000000 ) ;
#1073 = CARTESIAN_POINT ( 'NONE',  ( -9.994881995257438589, 9.803179785196164175, -2.000000000000000000 ) ) ;
#1074 = DIRECTION ( 'NONE',  ( 1.000000000000000000, 0.000000000000000000, 0.000000000000000000 ) ) ;
#1075 = DIRECTION ( 'NONE',  ( 0.7071067811865475727, -0.7071067811865475727, 0.000000000000000000 ) ) ;
#1076 = EDGE_CURVE ( 'NONE', #4674, #1400, #3989, .T. ) ;
#1077 = CARTESIAN_POINT ( 'NONE',  ( 21.67913016185021391, -36.67120930405874901, 3.035766082959412415E-15 ) ) ;
#1078 = DIRECTION ( 'NONE',  ( -0.7071067811865470176, 0.7071067811865481278, 0.000000000000000000 ) ) ;
#1079 = ORIENTED_EDGE ( 'NONE', *, *, #5306, .F. ) ;
#1080 = AXIS2_PLACEMENT_3D ( 'NONE', #4796, #978, #4692 ) ;
#1081 = CARTESIAN_POINT ( 'NONE',  ( 32.83431457504996587, -32.29289321881349650, -4.000000000000000000 ) ) ;
#1082 = DESIGN_CONTEXT ( 'detailed design', #2517, 'design' ) ;
#1083 = DIRECTION ( 'NONE',  ( 0.7002271275140118378, 0.7139201425183883121, 0.000000000000000000 ) ) ;
#1084 = CARTESIAN_POINT ( 'NONE',  ( 39.99999999999998579, -35.79999999999999005, 0.000000000000000000 ) ) ;
#1085 = AXIS2_PLACEMENT_3D ( 'NONE', #5218, #2852, #4497 ) ;
#1086 = FACE_OUTER_BOUND ( 'NONE', #1547, .T. ) ;
#1087 = APPROVAL_STATUS ( 'not_yet_approved' ) ;
#1088 = ORIENTED_EDGE ( 'NONE', *, *, #4493, .F. ) ;
#1089 = CARTESIAN_POINT ( 'NONE',  ( -36.67120930406264279, -21.67913016185186237, 3.035766082959412415E-15 ) ) ;
#1090 = ORIENTED_EDGE ( 'NONE', *, *, #2294, .F. ) ;
#1091 = CARTESIAN_POINT ( 'NONE',  ( 28.35280479012996224, -29.05991157131734326, -9.901133055671076377 ) ) ;
#1092 = CARTESIAN_POINT ( 'NONE',  ( 0.000000000000000000, 0.000000000000000000, -19.00000000000000355 ) ) ;
#1093 = CARTESIAN_POINT ( 'NONE',  ( 0.000000000000000000, 0.000000000000000000, -3.999999999999994671 ) ) ;
#1094 = CARTESIAN_POINT ( 'NONE',  ( -19.34441602242049996, -33.49829972218032026, -7.999999999999996447 ) ) ;
#1095 = ORIENTED_EDGE ( 'NONE', *, *, #4448, .T. ) ;
#1096 = CARTESIAN_POINT ( 'NONE',  ( -36.96962611825793488, -21.34901871904759574, 3.469446951953614189E-15 ) ) ;
#1097 = CARTESIAN_POINT ( 'NONE',  ( -6.809691084851816179, 40.02484362653888184, -7.974924713410731059 ) ) ;
#1098 = LINE ( 'NONE', #279, #1214 ) ;
#1099 = EDGE_CURVE ( 'NONE', #3608, #5043, #2388, .T. ) ;
#1100 = CARTESIAN_POINT ( 'NONE',  ( -40.00000000000002842, -14.65469208137791490, -21.00000000000000000 ) ) ;
#1101 = DIRECTION ( 'NONE',  ( 0.000000000000000000, 1.000000000000000000, -0.000000000000000000 ) ) ;
#1102 = DIRECTION ( 'NONE',  ( 1.000000000000000000, 0.000000000000000000, 0.000000000000000000 ) ) ;
#1103 = VERTEX_POINT ( 'NONE', #669 ) ;
#1104 = CARTESIAN_POINT ( 'NONE',  ( 28.47820534928909098, 28.93703198470296556, -7.974924713410731059 ) ) ;
#1105 = CARTESIAN_POINT ( 'NONE',  ( 0.000000000000000000, 0.000000000000000000, -3.000000000000000000 ) ) ;
#1106 = ORIENTED_EDGE ( 'NONE', *, *, #2643, .T. ) ;
#1107 = EDGE_LOOP ( 'NONE', ( #1793, #4567, #409, #3388 ) ) ;
#1108 = DIRECTION ( 'NONE',  ( 0.000000000000000000, 0.000000000000000000, -1.000000000000000000 ) ) ;
#1109 = DATE_TIME_ROLE ( 'classification_date' ) ;
#1110 = ORIENTED_EDGE ( 'NONE', *, *, #2872, .F. ) ;
#1111 = ADVANCED_FACE ( 'NONE', ( #235 ), #1007, .T. ) ;
#1112 = LINE ( 'NONE', #729, #4636 ) ;
#1113 = EDGE_CURVE ( 'NONE', #1965, #4017, #3029, .T. ) ;
#1114 = CARTESIAN_POINT ( 'NONE',  ( 27.93071785686864672, 28.63782463805517153, -4.000000000000000000 ) ) ;
#1115 = AXIS2_PLACEMENT_3D ( 'NONE', #4868, #2819, #334 ) ;
#1116 = ORIENTED_EDGE ( 'NONE', *, *, #4788, .F. ) ;
#1117 = DIRECTION ( 'NONE',  ( 1.000000000000000000, 0.000000000000000000, 0.000000000000000000 ) ) ;
#1118 = VECTOR ( 'NONE', #1525, 1000.000000000000000 ) ;
#1119 = AXIS2_PLACEMENT_3D ( 'NONE', #1778, #870, #68 ) ;
#1120 = ADVANCED_FACE ( 'NONE', ( #5223 ), #1628, .T. ) ;
#1121 = EDGE_CURVE ( 'NONE', #5141, #349, #696, .T. ) ;
#1122 = CARTESIAN_POINT ( 'NONE',  ( 32.01005050633803251, -32.71715728752543129, -4.000000000000000000 ) ) ;
#1123 = DIRECTION ( 'NONE',  ( 1.000000000000000000, 0.000000000000000000, 0.000000000000000000 ) ) ;
#1124 = CARTESIAN_POINT ( 'NONE',  ( 19.34441602241936309, 33.49829972218108054, -7.999999999999996447 ) ) ;
#1125 = ORIENTED_EDGE ( 'NONE', *, *, #4381, .T. ) ;
#1126 = CARTESIAN_POINT ( 'NONE',  ( -38.35118100781438955, 5.052665715420568304, 3.469446951953614189E-15 ) ) ;
#1127 = EDGE_CURVE ( 'NONE', #4001, #2696, #5120, .T. ) ;
#1128 = CARTESIAN_POINT ( 'NONE',  ( -35.80000000000001847, 35.79999999999999716, -21.00000000000000000 ) ) ;
#1129 = DIRECTION ( 'NONE',  ( 0.000000000000000000, 0.000000000000000000, -1.000000000000000000 ) ) ;
#1130 = LINE ( 'NONE', #4923, #2152 ) ;
#1131 = CARTESIAN_POINT ( 'NONE',  ( -39.99999999999997158, 12.48103486337087453, -5.512891614740012436 ) ) ;
#1132 = DIRECTION ( 'NONE',  ( 1.000000000000000000, 0.000000000000000000, 0.000000000000000000 ) ) ;
#1133 = VERTEX_POINT ( 'NONE', #2277 ) ;
#1134 = DIRECTION ( 'NONE',  ( 0.7071067811865474617, 0.7071067811865474617, 0.000000000000000000 ) ) ;
#1135 = VECTOR ( 'NONE', #2142, 1000.000000000000000 ) ;
#1136 = CARTESIAN_POINT ( 'NONE',  ( -5.058090852957217720, -38.99999999999997158, -3.410484943289864290 ) ) ;
#1137 = VERTEX_POINT ( 'NONE', #1490 ) ;
#1138 = ORIENTED_EDGE ( 'NONE', *, *, #4454, .T. ) ;
#1139 = CARTESIAN_POINT ( 'NONE',  ( 34.80812422002902196, 22.51252100524340705, -7.974924713410731947 ) ) ;
#1140 = AXIS2_PLACEMENT_3D ( 'NONE', #1092, #4026, #2424 ) ;
#1141 = ORIENTED_EDGE ( 'NONE', *, *, #2947, .T. ) ;
#1142 = AXIS2_PLACEMENT_3D ( 'NONE', #1951, #1604, #4080 ) ;
#1143 = CARTESIAN_POINT ( 'NONE',  ( 29.05991157131652614, -28.35280479013080779, 0.000000000000000000 ) ) ;
#1144 = CARTESIAN_POINT ( 'NONE',  ( 32.83431457504996587, -32.29289321881349650, -22.00000000000000000 ) ) ;
#1145 = VECTOR ( 'NONE', #5225, 1000.000000000000000 ) ;
#1146 = APPROVAL_PERSON_ORGANIZATION ( #2801, #1882, #3666 ) ;
#1147 = VERTEX_POINT ( 'NONE', #1414 ) ;
#1148 = ADVANCED_FACE ( 'NONE', ( #1086 ), #4823, .T. ) ;
#1149 = CARTESIAN_POINT ( 'NONE',  ( 30.71886892957343562, -30.23178942252158663, -3.999999999999994671 ) ) ;
#1150 = CARTESIAN_POINT ( 'NONE',  ( 28.63782463805438638, -27.93071785686866804, -4.000000000000000000 ) ) ;
#1151 = CARTESIAN_POINT ( 'NONE',  ( -35.80000000000001847, -35.80000000000000426, -21.00000000000000000 ) ) ;
#1152 = DIRECTION ( 'NONE',  ( 0.000000000000000000, 0.000000000000000000, 1.000000000000000000 ) ) ;
#1153 = CARTESIAN_POINT ( 'NONE',  ( 12.43752441299868572, -36.62854763707590422, -7.999999999999996447 ) ) ;
#1154 = ORIENTED_EDGE ( 'NONE', *, *, #3689, .T. ) ;
#1155 = EDGE_CURVE ( 'NONE', #3709, #1329, #3913, .T. ) ;
#1156 = CARTESIAN_POINT ( 'NONE',  ( 2.526364092029745656, -38.60000000000000853, 6.938893903907228378E-15 ) ) ;
#1157 = CARTESIAN_POINT ( 'NONE',  ( -6.933513821201237270, 40.75262783848651793, -5.809228155108670855 ) ) ;
#1158 = FACE_BOUND ( 'NONE', #3633, .T. ) ;
#1159 = VECTOR ( 'NONE', #4225, 1000.000000000000000 ) ;
#1160 = CARTESIAN_POINT ( 'NONE',  ( -35.79999999999998295, -35.79999999999999005, -4.000000000000000000 ) ) ;
#1161 = DIRECTION ( 'NONE',  ( -1.000000000000000000, 0.000000000000000000, 0.000000000000000000 ) ) ;
#1162 = DIRECTION ( 'NONE',  ( 0.000000000000000000, -0.000000000000000000, 1.000000000000000000 ) ) ;
#1163 = VERTEX_POINT ( 'NONE', #2304 ) ;
#1164 = CARTESIAN_POINT ( 'NONE',  ( 29.05991157131695601, 28.35280479013038502, -9.901133055671081706 ) ) ;
#1165 = CARTESIAN_POINT ( 'NONE',  ( 2.922255940757500614, -38.99999999999999289, -4.096972257825552077 ) ) ;
#1166 = ORIENTED_EDGE ( 'NONE', *, *, #842, .F. ) ;
#1167 = CARTESIAN_POINT ( 'NONE',  ( 38.60000000000000853, 2.363568322354392619E-15, -7.999999999999996447 ) ) ;
#1168 = LINE ( 'NONE', #347, #2945 ) ;
#1169 = AXIS2_PLACEMENT_3D ( 'NONE', #618, #3934, #206 ) ;
#1170 = CALENDAR_DATE ( 2025, 12, 2 ) ;
#1171 = ORIENTED_EDGE ( 'NONE', *, *, #479, .F. ) ;
#1172 = CARTESIAN_POINT ( 'NONE',  ( -38.60000000000000853, 2.526364092261797367, -7.999999999999996447 ) ) ;
#1173 = DIRECTION ( 'NONE',  ( 0.000000000000000000, 0.000000000000000000, -1.000000000000000000 ) ) ;
#1174 = CIRCLE ( 'NONE', #390, 2.250000000000001776 ) ;
#1175 = ADVANCED_FACE ( 'NONE', ( #4339 ), #3938, .F. ) ;
#1176 = ORIENTED_EDGE ( 'NONE', *, *, #3867, .F. ) ;
#1177 = CARTESIAN_POINT ( 'NONE',  ( 28.93703198470258542, -28.47820534928947467, -7.974924713410731059 ) ) ;
#1178 = ORIENTED_EDGE ( 'NONE', *, *, #710, .T. ) ;
#1179 = CARTESIAN_POINT ( 'NONE',  ( -35.80000000000001847, 35.79999999999999716, -21.00000000000000000 ) ) ;
#1180 = CARTESIAN_POINT ( 'NONE',  ( 30.47422735383654668, 29.76712057264996503, -21.00000000000000355 ) ) ;
#1181 = EDGE_CURVE ( 'NONE', #760, #968, #3531, .T. ) ;
#1182 = CARTESIAN_POINT ( 'NONE',  ( 29.54705476808315723, -28.83994798689745664, -6.714188349114099452 ) ) ;
#1183 = CARTESIAN_POINT ( 'NONE',  ( -25.50791257257810329, -29.08073093502338935, -7.999999999999996447 ) ) ;
#1184 = ORIENTED_EDGE ( 'NONE', *, *, #4359, .T. ) ;
#1185 = CARTESIAN_POINT ( 'NONE',  ( 5.576258017536727785, 42.32539665628529946, 3.469446951953614189E-15 ) ) ;
#1186 = B_SPLINE_CURVE_WITH_KNOTS ( 'NONE', 3,
 ( #984, #2225, #3807, #2641, #4290, #3835, #2254, #104, #188, #1036, #1842, #3110, #4751, #1895 ),
 .UNSPECIFIED., .F., .F.,
 ( 4, 2, 2, 2, 2, 2, 4 ),
 ( 0.000000000000000000, 0.0008952823321018631110, 0.001790564664203726222, 0.002238205830254654579, 0.002685846996305583587, 0.003133488162356512161, 0.003581129328407441168 ),
 .UNSPECIFIED. ) ;
#1187 = CARTESIAN_POINT ( 'NONE',  ( -39.99999999999998579, -6.954135460285583825, -19.00000000000000000 ) ) ;
#1188 = DIRECTION ( 'NONE',  ( 0.000000000000000000, 0.000000000000000000, -1.000000000000000000 ) ) ;
#1189 = CARTESIAN_POINT ( 'NONE',  ( -38.05000000000001847, 35.79999999999999716, -21.00000000000000000 ) ) ;
#1190 = LINE ( 'NONE', #2849, #3080 ) ;
#1191 = DIRECTION ( 'NONE',  ( -0.000000000000000000, -0.000000000000000000, -1.000000000000000000 ) ) ;
#1192 = AXIS2_PLACEMENT_3D ( 'NONE', #3314, #4898, #3655 ) ;
#1193 = ORIENTED_EDGE ( 'NONE', *, *, #4966, .F. ) ;
#1194 = PLANE ( 'NONE',  #1085 ) ;
#1195 = EDGE_CURVE ( 'NONE', #40, #1312, #763, .T. ) ;
#1196 = CARTESIAN_POINT ( 'NONE',  ( 5.047700614290691945, -39.00000000000002842, -3.414367292931548281 ) ) ;
#1197 = VERTEX_POINT ( 'NONE', #841 ) ;
#1198 = FACE_OUTER_BOUND ( 'NONE', #3185, .T. ) ;
#1199 = CARTESIAN_POINT ( 'NONE',  ( 40.02484362653889605, 6.809691084851713150, -7.974924713410731059 ) ) ;
#1200 = ORIENTED_EDGE ( 'NONE', *, *, #3831, .F. ) ;
#1201 = CARTESIAN_POINT ( 'NONE',  ( -5.052665715192915741, 38.35118100785404494, -7.999999999999996447 ) ) ;
#1202 = CARTESIAN_POINT ( 'NONE',  ( -6.809691084851795750, -40.02484362653888184, -10.49999999999999467 ) ) ;
#1203 = EDGE_LOOP ( 'NONE', ( #2913, #955, #1903, #3269 ) ) ;
#1204 = DIRECTION ( 'NONE',  ( 1.000000000000000000, 0.000000000000000000, 0.000000000000000000 ) ) ;
#1205 = CARTESIAN_POINT ( 'NONE',  ( 0.000000000000000000, 0.000000000000000000, -10.49999999999999467 ) ) ;
#1206 = VERTEX_POINT ( 'NONE', #3664 ) ;
#1207 = VECTOR ( 'NONE', #4043, 1000.000000000000000 ) ;
#1208 = CARTESIAN_POINT ( 'NONE',  ( 39.99999999999997868, -7.682772394080309653, -8.737810347550045265 ) ) ;
#1209 = CARTESIAN_POINT ( 'NONE',  ( 36.56611452834972908, 21.57198015966580229, -3.474889138639721806E-14 ) ) ;
#1210 = CARTESIAN_POINT ( 'NONE',  ( 37.36544263932090360, 10.00830714422331269, -7.999999999999996447 ) ) ;
#1211 = ORIENTED_EDGE ( 'NONE', *, *, #2393, .T. ) ;
#1212 = VECTOR ( 'NONE', #5143, 1000.000000000000114 ) ;
#1213 = CARTESIAN_POINT ( 'NONE',  ( -12.43752441299724865, -36.62854763708605788, 3.469446951953614189E-15 ) ) ;
#1214 = VECTOR ( 'NONE', #2760, 1000.000000000000000 ) ;
#1215 = CARTESIAN_POINT ( 'NONE',  ( -38.05000000000001847, 35.79999999999999716, -25.00000000000000000 ) ) ;
#1216 = B_SPLINE_CURVE_WITH_KNOTS ( 'NONE', 3,
 ( #1559, #3654, #1907, #1960 ),
 .UNSPECIFIED., .F., .F.,
 ( 4, 4 ),
 ( 0.02181336887358436422, 0.02972557279073496581 ),
 .UNSPECIFIED. ) ;
#1217 = CARTESIAN_POINT ( 'NONE',  ( 38.99999999999997868, 4.776122516674676300E-15, -4.512880845167546617 ) ) ;
#1218 = CARTESIAN_POINT ( 'NONE',  ( -39.99999999999998579, -9.558424586246687227, -19.44607338324340873 ) ) ;
#1219 = CARTESIAN_POINT ( 'NONE',  ( 32.43431457505078441, 32.29289321881343966, -21.00000000000000000 ) ) ;
#1220 = EDGE_CURVE ( 'NONE', #3864, #2596, #4060, .T. ) ;
#1221 = CARTESIAN_POINT ( 'NONE',  ( -36.69430515131982418, -17.41835339419841588, -1.037413722470365451 ) ) ;
#1222 = VERTEX_POINT ( 'NONE', #4124 ) ;
#1223 = CARTESIAN_POINT ( 'NONE',  ( 29.40126994286529438, 28.69416316167872338, -7.267845903257159179 ) ) ;
#1224 = DIRECTION ( 'NONE',  ( 1.000000000000000000, 0.000000000000000000, 0.000000000000000000 ) ) ;
#1225 = EDGE_LOOP ( 'NONE', ( #846, #2221, #1534, #876 ) ) ;
#1226 = CARTESIAN_POINT ( 'NONE',  ( -29.23226350692102216, -28.52515672573288796, -8.129379289557835619 ) ) ;
#1227 = DIRECTION ( 'NONE',  ( -0.000000000000000000, 0.000000000000000000, 1.000000000000000000 ) ) ;
#1228 = ORIENTED_EDGE ( 'NONE', *, *, #4008, .T. ) ;
#1229 = CARTESIAN_POINT ( 'NONE',  ( -37.36544263927535781, 10.00830714445220160, -7.999999999999996447 ) ) ;
#1230 = CARTESIAN_POINT ( 'NONE',  ( -15.06124857429828801, -38.62095163394736375, -10.49999999999999645 ) ) ;
#1231 = ORIENTED_EDGE ( 'NONE', *, *, #4398, .T. ) ;
#1232 = B_SPLINE_CURVE_WITH_KNOTS ( 'NONE', 3,
 ( #2595, #2210, #1296, #523 ),
 .UNSPECIFIED., .F., .F.,
 ( 4, 4 ),
 ( 2.828534383508556571E-07, 0.002828812200178106289 ),
 .UNSPECIFIED. ) ;
#1233 = CIRCLE ( 'NONE', #1653, 40.60000000000000142 ) ;
#1234 = CARTESIAN_POINT ( 'NONE',  ( 42.48942759369030142, -7.229007038352444958, -3.999999999999994671 ) ) ;
#1235 = CARTESIAN_POINT ( 'NONE',  ( 0.000000000000000000, 0.000000000000000000, -3.999999999999994671 ) ) ;
#1236 = VERTEX_POINT ( 'NONE', #1570 ) ;
#1237 = CARTESIAN_POINT ( 'NONE',  ( -29.05991157131655100, 28.35280479013078647, -10.49999999999999467 ) ) ;
#1238 = CIRCLE ( 'NONE', #268, 2.250000000000001776 ) ;
#1239 = SECURITY_CLASSIFICATION ( '', '', #4907 ) ;
#1240 = DIRECTION ( 'NONE',  ( 0.000000000000000000, 0.000000000000000000, -1.000000000000000000 ) ) ;
#1241 = ORIENTED_EDGE ( 'NONE', *, *, #1564, .T. ) ;
#1242 = ORIENTED_EDGE ( 'NONE', *, *, #106, .T. ) ;
#1243 = CARTESIAN_POINT ( 'NONE',  ( -36.62854763708605788, 12.43752441299481859, 3.469446951953614189E-15 ) ) ;
#1244 = CARTESIAN_POINT ( 'NONE',  ( -6.954135460285505665, -40.00000000000000000, -10.49999999999999467 ) ) ;
#1245 = CARTESIAN_POINT ( 'NONE',  ( 40.00000000000001421, -6.954135460285430170, -19.00000000000000355 ) ) ;
#1246 = CARTESIAN_POINT ( 'NONE',  ( 13.72638704646747243, -40.42425205542264166, 3.469446951953614189E-15 ) ) ;
#1247 = ADVANCED_FACE ( 'NONE', ( #3267 ), #3491, .F. ) ;
#1248 = DIRECTION ( 'NONE',  ( -0.000000000000000000, -0.000000000000000000, -1.000000000000000000 ) ) ;
#1249 = CARTESIAN_POINT ( 'NONE',  ( -37.45178353158216566, -18.19064434372414141, -0.2311821098816381481 ) ) ;
#1250 = VERTEX_POINT ( 'NONE', #1648 ) ;
#1251 = DIRECTION ( 'NONE',  ( 0.000000000000000000, 0.000000000000000000, 1.000000000000000000 ) ) ;
#1252 = AXIS2_PLACEMENT_3D ( 'NONE', #1862, #3961, #1057 ) ;
#1253 = EDGE_CURVE ( 'NONE', #4136, #3695, #4149, .T. ) ;
#1254 = CARTESIAN_POINT ( 'NONE',  ( 39.00000000000002132, -14.42119258902754098, -23.90636139317032161 ) ) ;
#1255 = ORIENTED_EDGE ( 'NONE', *, *, #2539, .T. ) ;
#1256 = CARTESIAN_POINT ( 'NONE',  ( -9.994881995257438589, 9.803179785196164175, -2.000000000000000000 ) ) ;
#1257 = CARTESIAN_POINT ( 'NONE',  ( -39.99999999999998579, -6.954135460285585602, 0.000000000000000000 ) ) ;
#1258 = EDGE_LOOP ( 'NONE', ( #2378, #4625 ) ) ;
#1259 = CARTESIAN_POINT ( 'NONE',  ( -38.04999999999999005, -35.79999999999999005, 0.000000000000000000 ) ) ;
#1260 = LINE ( 'NONE', #90, #881 ) ;
#1261 = ORIENTED_EDGE ( 'NONE', *, *, #3433, .T. ) ;
#1262 = DIRECTION ( 'NONE',  ( 0.000000000000000000, 0.000000000000000000, 1.000000000000000000 ) ) ;
#1263 = CARTESIAN_POINT ( 'NONE',  ( -28.35280479013118793, -29.05991157131614955, -10.49999999999999467 ) ) ;
#1264 = ORIENTED_EDGE ( 'NONE', *, *, #151, .T. ) ;
#1265 = CARTESIAN_POINT ( 'NONE',  ( -7.332121517394531551, -39.00000000000000711, -22.07673107339851626 ) ) ;
#1266 = ORIENTED_EDGE ( 'NONE', *, *, #2317, .T. ) ;
#1267 = EDGE_LOOP ( 'NONE', ( #571, #128, #3023, #250 ) ) ;
#1268 = CARTESIAN_POINT ( 'NONE',  ( 38.35118100781438955, 5.052665715424222270, -4.833223196770201109E-12 ) ) ;
#1269 = DIRECTION ( 'NONE',  ( 0.7071067811865493491, 8.659560562354955045E-17, -0.7071067811865456854 ) ) ;
#1270 = CARTESIAN_POINT ( 'NONE',  ( -20.68506034233582369, 35.69620587545142598, -0.4493371843352602091 ) ) ;
#1271 = CARTESIAN_POINT ( 'NONE',  ( -40.42425205543234057, 13.72638704646741203, 3.469446951953614189E-15 ) ) ;
#1272 = CARTESIAN_POINT ( 'NONE',  ( -17.74043900498421067, 38.73657374399060416, 2.602085213965210642E-15 ) ) ;
#1273 = ORIENTED_EDGE ( 'NONE', *, *, #2926, .T. ) ;
#1274 = DIRECTION ( 'NONE',  ( 1.000000000000000000, 0.000000000000000000, 0.000000000000000000 ) ) ;
#1275 = CARTESIAN_POINT ( 'NONE',  ( -5.742546231493114384, 39.00000000000000000, -3.148320723282240774 ) ) ;
#1276 = ORIENTED_EDGE ( 'NONE', *, *, #4422, .T. ) ;
#1277 = CARTESIAN_POINT ( 'NONE',  ( -29.08909648910122669, -28.38198970791308540, -9.306702252272049947 ) ) ;
#1278 = LINE ( 'NONE', #976, #589 ) ;
#1279 = VERTEX_POINT ( 'NONE', #1596 ) ;
#1280 = ADVANCED_FACE ( 'NONE', ( #1540 ), #5300, .F. ) ;
#1281 = DIRECTION ( 'NONE',  ( -0.000000000000000000, 0.000000000000000000, 1.000000000000000000 ) ) ;
#1282 = ORIENTED_EDGE ( 'NONE', *, *, #1495, .T. ) ;
#1283 = DIRECTION ( 'NONE',  ( -0.000000000000000000, -0.000000000000000000, 1.000000000000000000 ) ) ;
#1284 = EDGE_CURVE ( 'NONE', #1312, #698, #2857, .T. ) ;
#1285 = CARTESIAN_POINT ( 'NONE',  ( -40.02484362653887473, -6.809691084851885456, -10.49999999999999467 ) ) ;
#1286 = EDGE_LOOP ( 'NONE', ( #720, #140, #786 ) ) ;
#1287 = EDGE_CURVE ( 'NONE', #324, #453, #2056, .T. ) ;
#1288 = LINE ( 'NONE', #1734, #800 ) ;
#1289 = EDGE_LOOP ( 'NONE', ( #953, #657, #823, #456, #1493, #29, #1922, #1627, #3490, #3351, #213, #3372, #3796, #3485, #4776, #360 ) ) ;
#1290 = CARTESIAN_POINT ( 'NONE',  ( -10.00830714422373191, -37.36544263932082544, -7.999999999999996447 ) ) ;
#1291 = CIRCLE ( 'NONE', #1712, 14.00000000000000000 ) ;
#1292 = LINE ( 'NONE', #3812, #4611 ) ;
#1293 = CARTESIAN_POINT ( 'NONE',  ( -38.60000000000000853, 2.363568322354392225E-15, -7.999999999999996447 ) ) ;
#1294 = CIRCLE ( 'NONE', #1987, 2.250000000000001776 ) ;
#1295 = CARTESIAN_POINT ( 'NONE',  ( 28.15121957492154081, -32.09427818217232442, 3.469446951953614189E-15 ) ) ;
#1296 = CARTESIAN_POINT ( 'NONE',  ( 30.00278955953622173, 29.29568277834964718, -20.33333220206242231 ) ) ;
#1297 = CIRCLE ( 'NONE', #4322, 3.000000000000000000 ) ;
#1298 = EDGE_CURVE ( 'NONE', #26, #1206, #3294, .T. ) ;
#1299 = ORIENTED_EDGE ( 'NONE', *, *, #340, .F. ) ;
#1300 = FACE_OUTER_BOUND ( 'NONE', #4622, .T. ) ;
#1301 = AXIS2_PLACEMENT_3D ( 'NONE', #3795, #5086, #21 ) ;
#1302 = CARTESIAN_POINT ( 'NONE',  ( 9.216557336312167337, 38.99999999999998579, -1.793028025695075911 ) ) ;
#1303 = VERTEX_POINT ( 'NONE', #2831 ) ;
#1304 = CARTESIAN_POINT ( 'NONE',  ( -36.67120930406264279, -21.67913016185186237, 3.035766082959412415E-15 ) ) ;
#1305 = DIRECTION ( 'NONE',  ( -1.000000000000000000, 0.000000000000000000, -0.000000000000000000 ) ) ;
#1306 = EDGE_LOOP ( 'NONE', ( #1386, #1334, #2757, #4558 ) ) ;
#1307 = CARTESIAN_POINT ( 'NONE',  ( -17.86664138135670044, 35.75224795643890729, -1.999999999999961364 ) ) ;
#1308 = CIRCLE ( 'NONE', #5023, 40.60000000000000142 ) ;
#1309 = CARTESIAN_POINT ( 'NONE',  ( 18.09375032943531636, -37.35674794810483945, -0.2996631552940573484 ) ) ;
#1310 = ORIENTED_EDGE ( 'NONE', *, *, #1253, .F. ) ;
#1311 = FACE_OUTER_BOUND ( 'NONE', #375, .T. ) ;
#1312 = VERTEX_POINT ( 'NONE', #3607 ) ;
#1313 = CARTESIAN_POINT ( 'NONE',  ( -11.64264288749788534, -39.00000000000000711, -23.00432787803436341 ) ) ;
#1314 = EDGE_CURVE ( 'NONE', #2924, #345, #3210, .T. ) ;
#1315 = ADVANCED_FACE ( 'NONE', ( #315 ), #4099, .F. ) ;
#1316 = AXIS2_PLACEMENT_3D ( 'NONE', #3733, #822, #4993 ) ;
#1317 = ORIENTED_EDGE ( 'NONE', *, *, #251, .F. ) ;
#1318 = CARTESIAN_POINT ( 'NONE',  ( 38.60000000000000853, 2.526364092029780295, 6.938893903907228378E-15 ) ) ;
#1319 = AXIS2_PLACEMENT_3D ( 'NONE', #2285, #3946, #218 ) ;
#1320 = CARTESIAN_POINT ( 'NONE',  ( -40.00000000000020606, -12.48139895843891978, -5.512719177525901237 ) ) ;
#1321 = CARTESIAN_POINT ( 'NONE',  ( -21.46694255748798241, 36.46309156050718059, -0.01567462032987137696 ) ) ;
#1322 = CARTESIAN_POINT ( 'NONE',  ( -2.788163479804881106, 42.60000000000001563, 3.469446951953614189E-15 ) ) ;
#1323 = AXIS2_PLACEMENT_3D ( 'NONE', #1336, #2201, #517 ) ;
#1324 = CARTESIAN_POINT ( 'NONE',  ( 0.000000000000000000, 0.000000000000000000, -19.00000000000000355 ) ) ;
#1325 = ORIENTED_EDGE ( 'NONE', *, *, #4196, .F. ) ;
#1326 = CARTESIAN_POINT ( 'NONE',  ( -5.106985117663508156, 16.21476805285735523, -2.000000000000000000 ) ) ;
#1327 = CARTESIAN_POINT ( 'NONE',  ( -13.46082332253807756, 39.00000000000001421, -0.4522312827652108513 ) ) ;
#1328 = FACE_OUTER_BOUND ( 'NONE', #1615, .T. ) ;
#1329 = VERTEX_POINT ( 'NONE', #2028 ) ;
#1330 = CARTESIAN_POINT ( 'NONE',  ( 35.79999999999998295, -35.79999999999999005, 0.000000000000000000 ) ) ;
#1331 = DIRECTION ( 'NONE',  ( 1.000000000000000000, 0.000000000000000000, 0.000000000000000000 ) ) ;
#1332 = LINE ( 'NONE', #3051, #5345 ) ;
#1333 = CIRCLE ( 'NONE', #2021, 43.10000000000000853 ) ;
#1334 = ORIENTED_EDGE ( 'NONE', *, *, #2674, .F. ) ;
#1335 = CARTESIAN_POINT ( 'NONE',  ( -38.62095163394747033, -15.06124857429760056, -7.974924713410730170 ) ) ;
#1336 = CARTESIAN_POINT ( 'NONE',  ( 35.80000000000001847, 35.79999999999999716, -25.00000000000000000 ) ) ;
#1337 = EDGE_CURVE ( 'NONE', #5273, #4084, #1168, .T. ) ;
#1338 = ORIENTED_EDGE ( 'NONE', *, *, #4183, .T. ) ;
#1339 = CARTESIAN_POINT ( 'NONE',  ( -5.052665715421309933, -38.35118100780861994, -7.999999999999996447 ) ) ;
#1340 = AXIS2_PLACEMENT_3D ( 'NONE', #123, #2117, #3754 ) ;
#1341 = EDGE_CURVE ( 'NONE', #2656, #2774, #5326, .T. ) ;
#1342 = EDGE_CURVE ( 'NONE', #4122, #3446, #5272, .T. ) ;
#1343 = DIRECTION ( 'NONE',  ( -1.000000000000000000, 0.000000000000000000, 0.000000000000000000 ) ) ;
#1344 = CARTESIAN_POINT ( 'NONE',  ( -38.04999999999999005, 35.79999999999999716, -4.000000000000000000 ) ) ;
#1345 = CARTESIAN_POINT ( 'NONE',  ( -10.00830714422335710, 37.36544263931503451, 4.840162090674105107E-12 ) ) ;
#1346 = FACE_OUTER_BOUND ( 'NONE', #4634, .T. ) ;
#1347 = EDGE_LOOP ( 'NONE', ( #1266, #5024, #3109, #4997, #906, #3162, #1787 ) ) ;
#1348 = CARTESIAN_POINT ( 'NONE',  ( -35.79999999999998295, -35.79999999999999005, -4.000000000000000000 ) ) ;
#1349 = CARTESIAN_POINT ( 'NONE',  ( 34.74887402186159591, 19.71920331487885747, -1.999999999999998224 ) ) ;
#1350 = CARTESIAN_POINT ( 'NONE',  ( 39.00000000000002842, 2.921634448185417288, -21.48245702633811405 ) ) ;
#1351 = CARTESIAN_POINT ( 'NONE',  ( -11.30228221448959225, 39.00000000000002132, -1.024864003471940510 ) ) ;
#1352 = CARTESIAN_POINT ( 'NONE',  ( 7.853121567701223604, -7.702498402653104925, -2.000000000000000000 ) ) ;
#1353 = DIRECTION ( 'NONE',  ( -0.000000000000000000, 0.000000000000000000, 1.000000000000000000 ) ) ;
#1354 = ORIENTED_EDGE ( 'NONE', *, *, #935, .F. ) ;
#1355 = ADVANCED_FACE ( 'NONE', ( #4179, #4252, #1328, #946, #4986, #47 ), #3371, .T. ) ;
#1356 = DIRECTION ( 'NONE',  ( -0.000000000000000000, 0.000000000000000000, 1.000000000000000000 ) ) ;
#1357 = CARTESIAN_POINT ( 'NONE',  ( 8.733420342281215554, 39.99999999999996447, -7.734626784764281560 ) ) ;
#1358 = ORIENTED_EDGE ( 'NONE', *, *, #1045, .T. ) ;
#1359 = CARTESIAN_POINT ( 'NONE',  ( 39.00000000000000711, 13.46128001385319628, -0.4521269785436484168 ) ) ;
#1360 = EDGE_LOOP ( 'NONE', ( #2635, #506, #5164, #556, #241, #4707, #2385, #4238, #338, #5327, #3854, #3857, #4402, #2211, #1943, #5202 ) ) ;
#1361 = MECHANICAL_CONTEXT ( 'NONE', #2052, 'mechanical' ) ;
#1362 = ORIENTED_EDGE ( 'NONE', *, *, #4321, .F. ) ;
#1363 = CC_DESIGN_DATE_AND_TIME_ASSIGNMENT ( #1571, #1109, ( #1239 ) ) ;
#1364 = EDGE_CURVE ( 'NONE', #3464, #4974, #3445, .T. ) ;
#1365 = CARTESIAN_POINT ( 'NONE',  ( -28.93703198470258187, 28.47820534928947822, -7.974924713410731059 ) ) ;
#1366 = ORIENTED_EDGE ( 'NONE', *, *, #5360, .F. ) ;
#1367 = B_SPLINE_CURVE_WITH_KNOTS ( 'NONE', 3,
 ( #259, #4901, #3202, #2436 ),
 .UNSPECIFIED., .F., .F.,
 ( 4, 4 ),
 ( 2.828524546465057615E-07, 0.002828812199194406189 ),
 .UNSPECIFIED. ) ;
#1368 = CARTESIAN_POINT ( 'NONE',  ( -12.43752441299386469, -36.62854763707789374, -7.999999999999996447 ) ) ;
#1369 = LINE ( 'NONE', #3031, #1486 ) ;
#1370 = CARTESIAN_POINT ( 'NONE',  ( 38.99999999999998579, 39.00000000000000711, -55.15432893255070468 ) ) ;
#1371 = CARTESIAN_POINT ( 'NONE',  ( 38.60000000000000853, -2.526364092029770969, 6.938893903907228378E-15 ) ) ;
#1372 = CARTESIAN_POINT ( 'NONE',  ( 0.3535533905925010711, -0.3535533905925015707, -21.00000000000000000 ) ) ;
#1373 = EDGE_LOOP ( 'NONE', ( #4691, #2306, #2529, #3091 ) ) ;
#1374 = CYLINDRICAL_SURFACE ( 'NONE', #2617, 0.3999999999999975797 ) ;
#1375 = DIRECTION ( 'NONE',  ( 0.000000000000000000, 0.000000000000000000, -1.000000000000000000 ) ) ;
#1376 = CARTESIAN_POINT ( 'NONE',  ( 9.994881995256392315, -9.803179785195139218, -2.000000000000000000 ) ) ;
#1377 = CIRCLE ( 'NONE', #2863, 14.00000000000000000 ) ;
#1378 = CARTESIAN_POINT ( 'NONE',  ( -32.71715728752620578, -32.57573593128729073, -22.00000000000000000 ) ) ;
#1379 = EDGE_CURVE ( 'NONE', #4118, #4919, #3853, .T. ) ;
#1380 = LINE ( 'NONE', #1352, #4652 ) ;
#1381 = CARTESIAN_POINT ( 'NONE',  ( 39.00000000000002842, 17.13942822850279413, -25.00000000000000000 ) ) ;
#1382 = ORIENTED_EDGE ( 'NONE', *, *, #1729, .F. ) ;
#1383 = AXIS2_PLACEMENT_3D ( 'NONE', #2629, #2189, #3822 ) ;
#1384 = FACE_OUTER_BOUND ( 'NONE', #3940, .T. ) ;
#1385 = CARTESIAN_POINT ( 'NONE',  ( -35.75224795644076181, -17.86664138135763835, -1.999999999999963141 ) ) ;
#1386 = ORIENTED_EDGE ( 'NONE', *, *, #5168, .F. ) ;
#1387 = EDGE_CURVE ( 'NONE', #5198, #1222, #1278, .T. ) ;
#1388 = LINE ( 'NONE', #569, #5253 ) ;
#1389 = ORIENTED_EDGE ( 'NONE', *, *, #251, .T. ) ;
#1390 = CARTESIAN_POINT ( 'NONE',  ( 35.80000000000001137, -35.80000000000000426, -21.00000000000000000 ) ) ;
#1391 = ORIENTED_EDGE ( 'NONE', *, *, #2708, .T. ) ;
#1392 = CARTESIAN_POINT ( 'NONE',  ( 32.83431457505078299, 32.29289321881343966, -4.000000000000000000 ) ) ;
#1393 = CARTESIAN_POINT ( 'NONE',  ( 0.000000000000000000, 0.000000000000000000, 0.000000000000000000 ) ) ;
#1394 = CARTESIAN_POINT ( 'NONE',  ( 22.04433513975650882, 36.46956197305319591, 2.602085213965210642E-15 ) ) ;
#1395 = CARTESIAN_POINT ( 'NONE',  ( -2.526364092029800279, -38.60000000000000853, 6.938893903907228378E-15 ) ) ;
#1396 = ORIENTED_EDGE ( 'NONE', *, *, #4405, .F. ) ;
#1397 = CARTESIAN_POINT ( 'NONE',  ( -9.994881995257436813, 9.803179785196165952, -2.000000000000000000 ) ) ;
#1398 = CARTESIAN_POINT ( 'NONE',  ( -13.72638704646742269, -40.42425205543233346, 3.469446951953614189E-15 ) ) ;
#1399 = VECTOR ( 'NONE', #2343, 1000.000000000000000 ) ;
#1400 = VERTEX_POINT ( 'NONE', #2970 ) ;
#1401 = CARTESIAN_POINT ( 'NONE',  ( 35.79999999999998295, -35.79999999999999005, -4.000000000000000000 ) ) ;
#1402 = DIRECTION ( 'NONE',  ( -0.000000000000000000, -0.000000000000000000, -1.000000000000000000 ) ) ;
#1403 = EDGE_CURVE ( 'NONE', #2198, #324, #1291, .T. ) ;
#1404 = AXIS2_PLACEMENT_3D ( 'NONE', #1151, #4481, #4051 ) ;
#1405 = FACE_OUTER_BOUND ( 'NONE', #4811, .T. ) ;
#1406 = CARTESIAN_POINT ( 'NONE',  ( 23.89875998339848095, -36.95148162274031733, -3.999999999999995115 ) ) ;
#1407 = CARTESIAN_POINT ( 'NONE',  ( 32.99999999999920419, -32.29289321881349650, -4.000000000000000000 ) ) ;
#1408 = VERTEX_POINT ( 'NONE', #1381 ) ;
#1409 = CYLINDRICAL_SURFACE ( 'NONE', #2472, 38.60000000000000853 ) ;
#1410 = EDGE_CURVE ( 'NONE', #4887, #3888, #5005, .T. ) ;
#1411 = CARTESIAN_POINT ( 'NONE',  ( 0.000000000000000000, 0.000000000000000000, -21.00000000000000355 ) ) ;
#1412 = B_SPLINE_CURVE_WITH_KNOTS ( 'NONE', 3,
 ( #2974, #3832, #1810, #2562 ),
 .UNSPECIFIED., .F., .F.,
 ( 4, 4 ),
 ( 2.828524546548816468E-07, 0.002828812199194406622 ),
 .UNSPECIFIED. ) ;
#1413 = VERTEX_POINT ( 'NONE', #3016 ) ;
#1414 = CARTESIAN_POINT ( 'NONE',  ( 30.12069803581589156, 30.82780481700241637, -3.999999999999994671 ) ) ;
#1415 = CALENDAR_DATE ( 2025, 12, 2 ) ;
#1416 = ORIENTED_EDGE ( 'NONE', *, *, #2235, .T. ) ;
#1417 = DIRECTION ( 'NONE',  ( -0.000000000000000000, -0.000000000000000000, 1.000000000000000000 ) ) ;
#1418 = AXIS2_PLACEMENT_3D ( 'NONE', #2303, #1488, #3156 ) ;
#1419 = ORIENTED_EDGE ( 'NONE', *, *, #4242, .T. ) ;
#1420 = CARTESIAN_POINT ( 'NONE',  ( 0.000000000000000000, 0.000000000000000000, -2.000000000000000000 ) ) ;
#1421 = CARTESIAN_POINT ( 'NONE',  ( 38.99999999999997158, -1.845835835003547531, -4.343299346819589957 ) ) ;
#1422 = CIRCLE ( 'NONE', #31, 43.10000000000000853 ) ;
#1423 = CARTESIAN_POINT ( 'NONE',  ( 18.15106376798565790, 38.55619126301163391, 2.602085213965211036E-15 ) ) ;
#1424 = CARTESIAN_POINT ( 'NONE',  ( 42.32539665628529235, 5.576258017539204914, 3.469446951953614189E-15 ) ) ;
#1425 = ORIENTED_EDGE ( 'NONE', *, *, #842, .T. ) ;
#1426 = DIRECTION ( 'NONE',  ( -0.000000000000000000, -0.000000000000000000, 1.000000000000000000 ) ) ;
#1427 = EDGE_LOOP ( 'NONE', ( #3837, #4289, #1834, #1755 ) ) ;
#1428 = DIRECTION ( 'NONE',  ( 1.000000000000000000, 0.000000000000000000, 0.000000000000000000 ) ) ;
#1429 = CIRCLE ( 'NONE', #1597, 40.60000000000000142 ) ;
#1430 = FACE_OUTER_BOUND ( 'NONE', #2610, .T. ) ;
#1431 = DIRECTION ( 'NONE',  ( -1.000000000000000000, 0.000000000000000000, -0.000000000000000000 ) ) ;
#1432 = CARTESIAN_POINT ( 'NONE',  ( 17.13942822850282965, -39.00000000000001421, -25.00000000000000000 ) ) ;
#1433 = CARTESIAN_POINT ( 'NONE',  ( -16.05023364315923118, 40.00000000000000711, -4.000000000000000000 ) ) ;
#1434 = EDGE_CURVE ( 'NONE', #1815, #2769, #1028, .T. ) ;
#1435 = ORIENTED_EDGE ( 'NONE', *, *, #2268, .F. ) ;
#1436 = CARTESIAN_POINT ( 'NONE',  ( 39.99999999999998579, -35.79999999999999005, -4.000000000000000000 ) ) ;
#1437 = FACE_OUTER_BOUND ( 'NONE', #1710, .T. ) ;
#1438 = DIRECTION ( 'NONE',  ( 0.000000000000000000, 1.000000000000000000, 0.000000000000000000 ) ) ;
#1439 = CARTESIAN_POINT ( 'NONE',  ( 40.00000000000024158, 12.48139895843883629, -5.512719177525917225 ) ) ;
#1440 = DIRECTION ( 'NONE',  ( 1.000000000000000000, 0.000000000000000000, 0.000000000000000000 ) ) ;
#1441 = VERTEX_POINT ( 'NONE', #2161 ) ;
#1442 = ORIENTED_EDGE ( 'NONE', *, *, #1341, .F. ) ;
#1443 = ADVANCED_FACE ( 'NONE', ( #3775 ), #2556, .F. ) ;
#1444 = CARTESIAN_POINT ( 'NONE',  ( 30.12069803581545102, -30.82780481700284270, -3.999999999999994671 ) ) ;
#1445 = CARTESIAN_POINT ( 'NONE',  ( -6.954135460285507442, 40.00000000000000711, -10.25327012558362050 ) ) ;
#1446 = CARTESIAN_POINT ( 'NONE',  ( -35.80000000000001847, -35.80000000000000426, -25.00000000000000000 ) ) ;
#1447 = CARTESIAN_POINT ( 'NONE',  ( -25.50791257257810685, -29.08073093502338224, 3.469446951953614189E-15 ) ) ;
#1448 = ORIENTED_EDGE ( 'NONE', *, *, #3530, .T. ) ;
#1449 = CARTESIAN_POINT ( 'NONE',  ( 0.000000000000000000, 0.000000000000000000, -19.00000000000000355 ) ) ;
#1450 = DIRECTION ( 'NONE',  ( -0.000000000000000000, -0.000000000000000000, 1.000000000000000000 ) ) ;
#1451 = CARTESIAN_POINT ( 'NONE',  ( 39.00000000000002132, 4.776206671155229375E-15, -21.40000000000003411 ) ) ;
#1452 = CARTESIAN_POINT ( 'NONE',  ( 36.84286170721654230, 17.56981498914664641, -0.8217467033333075710 ) ) ;
#1453 = CARTESIAN_POINT ( 'NONE',  ( -28.63782463805518930, 27.93071785686942832, -4.000000000000000000 ) ) ;
#1454 = EDGE_CURVE ( 'NONE', #3695, #5141, #3635, .T. ) ;
#1455 = PERSON ( 'UNSPECIFIED', 'UNSPECIFIED', 'UNSPECIFIED', ('UNSPECIFIED'), ('UNSPECIFIED'), ('UNSPECIFIED') ) ;
#1456 = CARTESIAN_POINT ( 'NONE',  ( -33.34343045139166861, 26.60722896894978007, 2.602085213965211036E-15 ) ) ;
#1457 = EDGE_LOOP ( 'NONE', ( #1876, #1491, #1231, #1435 ) ) ;
#1458 = AXIS2_PLACEMENT_3D ( 'NONE', #1517, #262, #2720 ) ;
#1459 = FACE_OUTER_BOUND ( 'NONE', #2705, .T. ) ;
#1460 = CARTESIAN_POINT ( 'NONE',  ( 28.62112856064467792, 29.32823534183122760, -7.545352519806542979 ) ) ;
#1461 = AXIS2_PLACEMENT_3D ( 'NONE', #5006, #2084, #5059 ) ;
#1462 = CARTESIAN_POINT ( 'NONE',  ( -13.23820004496838720, 1.621211931154288312E-15, -2.000000000000000000 ) ) ;
#1463 = VECTOR ( 'NONE', #521, 1000.000000000000000 ) ;
#1464 = CARTESIAN_POINT ( 'NONE',  ( 39.99999999999998579, 11.61044496192363518, -5.940935100629638477 ) ) ;
#1465 = CARTESIAN_POINT ( 'NONE',  ( -38.99999999999999289, -13.46127995756128470, -0.4521269918298641555 ) ) ;
#1466 = ORIENTED_EDGE ( 'NONE', *, *, #4342, .T. ) ;
#1467 = DIRECTION ( 'NONE',  ( -0.000000000000000000, -0.000000000000000000, 1.000000000000000000 ) ) ;
#1468 = B_SPLINE_CURVE_WITH_KNOTS ( 'NONE', 3,
 ( #4532, #3696, #813, #404, #2442, #2914, #2027, #1226, #5356, #1277, #2470, #1647 ),
 .UNSPECIFIED., .F., .F.,
 ( 4, 2, 2, 2, 2, 4 ),
 ( 8.673617379884035472E-19, 0.001790017109510015940, 0.003580034219020031012, 0.004475042773775034753, 0.005370051328530038061, 0.007160068438040045544 ),
 .UNSPECIFIED. ) ;
#1469 = EDGE_LOOP ( 'NONE', ( #4872, #1416, #4609, #4262 ) ) ;
#1470 = CARTESIAN_POINT ( 'NONE',  ( 32.57573593128808653, 32.71715728752537444, -4.000000000000000000 ) ) ;
#1471 = DIRECTION ( 'NONE',  ( -0.000000000000000000, -0.000000000000000000, -1.000000000000000000 ) ) ;
#1472 = ADVANCED_FACE ( 'NONE', ( #2136, #532 ), #93, .F. ) ;
#1473 = EDGE_CURVE ( 'NONE', #2640, #3159, #3045, .T. ) ;
#1474 = CIRCLE ( 'NONE', #79, 4.200000000000009059 ) ;
#1475 = CARTESIAN_POINT ( 'NONE',  ( 29.05991157131694891, 28.35280479013036725, -10.49999999999999467 ) ) ;
#1476 = CARTESIAN_POINT ( 'NONE',  ( 5.052665715417216319, -38.35118100780943706, -7.999999999999996447 ) ) ;
#1477 = ORIENTED_EDGE ( 'NONE', *, *, #666, .F. ) ;
#1478 = CARTESIAN_POINT ( 'NONE',  ( -28.15121957491675175, -32.09427818217712058, 3.469446951953614189E-15 ) ) ;
#1479 = CARTESIAN_POINT ( 'NONE',  ( 38.45925868526558844, 18.33405147083204767, 2.602085213965210642E-15 ) ) ;
#1480 = FACE_BOUND ( 'NONE', #400, .T. ) ;
#1481 = CARTESIAN_POINT ( 'NONE',  ( 9.558424586246623278, -40.00000000000000000, -19.44607338324340873 ) ) ;
#1482 = CARTESIAN_POINT ( 'NONE',  ( -39.99999999999997868, 6.954135460285591819, -10.25372598931162749 ) ) ;
#1483 = CARTESIAN_POINT ( 'NONE',  ( -38.99999999999998579, 12.03195813893669275, -0.8310264153497648465 ) ) ;
#1484 = ORIENTED_EDGE ( 'NONE', *, *, #1062, .T. ) ;
#1485 = CYLINDRICAL_SURFACE ( 'NONE', #3423, 2.250000000000001776 ) ;
#1486 = VECTOR ( 'NONE', #1790, 1000.000000000000000 ) ;
#1487 = DIRECTION ( 'NONE',  ( 1.000000000000000000, 0.000000000000000000, 0.000000000000000000 ) ) ;
#1488 = DIRECTION ( 'NONE',  ( -0.000000000000000000, -0.000000000000000000, 1.000000000000000000 ) ) ;
#1489 = CIRCLE ( 'NONE', #3149, 42.60000000000000142 ) ;
#1490 = CARTESIAN_POINT ( 'NONE',  ( -21.67913016185288910, 36.67120930406396440, 3.035766082959412415E-15 ) ) ;
#1491 = ORIENTED_EDGE ( 'NONE', *, *, #1284, .T. ) ;
#1492 = CARTESIAN_POINT ( 'NONE',  ( -35.79999999999998295, -40.00000000000000000, -4.000000000000000000 ) ) ;
#1493 = ORIENTED_EDGE ( 'NONE', *, *, #1387, .T. ) ;
#1494 = CARTESIAN_POINT ( 'NONE',  ( 5.052665715419464298, 38.35118100780897521, -7.999999999999996447 ) ) ;
#1495 = EDGE_CURVE ( 'NONE', #4818, #1822, #5015, .T. ) ;
#1496 = CARTESIAN_POINT ( 'NONE',  ( -30.47422735383731762, -29.76712057264917277, -21.00000000000000355 ) ) ;
#1497 = DIRECTION ( 'NONE',  ( -0.000000000000000000, 1.000000000000000000, 0.000000000000000000 ) ) ;
#1498 = CARTESIAN_POINT ( 'NONE',  ( 17.10563656558635870, -34.69495227279541183, -7.999999999999996447 ) ) ;
#1499 = ORIENTED_EDGE ( 'NONE', *, *, #4015, .F. ) ;
#1500 = CARTESIAN_POINT ( 'NONE',  ( 42.32539665629497705, -5.576258017536721567, 3.469446951953614189E-15 ) ) ;
#1501 = EDGE_CURVE ( 'NONE', #937, #4857, #4596, .T. ) ;
#1502 = AXIS2_PLACEMENT_3D ( 'NONE', #861, #85, #452 ) ;
#1503 = B_SPLINE_CURVE_WITH_KNOTS ( 'NONE', 3,
 ( #2538, #853, #4597, #1709, #2954, #2868, #4512, #5335, #3307, #5022, #794, #2453, #2122, #1265, #4941, #1313, #2510, #2065 ),
 .UNSPECIFIED., .F., .F.,
 ( 4, 2, 2, 2, 2, 2, 2, 2, 4 ),
 ( 0.04104753412443286342, 0.04983951091286409341, 0.05203750510997190437, 0.05423549930707970840, 0.05863148770129532339, 0.06302747609551093144, 0.06522547029261872853, 0.06742346448972652562, 0.07621544127815774172 ),
 .UNSPECIFIED. ) ;
#1504 = CARTESIAN_POINT ( 'NONE',  ( -38.16791124357969522, -18.92077598718449494, 3.035766082959412415E-15 ) ) ;
#1505 = CARTESIAN_POINT ( 'NONE',  ( 32.57573593128726941, -32.71715728752543839, -21.00000000000000000 ) ) ;
#1506 = CARTESIAN_POINT ( 'NONE',  ( -28.38198970791348330, 29.08909648910081103, -9.306702252272048170 ) ) ;
#1507 = DIRECTION ( 'NONE',  ( 1.000000000000000000, -0.000000000000000000, -0.000000000000000000 ) ) ;
#1508 = DIRECTION ( 'NONE',  ( -0.7071067811865474617, -0.7071067811865474617, 0.000000000000000000 ) ) ;
#1509 = EDGE_CURVE ( 'NONE', #3861, #69, #1026, .T. ) ;
#1510 = ORIENTED_EDGE ( 'NONE', *, *, #341, .F. ) ;
#1511 = CIRCLE ( 'NONE', #3169, 38.60000000000000853 ) ;
#1512 = PLANE ( 'NONE',  #1685 ) ;
#1513 = DIRECTION ( 'NONE',  ( 0.7071067811865481278, 0.7071067811865470176, 0.000000000000000000 ) ) ;
#1514 = ORIENTED_EDGE ( 'NONE', *, *, #2276, .T. ) ;
#1515 = AXIS2_PLACEMENT_3D ( 'NONE', #3521, #969, #3927 ) ;
#1516 = EDGE_CURVE ( 'NONE', #169, #88, #640, .T. ) ;
#1517 = CARTESIAN_POINT ( 'NONE',  ( 0.000000000000000000, 0.000000000000000000, -21.00000000000000355 ) ) ;
#1518 = ADVANCED_FACE ( 'NONE', ( #3473 ), #5111, .F. ) ;
#1519 = ORIENTED_EDGE ( 'NONE', *, *, #1076, .T. ) ;
#1520 = CARTESIAN_POINT ( 'NONE',  ( -35.87147181183134137, -20.86375362250534593, -0.2906197018332571935 ) ) ;
#1521 = ORIENTED_EDGE ( 'NONE', *, *, #2467, .F. ) ;
#1522 = ADVANCED_FACE ( 'NONE', ( #2715 ), #4817, .F. ) ;
#1523 = DIRECTION ( 'NONE',  ( -0.000000000000000000, 0.000000000000000000, 1.000000000000000000 ) ) ;
#1524 = DIRECTION ( 'NONE',  ( 0.000000000000000000, -0.000000000000000000, 1.000000000000000000 ) ) ;
#1525 = DIRECTION ( 'NONE',  ( -0.000000000000000000, -0.000000000000000000, 1.000000000000000000 ) ) ;
#1526 = CARTESIAN_POINT ( 'NONE',  ( -2.526364092029774966, 38.60000000000000853, -7.999999999999996447 ) ) ;
#1527 = ORIENTED_EDGE ( 'NONE', *, *, #1775, .F. ) ;
#1528 = CARTESIAN_POINT ( 'NONE',  ( 21.34901871904757442, 36.96962611826762668, 3.469446951953614189E-15 ) ) ;
#1529 = LINE ( 'NONE', #1073, #1055 ) ;
#1530 = FACE_OUTER_BOUND ( 'NONE', #2146, .T. ) ;
#1531 = CARTESIAN_POINT ( 'NONE',  ( -6.954135460285507442, 40.00000000000000000, 0.000000000000000000 ) ) ;
#1532 = CARTESIAN_POINT ( 'NONE',  ( -39.99999999999997868, 9.124626556402171573, -7.446766312614623295 ) ) ;
#1533 = CARTESIAN_POINT ( 'NONE',  ( -30.82780481700203978, 30.12069803581627880, -3.999999999999994671 ) ) ;
#1534 = ORIENTED_EDGE ( 'NONE', *, *, #2892, .F. ) ;
#1535 = CARTESIAN_POINT ( 'NONE',  ( 22.51252100524344968, 34.80812422002900774, -7.974924713410731947 ) ) ;
#1536 = EDGE_CURVE ( 'NONE', #1822, #3341, #2271, .T. ) ;
#1537 = CARTESIAN_POINT ( 'NONE',  ( 16.39175407386795058, -39.00000000644924825, -2.285859580323602684E-15 ) ) ;
#1538 = ORIENTED_EDGE ( 'NONE', *, *, #3448, .T. ) ;
#1539 = ORIENTED_EDGE ( 'NONE', *, *, #2805, .F. ) ;
#1540 = FACE_OUTER_BOUND ( 'NONE', #1920, .T. ) ;
#1541 = VECTOR ( 'NONE', #1283, 1000.000000000000000 ) ;
#1542 = ORIENTED_EDGE ( 'NONE', *, *, #308, .T. ) ;
#1543 = CARTESIAN_POINT ( 'NONE',  ( -33.49829972230849506, 19.34441602222866408, -7.999999999999994671 ) ) ;
#1544 = CARTESIAN_POINT ( 'NONE',  ( -35.69620587334728157, -20.68506034019082307, -0.4493371864652140335 ) ) ;
#1545 = EDGE_CURVE ( 'NONE', #75, #3242, #3980, .T. ) ;
#1546 = AXIS2_PLACEMENT_3D ( 'NONE', #3316, #2763, #4092 ) ;
#1547 = EDGE_LOOP ( 'NONE', ( #2245, #416, #2733, #4563 ) ) ;
#1548 = DIRECTION ( 'NONE',  ( 1.000000000000000000, 0.000000000000000000, 0.000000000000000000 ) ) ;
#1549 = AXIS2_PLACEMENT_3D ( 'NONE', #4206, #796, #3800 ) ;
#1550 = AXIS2_PLACEMENT_3D ( 'NONE', #2823, #2022, #1132 ) ;
#1551 = DIRECTION ( 'NONE',  ( -0.7071067811865479058, -0.7071067811865472397, 0.000000000000000000 ) ) ;
#1552 = CARTESIAN_POINT ( 'NONE',  ( -18.15106376795364795, -38.55619126301651534, 2.602085213965211430E-15 ) ) ;
#1553 = CARTESIAN_POINT ( 'NONE',  ( -10.00830714422373191, -37.36544263932082544, -7.999999999999996447 ) ) ;
#1554 = ORIENTED_EDGE ( 'NONE', *, *, #2751, .T. ) ;
#1555 = CARTESIAN_POINT ( 'NONE',  ( -36.62854763707638739, -12.43752441299239031, 3.469446951953614189E-15 ) ) ;
#1556 = AXIS2_PLACEMENT_3D ( 'NONE', #1967, #750, #4530 ) ;
#1557 = CARTESIAN_POINT ( 'NONE',  ( -40.00000000000002842, 0.000000000000000000, -21.00000000000000000 ) ) ;
#1558 = CARTESIAN_POINT ( 'NONE',  ( -14.00000000000000000, 1.714505518806294638E-15, -20.99999999999999645 ) ) ;
#1559 = CARTESIAN_POINT ( 'NONE',  ( -6.954135460285507442, -40.00000000000000000, -19.00000000000000355 ) ) ;
#1560 = CARTESIAN_POINT ( 'NONE',  ( -39.99999999999998579, -16.05023364315927026, -4.000000000000000000 ) ) ;
#1561 = FACE_OUTER_BOUND ( 'NONE', #4220, .T. ) ;
#1562 = ORIENTED_EDGE ( 'NONE', *, *, #3272, .T. ) ;
#1563 = CARTESIAN_POINT ( 'NONE',  ( 30.82780481700244479, 30.12069803581586314, -3.999999999999994671 ) ) ;
#1564 = EDGE_CURVE ( 'NONE', #4212, #5090, #3550, .T. ) ;
#1565 = PRODUCT_DEFINITION_SHAPE ( 'NONE', 'NONE',  #5035 ) ;
#1566 = AXIS2_PLACEMENT_3D ( 'NONE', #350, #1624, #5304 ) ;
#1567 = CARTESIAN_POINT ( 'NONE',  ( -3.653187712520670427, -38.99999999999998579, -3.891940217861646456 ) ) ;
#1568 = ORIENTED_EDGE ( 'NONE', *, *, #4944, .F. ) ;
#1569 = CARTESIAN_POINT ( 'NONE',  ( 25.50791257241622390, -29.08073093518526164, -7.999999999999996447 ) ) ;
#1570 = CARTESIAN_POINT ( 'NONE',  ( 40.00000000000002842, -14.65469208137785273, -21.00000000000000000 ) ) ;
#1571 = DATE_AND_TIME ( #1946, #4524 ) ;
#1572 = EDGE_LOOP ( 'NONE', ( #467, #22, #215, #5019 ) ) ;
#1573 = ADVANCED_FACE ( 'NONE', ( #2217 ), #663, .T. ) ;
#1574 = CARTESIAN_POINT ( 'NONE',  ( 5.052665715192919293, 38.35118100785403072, -7.999999999999994671 ) ) ;
#1575 = DIRECTION ( 'NONE',  ( 0.000000000000000000, 0.000000000000000000, 1.000000000000000000 ) ) ;
#1576 = AXIS2_PLACEMENT_3D ( 'NONE', #701, #1575, #3241 ) ;
#1577 = EDGE_LOOP ( 'NONE', ( #728, #2218, #2977, #923, #947, #295, #4354, #4613 ) ) ;
#1578 = CARTESIAN_POINT ( 'NONE',  ( 33.54999999999998295, -35.79999999999999005, -4.000000000000000000 ) ) ;
#1579 = ORIENTED_EDGE ( 'NONE', *, *, #3530, .F. ) ;
#1580 = DIRECTION ( 'NONE',  ( -1.224646799147353207E-16, 1.000000000000000000, 0.000000000000000000 ) ) ;
#1581 = CARTESIAN_POINT ( 'NONE',  ( 38.99999999999998579, -7.136526131253063454, -2.603914367275572683 ) ) ;
#1582 = DIRECTION ( 'NONE',  ( 1.000000000000000000, 0.000000000000000000, 0.000000000000000000 ) ) ;
#1583 = CARTESIAN_POINT ( 'NONE',  ( 38.60000000000000853, -2.526364092029770525, -7.999999999999996447 ) ) ;
#1584 = EDGE_LOOP ( 'NONE', ( #492, #3721, #2323, #2917 ) ) ;
#1585 = CARTESIAN_POINT ( 'NONE',  ( 33.49829972218225294, -19.34441602242177183, -2.416611598385095708E-12 ) ) ;
#1586 = LINE ( 'NONE', #659, #5282 ) ;
#1587 = CARTESIAN_POINT ( 'NONE',  ( -37.95473118079944186, -18.70342718703280127, -0.01573781994543958437 ) ) ;
#1588 = CARTESIAN_POINT ( 'NONE',  ( 28.82424422358010219, -29.53135100476749031, -19.66666547966192979 ) ) ;
#1589 = DIRECTION ( 'NONE',  ( -1.000000000000000000, 0.000000000000000000, 0.000000000000000000 ) ) ;
#1590 = CARTESIAN_POINT ( 'NONE',  ( 0.000000000000000000, 0.000000000000000000, -21.00000000000000355 ) ) ;
#1591 = ORIENTED_EDGE ( 'NONE', *, *, #5017, .T. ) ;
#1592 = CARTESIAN_POINT ( 'NONE',  ( 29.05991157131694891, 28.35280479013036725, -10.49999999999999467 ) ) ;
#1593 = CARTESIAN_POINT ( 'NONE',  ( 13.46082332254095704, -39.00000000000000000, -0.4522312827613926833 ) ) ;
#1594 = EDGE_LOOP ( 'NONE', ( #2194, #3964 ) ) ;
#1595 = CARTESIAN_POINT ( 'NONE',  ( 2.526364092261785821, -38.60000000000001563, -7.999999999999998224 ) ) ;
#1596 = CARTESIAN_POINT ( 'NONE',  ( -32.01005050633965254, -32.71715728752461416, -21.00000000000000000 ) ) ;
#1597 = AXIS2_PLACEMENT_3D ( 'NONE', #612, #3928, #2626 ) ;
#1598 = EDGE_LOOP ( 'NONE', ( #1176, #1812, #1022, #2053 ) ) ;
#1599 = CARTESIAN_POINT ( 'NONE',  ( 19.34441602222867118, 33.49829972230850927, -7.999999999999996447 ) ) ;
#1600 = CARTESIAN_POINT ( 'NONE',  ( 33.54999999999998295, -35.79999999999999005, -4.000000000000000000 ) ) ;
#1601 = CIRCLE ( 'NONE', #4373, 13.00000000000000178 ) ;
#1602 = ORIENTED_EDGE ( 'NONE', *, *, #5150, .F. ) ;
#1603 = CARTESIAN_POINT ( 'NONE',  ( 30.47422735383612036, -29.76712057265040556, -21.00000000000000355 ) ) ;
#1604 = DIRECTION ( 'NONE',  ( 0.000000000000000000, 0.000000000000000000, 1.000000000000000000 ) ) ;
#1605 = CARTESIAN_POINT ( 'NONE',  ( 40.00000000000001421, -11.60987976253619713, -5.941217092636412289 ) ) ;
#1606 = CARTESIAN_POINT ( 'NONE',  ( 30.26709458728447544, -29.55998780609874288, -4.893743914257109751 ) ) ;
#1607 = ADVANCED_FACE ( 'NONE', ( #3073 ), #3878, .T. ) ;
#1608 = CARTESIAN_POINT ( 'NONE',  ( 34.69495227279229255, 17.10563656559390466, -7.999999999999996447 ) ) ;
#1609 = ORIENTED_EDGE ( 'NONE', *, *, #2035, .T. ) ;
#1610 = CARTESIAN_POINT ( 'NONE',  ( 37.36544263931504162, -10.00830714422450463, 6.938893903907228378E-15 ) ) ;
#1611 = DIRECTION ( 'NONE',  ( 1.000000000000000000, 0.000000000000000000, 0.000000000000000000 ) ) ;
#1612 = CARTESIAN_POINT ( 'NONE',  ( -28.48210055581060729, 29.18920733699793146, -8.423618799320481187 ) ) ;
#1613 = DIRECTION ( 'NONE',  ( 1.000000000000000000, 0.000000000000000000, 0.000000000000000000 ) ) ;
#1614 = DIRECTION ( 'NONE',  ( 0.7071067811865474617, -0.7071067811865474617, 0.000000000000000000 ) ) ;
#1615 = EDGE_LOOP ( 'NONE', ( #4385, #3943, #1106, #80, #4721, #52, #893, #3381 ) ) ;
#1616 = CARTESIAN_POINT ( 'NONE',  ( 29.80828730054818720, 29.10118051936160199, -5.902511555014662292 ) ) ;
#1617 = DIRECTION ( 'NONE',  ( -1.000000000000000000, 0.000000000000000000, 0.000000000000000000 ) ) ;
#1618 = ORIENTED_EDGE ( 'NONE', *, *, #2980, .F. ) ;
#1619 = CARTESIAN_POINT ( 'NONE',  ( -33.49829972230850927, -19.34441602222866408, -7.999999999999998224 ) ) ;
#1620 = B_SPLINE_CURVE_WITH_KNOTS ( 'NONE', 3,
 ( #2930, #5026, #4192, #2570, #471, #1638, #858, #4215, #831, #4547, #2959, #2125, #2150, #57, #1320, #4603, #2491, #4573 ),
 .UNSPECIFIED., .F., .F.,
 ( 4, 2, 2, 2, 2, 2, 2, 2, 4 ),
 ( 0.000000000000000000, 0.0007287358697538023943, 0.001457471739507604789, 0.002186207609261407291, 0.002914943479015207842, 0.004372415218522805909, 0.005829886958030403542, 0.008744830437045597940, 0.01165977391606079494 ),
 .UNSPECIFIED. ) ;
#1621 = DIRECTION ( 'NONE',  ( 0.000000000000000000, 0.000000000000000000, 1.000000000000000000 ) ) ;
#1622 = ORIENTED_EDGE ( 'NONE', *, *, #306, .T. ) ;
#1623 = CARTESIAN_POINT ( 'NONE',  ( 29.08073093518525098, 25.50791257241623811, -7.999999999999998224 ) ) ;
#1624 = DIRECTION ( 'NONE',  ( 0.000000000000000000, 0.000000000000000000, -1.000000000000000000 ) ) ;
#1625 = ORIENTED_EDGE ( 'NONE', *, *, #4260, .F. ) ;
#1626 = DIRECTION ( 'NONE',  ( -1.000000000000000000, 0.000000000000000000, 0.000000000000000000 ) ) ;
#1627 = ORIENTED_EDGE ( 'NONE', *, *, #707, .T. ) ;
#1628 = CONICAL_SURFACE ( 'NONE', #1458, 42.60000000000000142, 0.7853981633974466137 ) ;
#1629 = CARTESIAN_POINT ( 'NONE',  ( 40.00000000000002842, -7.531576715440465364, -8.924919722730264127 ) ) ;
#1630 = EDGE_CURVE ( 'NONE', #4288, #26, #147, .T. ) ;
#1631 = AXIS2_PLACEMENT_3D ( 'NONE', #1370, #5155, #4651 ) ;
#1632 = CYLINDRICAL_SURFACE ( 'NONE', #2862, 38.60000000000000853 ) ;
#1633 = ORIENTED_EDGE ( 'NONE', *, *, #508, .F. ) ;
#1634 = AXIS2_PLACEMENT_3D ( 'NONE', #2368, #5206, #219 ) ;
#1635 = CARTESIAN_POINT ( 'NONE',  ( 30.69115434757429384, -23.54560596669147543, 2.420081045337054977E-12 ) ) ;
#1636 = VECTOR ( 'NONE', #1508, 1000.000000000000114 ) ;
#1637 = EDGE_CURVE ( 'NONE', #2482, #2143, #1804, .T. ) ;
#1638 = CARTESIAN_POINT ( 'NONE',  ( -39.99999999999997158, -7.531811502727538965, -8.924423628834018629 ) ) ;
#1639 = DIRECTION ( 'NONE',  ( 0.000000000000000000, 0.000000000000000000, -1.000000000000000000 ) ) ;
#1640 = CARTESIAN_POINT ( 'NONE',  ( 32.09427818217228179, -28.15121957492158344, 3.469446951953614189E-15 ) ) ;
#1641 = DIRECTION ( 'NONE',  ( 0.000000000000000000, 0.000000000000000000, -1.000000000000000000 ) ) ;
#1642 = CARTESIAN_POINT ( 'NONE',  ( 13.35333839647029386, 4.205752449842021790, -2.000000000000000000 ) ) ;
#1643 = ORIENTED_EDGE ( 'NONE', *, *, #1220, .F. ) ;
#1644 = CARTESIAN_POINT ( 'NONE',  ( -12.12253102154273954, 40.00000000000000000, -20.12891923398263927 ) ) ;
#1645 = CARTESIAN_POINT ( 'NONE',  ( -15.65319017220859976, 39.00000000000000711, -0.06690352959286847978 ) ) ;
#1646 = ORIENTED_EDGE ( 'NONE', *, *, #3243, .T. ) ;
#1647 = CARTESIAN_POINT ( 'NONE',  ( -29.05991157131771629, -28.35280479012957855, -10.49999999999999467 ) ) ;
#1648 = CARTESIAN_POINT ( 'NONE',  ( 13.23820004496838720, 0.000000000000000000, -2.000000000000000000 ) ) ;
#1649 = ORIENTED_EDGE ( 'NONE', *, *, #3212, .F. ) ;
#1650 = CARTESIAN_POINT ( 'NONE',  ( 38.60000000000000853, 2.363568322354392619E-15, -7.999999999999996447 ) ) ;
#1651 = CARTESIAN_POINT ( 'NONE',  ( -7.229007038352521342, -42.48942759369030142, -3.999999999999994671 ) ) ;
#1652 = VERTEX_POINT ( 'NONE', #1433 ) ;
#1653 = AXIS2_PLACEMENT_3D ( 'NONE', #116, #1773, #2032 ) ;
#1654 = DIRECTION ( 'NONE',  ( 0.7139201425183885341, -0.7002271275140115048, 0.000000000000000000 ) ) ;
#1655 = CARTESIAN_POINT ( 'NONE',  ( -38.05000000000001847, 35.79999999999999716, -21.00000000000000000 ) ) ;
#1656 = VERTEX_POINT ( 'NONE', #616 ) ;
#1657 = FACE_OUTER_BOUND ( 'NONE', #4054, .T. ) ;
#1658 = PRODUCT_DEFINITION_FORMATION_WITH_SPECIFIED_SOURCE ( 'ANY', '', #692, .NOT_KNOWN. ) ;
#1659 = EDGE_LOOP ( 'NONE', ( #4954, #3526 ) ) ;
#1660 = EDGE_LOOP ( 'NONE', ( #1968, #4875, #863, #582 ) ) ;
#1661 = CARTESIAN_POINT ( 'NONE',  ( 38.60000000000000853, 4.727136644708785238E-15, 6.938893903907228378E-15 ) ) ;
#1662 = CARTESIAN_POINT ( 'NONE',  ( 0.000000000000000000, 0.000000000000000000, -19.99999999999999645 ) ) ;
#1663 = LINE ( 'NONE', #5027, #3891 ) ;
#1664 = CARTESIAN_POINT ( 'NONE',  ( 41.23750923406996804, 11.04543741823498415, 3.469446951953614189E-15 ) ) ;
#1665 = EDGE_CURVE ( 'NONE', #2362, #1197, #2243, .T. ) ;
#1666 = DIRECTION ( 'NONE',  ( 0.000000000000000000, 0.000000000000000000, 1.000000000000000000 ) ) ;
#1667 = ORIENTED_EDGE ( 'NONE', *, *, #3890, .T. ) ;
#1668 = CARTESIAN_POINT ( 'NONE',  ( 40.00000000000002132, -35.80000000000000426, -21.00000000000000000 ) ) ;
#1669 = CIRCLE ( 'NONE', #2551, 0.3999999999999975797 ) ;
#1670 = CARTESIAN_POINT ( 'NONE',  ( -7.820333833050341354, 38.99999999999998579, -2.331119308242650234 ) ) ;
#1671 = ORIENTED_EDGE ( 'NONE', *, *, #2399, .T. ) ;
#1672 = EDGE_CURVE ( 'NONE', #4857, #1137, #3394, .T. ) ;
#1673 = FACE_OUTER_BOUND ( 'NONE', #1267, .T. ) ;
#1674 = ADVANCED_FACE ( 'NONE', ( #1561 ), #778, .T. ) ;
#1675 = CARTESIAN_POINT ( 'NONE',  ( -38.99999999999999289, 2.940822312534104199, -4.108303923173363792 ) ) ;
#1676 = ORIENTED_EDGE ( 'NONE', *, *, #4891, .T. ) ;
#1677 = VECTOR ( 'NONE', #1654, 1000.000000000000114 ) ;
#1678 = CYLINDRICAL_SURFACE ( 'NONE', #1939, 0.3999999999999975797 ) ;
#1679 = EDGE_CURVE ( 'NONE', #1413, #4257, #5095, .T. ) ;
#1680 = VERTEX_POINT ( 'NONE', #746 ) ;
#1681 = CARTESIAN_POINT ( 'NONE',  ( 39.32320844004129157, -15.33511195342503441, -5.809228155108672631 ) ) ;
#1682 = ORIENTED_EDGE ( 'NONE', *, *, #1630, .T. ) ;
#1683 = CARTESIAN_POINT ( 'NONE',  ( -39.00000000000002842, 5.107698286899983842, -21.72638054323952872 ) ) ;
#1684 = VERTEX_POINT ( 'NONE', #1937 ) ;
#1685 = AXIS2_PLACEMENT_3D ( 'NONE', #3693, #2826, #311 ) ;
#1686 = CARTESIAN_POINT ( 'NONE',  ( -29.32823534183082259, 28.62112856064507938, -7.545352519806544755 ) ) ;
#1687 = EDGE_CURVE ( 'NONE', #3551, #1441, #2772, .T. ) ;
#1688 = ORIENTED_EDGE ( 'NONE', *, *, #4032, .F. ) ;
#1689 = CARTESIAN_POINT ( 'NONE',  ( -29.08073093502098416, 25.50791257258050493, -7.999999999999996447 ) ) ;
#1690 = DIRECTION ( 'NONE',  ( 0.000000000000000000, 0.000000000000000000, -1.000000000000000000 ) ) ;
#1691 = LINE ( 'NONE', #4114, #1891 ) ;
#1692 = CARTESIAN_POINT ( 'NONE',  ( -25.98556513423219272, 33.87158484990926866, 3.469446951953614189E-15 ) ) ;
#1693 = CARTESIAN_POINT ( 'NONE',  ( 16.21476805285678680, 5.106985117665312046, -2.000000000000000000 ) ) ;
#1694 = CIRCLE ( 'NONE', #4630, 40.60000000000000142 ) ;
#1695 = ORIENTED_EDGE ( 'NONE', *, *, #3935, .T. ) ;
#1696 = DIRECTION ( 'NONE',  ( 0.7139201425183885341, -0.7002271275140115048, 0.000000000000000000 ) ) ;
#1697 = CARTESIAN_POINT ( 'NONE',  ( 0.3698107591005804773, 39.00000000000008527, -4.512794109986226765 ) ) ;
#1698 = VERTEX_POINT ( 'NONE', #4063 ) ;
#1699 = CARTESIAN_POINT ( 'NONE',  ( 6.933513821201223948, -40.75262783848651793, -5.809228155108670855 ) ) ;
#1700 = CARTESIAN_POINT ( 'NONE',  ( 0.000000000000000000, 0.000000000000000000, -25.00000000000000000 ) ) ;
#1701 = ORIENTED_EDGE ( 'NONE', *, *, #4877, .T. ) ;
#1702 = ADVANCED_FACE ( 'NONE', ( #4843 ), #3287, .F. ) ;
#1703 = DIRECTION ( 'NONE',  ( 1.000000000000000000, 0.000000000000000000, 0.000000000000000000 ) ) ;
#1704 = EDGE_CURVE ( 'NONE', #5301, #1869, #5240, .T. ) ;
#1705 = CARTESIAN_POINT ( 'NONE',  ( 38.99999999999998579, 4.776122516674676300E-15, -4.512880845167546617 ) ) ;
#1706 = ORIENTED_EDGE ( 'NONE', *, *, #3176, .T. ) ;
#1707 = CARTESIAN_POINT ( 'NONE',  ( -42.48942759369028010, -7.229007038352617265, -3.999999999999994671 ) ) ;
#1708 = ORIENTED_EDGE ( 'NONE', *, *, #2035, .F. ) ;
#1709 = CARTESIAN_POINT ( 'NONE',  ( 8.015378183532989809, -39.00000000000000711, -22.20890740345143755 ) ) ;
#1710 = EDGE_LOOP ( 'NONE', ( #1477, #2479, #412, #1724 ) ) ;
#1711 = CARTESIAN_POINT ( 'NONE',  ( 30.69115434758392524, 23.54560596669636752, 2.420081045337055784E-12 ) ) ;
#1712 = AXIS2_PLACEMENT_3D ( 'NONE', #2087, #1353, #2113 ) ;
#1713 = CARTESIAN_POINT ( 'NONE',  ( 32.71715728752458574, -32.57573593128811495, -4.000000000000000000 ) ) ;
#1714 = DIRECTION ( 'NONE',  ( 0.000000000000000000, 0.000000000000000000, -1.000000000000000000 ) ) ;
#1715 = CARTESIAN_POINT ( 'NONE',  ( 11.04543741823984959, -41.23750923406995383, 3.469446951953614189E-15 ) ) ;
#1716 = FACE_OUTER_BOUND ( 'NONE', #930, .T. ) ;
#1717 = VECTOR ( 'NONE', #681, 1000.000000000000000 ) ;
#1718 = ORIENTED_EDGE ( 'NONE', *, *, #3640, .T. ) ;
#1719 = LINE ( 'NONE', #2575, #4203 ) ;
#1720 = CARTESIAN_POINT ( 'NONE',  ( -0.7329776380264364510, 39.00000000000008527, -4.513053534062899885 ) ) ;
#1721 = CARTESIAN_POINT ( 'NONE',  ( -32.57573593128807943, 32.71715728752618446, -21.00000000000000000 ) ) ;
#1722 = CARTESIAN_POINT ( 'NONE',  ( -38.99999999999999289, -1.886103783506458564E-13, -4.512880845167525301 ) ) ;
#1723 = EDGE_CURVE ( 'NONE', #1779, #1684, #3897, .T. ) ;
#1724 = ORIENTED_EDGE ( 'NONE', *, *, #2301, .F. ) ;
#1725 = CARTESIAN_POINT ( 'NONE',  ( 35.26864718948892374, 18.80318611760958092, -2.000000000000140332 ) ) ;
#1726 = VECTOR ( 'NONE', #3954, 1000.000000000000000 ) ;
#1727 = CARTESIAN_POINT ( 'NONE',  ( 16.05023364315923828, 40.00000000000000711, -4.000000000000000000 ) ) ;
#1728 = EDGE_CURVE ( 'NONE', #3242, #3567, #307, .T. ) ;
#1729 = EDGE_CURVE ( 'NONE', #4270, #2814, #2958, .T. ) ;
#1730 = CARTESIAN_POINT ( 'NONE',  ( 38.04999999999999005, -35.79999999999999005, -4.000000000000000000 ) ) ;
#1731 = VERTEX_POINT ( 'NONE', #4117 ) ;
#1732 = CARTESIAN_POINT ( 'NONE',  ( -34.80812422002930617, -22.51252100524281730, -10.49999999999999645 ) ) ;
#1733 = ORIENTED_EDGE ( 'NONE', *, *, #3432, .F. ) ;
#1734 = CARTESIAN_POINT ( 'NONE',  ( 6.954135460285507442, 40.00000000000000000, 0.000000000000000000 ) ) ;
#1735 = VECTOR ( 'NONE', #4106, 1000.000000000000000 ) ;
#1736 = VERTEX_POINT ( 'NONE', #4925 ) ;
#1737 = CARTESIAN_POINT ( 'NONE',  ( 10.00830714422798984, -37.36544263931996568, -7.999999999999996447 ) ) ;
#1738 = VECTOR ( 'NONE', #1471, 1000.000000000000000 ) ;
#1739 = DIRECTION ( 'NONE',  ( 0.000000000000000000, 0.000000000000000000, -1.000000000000000000 ) ) ;
#1740 = CARTESIAN_POINT ( 'NONE',  ( 36.67120930406074564, 21.67913016185196540, 3.035766082959412415E-15 ) ) ;
#1741 = CARTESIAN_POINT ( 'NONE',  ( -5.576258017536788181, 42.32539665628529235, 3.469446951953614189E-15 ) ) ;
#1742 = AXIS2_PLACEMENT_3D ( 'NONE', #2588, #162, #5094 ) ;
#1743 = CARTESIAN_POINT ( 'NONE',  ( -19.71920331487885392, 34.74887402186391938, -2.000000000000001332 ) ) ;
#1744 = ADVANCED_FACE ( 'NONE', ( #5321 ), #4465, .T. ) ;
#1745 = ORIENTED_EDGE ( 'NONE', *, *, #2744, .T. ) ;
#1746 = CARTESIAN_POINT ( 'NONE',  ( -35.80000000000001847, -35.80000000000000426, -21.00000000000000000 ) ) ;
#1747 = FACE_BOUND ( 'NONE', #3781, .T. ) ;
#1748 = CARTESIAN_POINT ( 'NONE',  ( -5.047700614287859544, 39.00000000000000711, -3.414367292932721121 ) ) ;
#1749 = DIRECTION ( 'NONE',  ( -0.000000000000000000, -0.000000000000000000, -1.000000000000000000 ) ) ;
#1750 = EDGE_CURVE ( 'NONE', #5021, #827, #4410, .T. ) ;
#1751 = CARTESIAN_POINT ( 'NONE',  ( -39.00000000000001421, 7.827613132294146681, -2.328253548191809408 ) ) ;
#1752 = ORIENTED_EDGE ( 'NONE', *, *, #4002, .T. ) ;
#1753 = CARTESIAN_POINT ( 'NONE',  ( 0.000000000000000000, 0.000000000000000000, 0.000000000000000000 ) ) ;
#1754 = CARTESIAN_POINT ( 'NONE',  ( 36.16028909267613045, 21.15821875560578036, -0.1203346427826627874 ) ) ;
#1755 = ORIENTED_EDGE ( 'NONE', *, *, #554, .T. ) ;
#1756 = B_SPLINE_CURVE_WITH_KNOTS ( 'NONE', 3,
 ( #97, #1209, #950, #2040, #1754, #2869, #2996, #3450, #926, #901, #2839, #3677 ),
 .UNSPECIFIED., .F., .F.,
 ( 4, 2, 2, 2, 2, 4 ),
 ( 0.000000000000000000, 0.0004427360378184084502, 0.0008854720756368169004, 0.001770944151273633801, 0.002656416226910450484, 0.003541888302547267602 ),
 .UNSPECIFIED. ) ;
#1757 = CARTESIAN_POINT ( 'NONE',  ( 17.02390954974229231, -36.30742675453377188, -1.742125054985494748 ) ) ;
#1758 = CIRCLE ( 'NONE', #2908, 0.3999999999999975797 ) ;
#1759 = CARTESIAN_POINT ( 'NONE',  ( 0.000000000000000000, 40.00000000000000711, -21.00000000000000000 ) ) ;
#1760 = VERTEX_POINT ( 'NONE', #5293 ) ;
#1761 = CARTESIAN_POINT ( 'NONE',  ( -39.99999999999998579, 40.00000000000000000, -30.00000000000000000 ) ) ;
#1762 = ORIENTED_EDGE ( 'NONE', *, *, #5079, .T. ) ;
#1763 = CARTESIAN_POINT ( 'NONE',  ( 29.08073093501855055, -25.50791257258293854, -7.999999999999996447 ) ) ;
#1764 = VECTOR ( 'NONE', #3527, 1000.000000000000000 ) ;
#1765 = DIRECTION ( 'NONE',  ( -0.000000000000000000, -0.000000000000000000, 1.000000000000000000 ) ) ;
#1766 = EDGE_CURVE ( 'NONE', #1400, #4288, #2281, .T. ) ;
#1767 = CARTESIAN_POINT ( 'NONE',  ( -13.35333839647070242, -4.205752449840722385, -2.000000000000000000 ) ) ;
#1768 = CARTESIAN_POINT ( 'NONE',  ( -37.36544263931503451, -10.00830714422092882, 4.840162090674103491E-12 ) ) ;
#1769 = VECTOR ( 'NONE', #1274, 1000.000000000000000 ) ;
#1770 = FACE_OUTER_BOUND ( 'NONE', #3046, .T. ) ;
#1771 = ORIENTED_EDGE ( 'NONE', *, *, #2202, .T. ) ;
#1772 = CARTESIAN_POINT ( 'NONE',  ( 39.00000000000002132, 4.776206671155229375E-15, -21.40000000000003411 ) ) ;
#1773 = DIRECTION ( 'NONE',  ( -0.000000000000000000, -0.000000000000000000, 1.000000000000000000 ) ) ;
#1774 = DIRECTION ( 'NONE',  ( 0.7071067811865474617, 0.7071067811865474617, 0.000000000000000000 ) ) ;
#1775 = EDGE_CURVE ( 'NONE', #2928, #3604, #3546, .T. ) ;
#1776 = CARTESIAN_POINT ( 'NONE',  ( 36.30742675469775094, 17.02390954990913841, -1.742125054595154321 ) ) ;
#1777 = CARTESIAN_POINT ( 'NONE',  ( -6.954135460285507442, -40.00000000000000000, -19.00000000000000355 ) ) ;
#1778 = CARTESIAN_POINT ( 'NONE',  ( -35.80000000000001847, -35.80000000000000426, -21.00000000000000000 ) ) ;
#1779 = VERTEX_POINT ( 'NONE', #1533 ) ;
#1780 = LINE ( 'NONE', #780, #2647 ) ;
#1781 = CARTESIAN_POINT ( 'NONE',  ( 29.22364353182296171, -28.51653675063725757, -8.121691822199863964 ) ) ;
#1782 = ORIENTED_EDGE ( 'NONE', *, *, #2367, .F. ) ;
#1783 = CARTESIAN_POINT ( 'NONE',  ( 40.00000000000001421, 8.734943625907188647, -7.733688831329164515 ) ) ;
#1784 = CARTESIAN_POINT ( 'NONE',  ( -38.99999999999996447, -3.993693065321415325, -3.775108167986988672 ) ) ;
#1785 = ORIENTED_EDGE ( 'NONE', *, *, #2827, .T. ) ;
#1786 = CARTESIAN_POINT ( 'NONE',  ( -34.80812422002881590, 22.51252100524380495, -10.49999999999999467 ) ) ;
#1787 = ORIENTED_EDGE ( 'NONE', *, *, #370, .F. ) ;
#1788 = CARTESIAN_POINT ( 'NONE',  ( 28.35280479012996224, -29.05991157131735392, -10.49999999999999467 ) ) ;
#1789 = ADVANCED_FACE ( 'NONE', ( #3231 ), #3200, .F. ) ;
#1790 = DIRECTION ( 'NONE',  ( -0.000000000000000000, -0.000000000000000000, -1.000000000000000000 ) ) ;
#1791 = CARTESIAN_POINT ( 'NONE',  ( -35.80000000000001847, -35.80000000000000426, -25.00000000000000000 ) ) ;
#1792 = CARTESIAN_POINT ( 'NONE',  ( -17.10563656559494206, 34.69495227278530081, 3.469446951953614189E-15 ) ) ;
#1793 = ORIENTED_EDGE ( 'NONE', *, *, #1836, .T. ) ;
#1794 = DIRECTION ( 'NONE',  ( -0.000000000000000000, -0.000000000000000000, 1.000000000000000000 ) ) ;
#1795 = EDGE_CURVE ( 'NONE', #1912, #4093, #1053, .T. ) ;
#1796 = ORIENTED_EDGE ( 'NONE', *, *, #710, .F. ) ;
#1797 = LINE ( 'NONE', #5081, #3514 ) ;
#1798 = CARTESIAN_POINT ( 'NONE',  ( 39.00000000000002842, -17.13942822850279413, -25.00000000000000000 ) ) ;
#1799 = CARTESIAN_POINT ( 'NONE',  ( 35.79999999999998295, -35.79999999999999005, -4.000000000000000000 ) ) ;
#1800 = CIRCLE ( 'NONE', #2155, 2.250000000000001776 ) ;
#1801 = CARTESIAN_POINT ( 'NONE',  ( -40.00000000000002842, 14.65469208137792911, -21.00000000000000000 ) ) ;
#1802 = CARTESIAN_POINT ( 'NONE',  ( 0.000000000000000000, -39.00000000000000711, -25.00000000000000000 ) ) ;
#1803 = AXIS2_PLACEMENT_3D ( 'NONE', #5283, #1497, #2755 ) ;
#1804 = LINE ( 'NONE', #1858, #2072 ) ;
#1805 = ORIENTED_EDGE ( 'NONE', *, *, #1672, .F. ) ;
#1806 = AXIS2_PLACEMENT_3D ( 'NONE', #4202, #2940, #481 ) ;
#1807 = LINE ( 'NONE', #2299, #2205 ) ;
#1808 = CARTESIAN_POINT ( 'NONE',  ( 28.35280479013039567, 29.05991157131692049, -10.49999999999999467 ) ) ;
#1809 = EDGE_LOOP ( 'NONE', ( #4198, #4503, #1090, #4844 ) ) ;
#1810 = CARTESIAN_POINT ( 'NONE',  ( -28.82424422358132787, -29.53135100476628594, -19.66666547966193335 ) ) ;
#1811 = CARTESIAN_POINT ( 'NONE',  ( -38.99999999999998579, -5.049188299526365498, -3.413813950784354123 ) ) ;
#1812 = ORIENTED_EDGE ( 'NONE', *, *, #1342, .T. ) ;
#1813 = AXIS2_PLACEMENT_3D ( 'NONE', #2455, #4110, #584 ) ;
#1814 = FACE_OUTER_BOUND ( 'NONE', #4306, .T. ) ;
#1815 = VERTEX_POINT ( 'NONE', #1505 ) ;
#1816 = PRODUCT_RELATED_PRODUCT_CATEGORY ( 'detail', '', ( #692 ) ) ;
#1817 = CARTESIAN_POINT ( 'NONE',  ( 29.76712057264999345, 30.47422735383651826, -21.00000000000000355 ) ) ;
#1818 = DIRECTION ( 'NONE',  ( -0.7071067811865475727, -0.7071067811865475727, 0.000000000000000000 ) ) ;
#1819 = AXIS2_PLACEMENT_3D ( 'NONE', #1205, #5228, #1548 ) ;
#1820 = LINE ( 'NONE', #4680, #5259 ) ;
#1821 = CARTESIAN_POINT ( 'NONE',  ( 30.69115434758392524, 23.54560596669636752, 2.420081045337055784E-12 ) ) ;
#1822 = VERTEX_POINT ( 'NONE', #3595 ) ;
#1823 = EDGE_CURVE ( 'NONE', #4129, #4181, #1879, .T. ) ;
#1824 = AXIS2_PLACEMENT_3D ( 'NONE', #5317, #5289, #1611 ) ;
#1825 = CARTESIAN_POINT ( 'NONE',  ( 33.87158484991896046, -25.98556513422249736, 3.469446951953614189E-15 ) ) ;
#1826 = ORIENTED_EDGE ( 'NONE', *, *, #4665, .T. ) ;
#1827 = DIRECTION ( 'NONE',  ( 0.000000000000000000, 0.000000000000000000, -1.000000000000000000 ) ) ;
#1828 = FACE_OUTER_BOUND ( 'NONE', #269, .T. ) ;
#1829 = VECTOR ( 'NONE', #825, 1000.000000000000000 ) ;
#1830 = EDGE_CURVE ( 'NONE', #4818, #5277, #5236, .T. ) ;
#1831 = CARTESIAN_POINT ( 'NONE',  ( 0.000000000000000000, 0.000000000000000000, -21.00000000000000000 ) ) ;
#1832 = CARTESIAN_POINT ( 'NONE',  ( -35.79999999999998295, -35.79999999999999005, -4.000000000000000000 ) ) ;
#1833 = CARTESIAN_POINT ( 'NONE',  ( -38.99999999999998579, 13.46778245803662166, -0.4506523927201991353 ) ) ;
#1834 = ORIENTED_EDGE ( 'NONE', *, *, #4358, .F. ) ;
#1835 = DIRECTION ( 'NONE',  ( 1.000000000000000000, 0.000000000000000000, 0.000000000000000000 ) ) ;
#1836 = EDGE_CURVE ( 'NONE', #4129, #3749, #1377, .T. ) ;
#1837 = CARTESIAN_POINT ( 'NONE',  ( -14.00000000000000000, 1.714505518806294638E-15, -3.000000000000000000 ) ) ;
#1838 = EDGE_CURVE ( 'NONE', #3591, #3950, #2955, .T. ) ;
#1839 = ORIENTED_EDGE ( 'NONE', *, *, #2106, .F. ) ;
#1840 = CARTESIAN_POINT ( 'NONE',  ( -18.35652848041245022, -3.006303735121701237, 0.000000000000000000 ) ) ;
#1841 = ORIENTED_EDGE ( 'NONE', *, *, #3659, .T. ) ;
#1842 = CARTESIAN_POINT ( 'NONE',  ( -18.49330874315864648, 37.74864281652873643, -0.07518861848661372027 ) ) ;
#1843 = CLOSED_SHELL ( 'NONE', ( #5011, #1607, #740, #1789, #5307, #2709, #1674, #1518, #2941, #5129, #4266, #4789, #1443, #3041, #1315, #2483, #5274, #924, #577, #2600, #1744, #272, #916, #2128, #5050, #1120, #2419, #1070, #4387, #5352, #4902, #4883, #3993, #2252, #2654, #5353, #4486, #4061, #4646, #159, #2844, #2090, #4161, #4197, #4455, #3740, #1247, #3504, #1472, #42, #1908, #3496, #4660, #99, #2083, #5147, #2636, #1522, #4624, #769, #3062, #3994, #5016, #3503, #2342, #2366, #1702, #3823, #1355, #4723, #3439, #5117, #2336, #4606, #1280, #3830, #3947, #3042, #3035, #4782, #2132, #1175, #4820, #790, #5030, #4154, #4693, #608, #1111, #3081, #5194, #4687, #3852, #4168, #5337, #1573, #1148, #1961, #3736, #4237, #4828, #2577, #644, #207, #2878, #4328, #2845, #3203, #3682, #2701, #3214, #2775, #1864, #3105, #3598, #74, #3429, #2727, #4010, #2438, #539, #3455, #716, #3600 ) ) ;
#1844 = ORIENTED_EDGE ( 'NONE', *, *, #133, .F. ) ;
#1845 = CARTESIAN_POINT ( 'NONE',  ( -12.43752441298764566, 36.62854763708046590, -7.999999999999996447 ) ) ;
#1846 = CARTESIAN_POINT ( 'NONE',  ( -29.76712057264957778, 30.47422735383692327, -21.00000000000000355 ) ) ;
#1847 = EDGE_CURVE ( 'NONE', #4961, #372, #240, .T. ) ;
#1848 = DIRECTION ( 'NONE',  ( -1.000000000000000000, 0.000000000000000000, 0.000000000000000000 ) ) ;
#1849 = CARTESIAN_POINT ( 'NONE',  ( 38.60000000000000853, 4.727136644708785238E-15, 6.938893903907228378E-15 ) ) ;
#1850 = EDGE_LOOP ( 'NONE', ( #2987, #1166, #5105, #650 ) ) ;
#1851 = VECTOR ( 'NONE', #3270, 1000.000000000000000 ) ;
#1852 = CARTESIAN_POINT ( 'NONE',  ( -25.98556513423219272, 33.87158484990926866, 3.469446951953614189E-15 ) ) ;
#1853 = CARTESIAN_POINT ( 'NONE',  ( -38.60000000000000853, 0.000000000000000000, -21.00000000000002487 ) ) ;
#1854 = VECTOR ( 'NONE', #5135, 1000.000000000000000 ) ;
#1855 = DIRECTION ( 'NONE',  ( 0.7002271275140117268, 0.7139201425183884231, 0.000000000000000000 ) ) ;
#1856 = LINE ( 'NONE', #999, #1726 ) ;
#1857 = DIRECTION ( 'NONE',  ( -0.000000000000000000, 0.000000000000000000, 1.000000000000000000 ) ) ;
#1858 = CARTESIAN_POINT ( 'NONE',  ( 3.006303735123504239, -18.35652848041188179, 0.000000000000000000 ) ) ;
#1859 = ORIENTED_EDGE ( 'NONE', *, *, #2661, .F. ) ;
#1860 = DIRECTION ( 'NONE',  ( 0.000000000000000000, 0.000000000000000000, 1.000000000000000000 ) ) ;
#1861 = CARTESIAN_POINT ( 'NONE',  ( 29.55998780609836274, 30.26709458728486268, -4.893743914257111527 ) ) ;
#1862 = CARTESIAN_POINT ( 'NONE',  ( 0.000000000000000000, 0.000000000000000000, -2.000000000000000000 ) ) ;
#1863 = DIRECTION ( 'NONE',  ( 0.000000000000000000, 0.000000000000000000, -1.000000000000000000 ) ) ;
#1864 = ADVANCED_FACE ( 'NONE', ( #1530 ), #3256, .F. ) ;
#1865 = CARTESIAN_POINT ( 'NONE',  ( -38.99999999999996447, -14.18885461978769946, -0.2925174518420848302 ) ) ;
#1866 = ORIENTED_EDGE ( 'NONE', *, *, #3049, .T. ) ;
#1867 = EDGE_CURVE ( 'NONE', #1064, #4118, #155, .T. ) ;
#1868 = LINE ( 'NONE', #2279, #1145 ) ;
#1869 = VERTEX_POINT ( 'NONE', #5186 ) ;
#1870 = CIRCLE ( 'NONE', #574, 13.23820004496838720 ) ;
#1871 = CARTESIAN_POINT ( 'NONE',  ( 25.50791257258052624, 29.08073093502096995, -7.999999999999996447 ) ) ;
#1872 = CARTESIAN_POINT ( 'NONE',  ( 0.000000000000000000, 0.000000000000000000, 0.000000000000000000 ) ) ;
#1873 = CARTESIAN_POINT ( 'NONE',  ( 5.106985117665539420, -16.21476805285671574, 2.602085213965210642E-15 ) ) ;
#1874 = CARTESIAN_POINT ( 'NONE',  ( 10.00830714422451351, 37.36544263931503451, 3.469446951953614189E-15 ) ) ;
#1875 = B_SPLINE_CURVE_WITH_KNOTS ( 'NONE', 3,
 ( #1563, #2380, #4066, #1616, #3628, #1223, #1940, #5267, #4873, #2407, #1164, #1592 ),
 .UNSPECIFIED., .F., .F.,
 ( 4, 2, 2, 2, 2, 4 ),
 ( 8.673617379884035472E-19, 0.001790017109510010952, 0.003580034219020021037, 0.004475042773775024345, 0.005370051328530027653, 0.007160068438040037737 ),
 .UNSPECIFIED. ) ;
#1876 = ORIENTED_EDGE ( 'NONE', *, *, #2918, .F. ) ;
#1877 = CARTESIAN_POINT ( 'NONE',  ( -25.98556513422251157, -33.87158484991894625, 3.469446951953614189E-15 ) ) ;
#1878 = DIRECTION ( 'NONE',  ( 0.000000000000000000, 0.000000000000000000, 1.000000000000000000 ) ) ;
#1879 = LINE ( 'NONE', #714, #3302 ) ;
#1880 = FACE_OUTER_BOUND ( 'NONE', #4177, .T. ) ;
#1881 = DIRECTION ( 'NONE',  ( -0.7071067811865470176, 0.7071067811865481278, 0.000000000000000000 ) ) ;
#1882 = APPROVAL ( #1919, 'UNSPECIFIED' ) ;
#1883 = CARTESIAN_POINT ( 'NONE',  ( 0.000000000000000000, 0.000000000000000000, -3.000000000000000000 ) ) ;
#1884 = ORIENTED_EDGE ( 'NONE', *, *, #1704, .T. ) ;
#1885 = VECTOR ( 'NONE', #4906, 1000.000000000000000 ) ;
#1886 = DIRECTION ( 'NONE',  ( 1.000000000000000000, 0.000000000000000000, 0.000000000000000000 ) ) ;
#1887 = CARTESIAN_POINT ( 'NONE',  ( 8.009302868940254783, 39.99999999999999289, -8.382744098909970631 ) ) ;
#1888 = AXIS2_PLACEMENT_3D ( 'NONE', #591, #3911, #1487 ) ;
#1889 = VERTEX_POINT ( 'NONE', #743 ) ;
#1890 = EDGE_CURVE ( 'NONE', #545, #5122, #1098, .T. ) ;
#1891 = VECTOR ( 'NONE', #912, 1000.000000000000000 ) ;
#1892 = CARTESIAN_POINT ( 'NONE',  ( 35.80000000000001137, -35.80000000000000426, -21.00000000000000000 ) ) ;
#1893 = FACE_OUTER_BOUND ( 'NONE', #4795, .T. ) ;
#1894 = EDGE_LOOP ( 'NONE', ( #694, #3281, #2981, #3085 ) ) ;
#1895 = CARTESIAN_POINT ( 'NONE',  ( -18.92077598718474718, 38.16791124358019971, 3.035766082959412415E-15 ) ) ;
#1896 = EDGE_CURVE ( 'NONE', #381, #1279, #4462, .T. ) ;
#1897 = EDGE_CURVE ( 'NONE', #4904, #5157, #2401, .T. ) ;
#1898 = ORIENTED_EDGE ( 'NONE', *, *, #4854, .T. ) ;
#1899 = CARTESIAN_POINT ( 'NONE',  ( -2.526364092029774966, 38.60000000000000853, -7.999999999999996447 ) ) ;
#1900 = CARTESIAN_POINT ( 'NONE',  ( 38.99999999999999289, -3.651499674799627115, -3.892474849809401061 ) ) ;
#1901 = CARTESIAN_POINT ( 'NONE',  ( -32.89850744136698069, -27.13279951919358624, 2.602085213965210642E-15 ) ) ;
#1902 = CARTESIAN_POINT ( 'NONE',  ( 34.69495227279177385, -17.10563656559516232, -7.999999999999996447 ) ) ;
#1903 = ORIENTED_EDGE ( 'NONE', *, *, #208, .F. ) ;
#1904 = CARTESIAN_POINT ( 'NONE',  ( 5.576258017534392764, -42.32539665628528525, 3.469446951953614189E-15 ) ) ;
#1905 = CARTESIAN_POINT ( 'NONE',  ( -32.29289321881345387, 32.43431457505156601, -21.00000000000000000 ) ) ;
#1906 = LINE ( 'NONE', #1558, #245 ) ;
#1907 = CARTESIAN_POINT ( 'NONE',  ( -12.12549805111750167, -40.00000000000000000, -20.12993991249941317 ) ) ;
#1908 = ADVANCED_FACE ( 'NONE', ( #686, #2738, #2319, #1934, #2374, #1158, #1480, #3979, #4034 ), #2431, .F. ) ;
#1909 = CARTESIAN_POINT ( 'NONE',  ( -32.01005050633965254, -32.71715728752460706, -4.000000000000000000 ) ) ;
#1910 = CONICAL_SURFACE ( 'NONE', #3140, 38.60000000000000853, 0.7853981633974509435 ) ;
#1911 = DIRECTION ( 'NONE',  ( -0.000000000000000000, -0.000000000000000000, 1.000000000000000000 ) ) ;
#1912 = VERTEX_POINT ( 'NONE', #254 ) ;
#1913 = LINE ( 'NONE', #1966, #2737 ) ;
#1914 = CIRCLE ( 'NONE', #1319, 40.60000000000000142 ) ;
#1915 = EDGE_CURVE ( 'NONE', #3749, #2500, #1906, .T. ) ;
#1916 = DIRECTION ( 'NONE',  ( -0.000000000000000000, -0.000000000000000000, 1.000000000000000000 ) ) ;
#1917 = CARTESIAN_POINT ( 'NONE',  ( -38.35118100785403783, -5.052665715192922846, -7.999999999999998224 ) ) ;
#1918 = CARTESIAN_POINT ( 'NONE',  ( 40.00000000000002132, 16.05023364315919565, -4.000000000000000000 ) ) ;
#1919 = APPROVAL_STATUS ( 'not_yet_approved' ) ;
#1920 = EDGE_LOOP ( 'NONE', ( #122, #670, #3, #762 ) ) ;
#1921 = CARTESIAN_POINT ( 'NONE',  ( 19.71920331487989486, -34.74887402186229934, -2.000000000000001332 ) ) ;
#1922 = ORIENTED_EDGE ( 'NONE', *, *, #4196, .T. ) ;
#1923 = LINE ( 'NONE', #2866, #2883 ) ;
#1924 = AXIS2_PLACEMENT_3D ( 'NONE', #119, #3773, #66 ) ;
#1925 = B_SPLINE_CURVE_WITH_KNOTS ( 'NONE', 3,
 ( #3702, #5279, #4885, #382 ),
 .UNSPECIFIED., .F., .F.,
 ( 4, 4 ),
 ( 2.828524546465057615E-07, 0.002828812199194404454 ),
 .UNSPECIFIED. ) ;
#1926 = CYLINDRICAL_SURFACE ( 'NONE', #5201, 40.60000000000000142 ) ;
#1927 = CYLINDRICAL_SURFACE ( 'NONE', #1634, 2.250000000000001776 ) ;
#1928 = CARTESIAN_POINT ( 'NONE',  ( -30.69115434757842920, 23.54560596668945394, -7.999999999999996447 ) ) ;
#1929 = ORIENTED_EDGE ( 'NONE', *, *, #1454, .F. ) ;
#1930 = CARTESIAN_POINT ( 'NONE',  ( -42.60000000000001563, 2.788163479819642188, 3.469446951953614189E-15 ) ) ;
#1931 = VECTOR ( 'NONE', #3036, 1000.000000000000000 ) ;
#1932 = EDGE_CURVE ( 'NONE', #4348, #3861, #4236, .T. ) ;
#1933 = DIRECTION ( 'NONE',  ( 0.000000000000000000, 0.000000000000000000, -1.000000000000000000 ) ) ;
#1934 = FACE_BOUND ( 'NONE', #1347, .T. ) ;
#1935 = FACE_OUTER_BOUND ( 'NONE', #2224, .T. ) ;
#1936 = CARTESIAN_POINT ( 'NONE',  ( 37.03043021839456372, -21.08920218257979329, 2.602085213965210642E-15 ) ) ;
#1937 = CARTESIAN_POINT ( 'NONE',  ( -39.99999999999998579, 16.05023364315926671, -4.000000000000000000 ) ) ;
#1938 = ORIENTED_EDGE ( 'NONE', *, *, #3640, .F. ) ;
#1939 = AXIS2_PLACEMENT_3D ( 'NONE', #3350, #3778, #1703 ) ;
#1940 = CARTESIAN_POINT ( 'NONE',  ( 29.33839469868560101, 28.63128791749903002, -7.551226505519704091 ) ) ;
#1941 = UNCERTAINTY_MEASURE_WITH_UNIT (LENGTH_MEASURE( 1.000000000000000082E-05 ), #3133, 'distance_accuracy_value', 'NONE');
#1942 = CARTESIAN_POINT ( 'NONE',  ( 40.00000000000003553, 35.79999999999999716, -25.00000000000000000 ) ) ;
#1943 = ORIENTED_EDGE ( 'NONE', *, *, #4015, .T. ) ;
#1944 = CARTESIAN_POINT ( 'NONE',  ( -39.99999999999998579, -40.00000000000000000, -30.00000000000000000 ) ) ;
#1945 = DIRECTION ( 'NONE',  ( 0.000000000000000000, 0.000000000000000000, 1.000000000000000000 ) ) ;
#1946 = CALENDAR_DATE ( 2025, 12, 2 ) ;
#1947 = ORIENTED_EDGE ( 'NONE', *, *, #1687, .T. ) ;
#1948 = CARTESIAN_POINT ( 'NONE',  ( -19.34441602222866052, 33.49829972230848085, -7.999999999999994671 ) ) ;
#1949 = CARTESIAN_POINT ( 'NONE',  ( -36.46309155657323231, -21.46694255347744829, -0.01567462112890889367 ) ) ;
#1950 = ORIENTED_EDGE ( 'NONE', *, *, #4218, .F. ) ;
#1951 = CARTESIAN_POINT ( 'NONE',  ( 0.000000000000000000, 0.000000000000000000, -2.000000000000000000 ) ) ;
#1952 = CARTESIAN_POINT ( 'NONE',  ( 38.99999999999999289, -9.215596483596605992, -1.793389228050639383 ) ) ;
#1953 = DIRECTION ( 'NONE',  ( -1.000000000000000000, 0.000000000000000000, 0.000000000000000000 ) ) ;
#1954 = CARTESIAN_POINT ( 'NONE',  ( -5.052665715421309933, -38.35118100780861994, -7.999999999999996447 ) ) ;
#1955 = ORIENTED_EDGE ( 'NONE', *, *, #1728, .T. ) ;
#1956 = EDGE_CURVE ( 'NONE', #2656, #4852, #2240, .T. ) ;
#1957 = CARTESIAN_POINT ( 'NONE',  ( -10.00830714422450463, -37.36544263932471210, 6.938893903907228378E-15 ) ) ;
#1958 = CARTESIAN_POINT ( 'NONE',  ( -30.23178942252073043, 30.71886892957427406, -3.999999999999994671 ) ) ;
#1959 = CARTESIAN_POINT ( 'NONE',  ( 0.000000000000000000, 0.000000000000000000, -3.000000000000000000 ) ) ;
#1960 = CARTESIAN_POINT ( 'NONE',  ( -14.65469208137788826, -40.00000000000001421, -21.00000000000000000 ) ) ;
#1961 = ADVANCED_FACE ( 'NONE', ( #5290 ), #3361, .T. ) ;
#1962 = EDGE_CURVE ( 'NONE', #1698, #1736, #1663, .T. ) ;
#1963 = DIRECTION ( 'NONE',  ( 0.000000000000000000, 0.000000000000000000, -1.000000000000000000 ) ) ;
#1964 = CARTESIAN_POINT ( 'NONE',  ( -28.35280479012998001, 29.05991157131732905, -19.00000000000000355 ) ) ;
#1965 = VERTEX_POINT ( 'NONE', #2126 ) ;
#1966 = CARTESIAN_POINT ( 'NONE',  ( -38.60000000000000853, 4.727136644708784450E-15, 0.000000000000000000 ) ) ;
#1967 = CARTESIAN_POINT ( 'NONE',  ( -35.79999999999998295, 35.79999999999999716, -4.000000000000000000 ) ) ;
#1968 = ORIENTED_EDGE ( 'NONE', *, *, #2495, .T. ) ;
#1969 = VERTEX_POINT ( 'NONE', #2546 ) ;
#1970 = CARTESIAN_POINT ( 'NONE',  ( -35.79999999999998295, 35.79999999999999716, -4.000000000000000000 ) ) ;
#1971 = AXIS2_PLACEMENT_3D ( 'NONE', #4960, #1227, #2471 ) ;
#1972 = ORIENTED_EDGE ( 'NONE', *, *, #4316, .F. ) ;
#1973 = CARTESIAN_POINT ( 'NONE',  ( 35.79999999999997584, 35.79999999999999716, -4.000000000000000000 ) ) ;
#1974 = FACE_OUTER_BOUND ( 'NONE', #1809, .T. ) ;
#1975 = AXIS2_PLACEMENT_3D ( 'NONE', #402, #3264, #3577 ) ;
#1976 = CIRCLE ( 'NONE', #244, 43.10000000000000853 ) ;
#1977 = EDGE_LOOP ( 'NONE', ( #4683, #1514, #3411, #313 ) ) ;
#1978 = CARTESIAN_POINT ( 'NONE',  ( 40.75262783848653214, -6.933513821201136906, -5.809228155108670855 ) ) ;
#1979 = CARTESIAN_POINT ( 'NONE',  ( -35.80000000000001847, 35.79999999999999716, -21.00000000000000000 ) ) ;
#1980 = AXIS2_PLACEMENT_3D ( 'NONE', #1883, #564, #4794 ) ;
#1981 = CARTESIAN_POINT ( 'NONE',  ( 32.71715728752459285, -32.57573593128811495, -21.00000000000000000 ) ) ;
#1982 = CARTESIAN_POINT ( 'NONE',  ( -40.00000000000002842, -35.80000000000000426, -25.00000000000000000 ) ) ;
#1983 = APPROVAL ( #1087, 'UNSPECIFIED' ) ;
#1984 = CARTESIAN_POINT ( 'NONE',  ( 2.526364092029745656, -38.60000000000000853, -7.999999999999996447 ) ) ;
#1985 = EDGE_LOOP ( 'NONE', ( #1009, #534, #1241, #1228 ) ) ;
#1986 = CARTESIAN_POINT ( 'NONE',  ( -17.10563656559494206, 34.69495227278530081, 3.469446951953614189E-15 ) ) ;
#1987 = AXIS2_PLACEMENT_3D ( 'NONE', #4059, #687, #3981 ) ;
#1988 = DIRECTION ( 'NONE',  ( -1.000000000000000000, 0.000000000000000000, 0.000000000000000000 ) ) ;
#1989 = DIRECTION ( 'NONE',  ( -0.000000000000000000, 0.000000000000000000, 1.000000000000000000 ) ) ;
#1990 = CARTESIAN_POINT ( 'NONE',  ( 28.35280479012995869, -29.05991157131734681, -19.00000000000000355 ) ) ;
#1991 =( BOUNDED_SURFACE ( )  B_SPLINE_SURFACE ( 3, 3, ( 
 ( #2991, #4638, #3794, #503 ),
 ( #5085, #3877, #2160, #2554 ),
 ( #1699, #146, #3821, #4614 ),
 ( #3370, #4279, #1406, #2216 ) ),
 .UNSPECIFIED., .F., .F., .F. ) 
 B_SPLINE_SURFACE_WITH_KNOTS ( ( 4, 4 ),
 ( 4, 4 ),
 ( 0.000000000000000000, 1.000000000000000000 ),
 ( 0.000000000000000000, 1.000000000000000000 ),
 .UNSPECIFIED. ) 
 GEOMETRIC_REPRESENTATION_ITEM ( )  RATIONAL_B_SPLINE_SURFACE ( (
 ( 1.000000000000000000, 0.9693429082191306057, 0.9693429082191306057, 1.000000000000000000),
 ( 1.000000000000000000, 0.9693429082191306057, 0.9693429082191306057, 1.000000000000000000),
 ( 1.000000000000000000, 0.9693429082191306057, 0.9693429082191306057, 1.000000000000000000),
 ( 1.000000000000000000, 0.9693429082191306057, 0.9693429082191306057, 1.000000000000000000) ) ) 
 REPRESENTATION_ITEM ( '' )  SURFACE ( )  );
#1992 = DIRECTION ( 'NONE',  ( -0.7139201425183884231, 0.7002271275140117268, 0.000000000000000000 ) ) ;
#1993 = DIRECTION ( 'NONE',  ( -0.000000000000000000, -0.000000000000000000, 1.000000000000000000 ) ) ;
#1994 = ORIENTED_EDGE ( 'NONE', *, *, #4286, .T. ) ;
#1995 = CARTESIAN_POINT ( 'NONE',  ( -29.05991157131654745, 28.35280479013078292, 0.000000000000000000 ) ) ;
#1996 = AXIS2_PLACEMENT_3D ( 'NONE', #542, #624, #1440 ) ;
#1997 = CARTESIAN_POINT ( 'NONE',  ( -9.913333684333224483, -39.00000000000000711, -1.533655714484909227 ) ) ;
#1998 = ORIENTED_EDGE ( 'NONE', *, *, #2474, .F. ) ;
#1999 = CARTESIAN_POINT ( 'NONE',  ( 38.60000000000002274, -2.526364092261806249, -7.999999999999998224 ) ) ;
#2000 = CARTESIAN_POINT ( 'NONE',  ( 36.95148162274018233, 23.89875998339878294, -3.999999999999995115 ) ) ;
#2001 = AXIS2_PLACEMENT_3D ( 'NONE', #576, #1818, #134 ) ;
#2002 = ORIENTED_EDGE ( 'NONE', *, *, #133, .T. ) ;
#2003 = EDGE_CURVE ( 'NONE', #5122, #5087, #3030, .T. ) ;
#2004 = CARTESIAN_POINT ( 'NONE',  ( 12.43752441278034304, 36.62854763716633499, -7.999999999999994671 ) ) ;
#2005 = B_SPLINE_CURVE_WITH_KNOTS ( 'NONE', 3,
 ( #2874, #448, #4518, #2459, #4139, #4166, #2102, #4113, #3335, #393, #2043, #3711, #5341, #418, #3763, #2073, #4947, #1244 ),
 .UNSPECIFIED., .F., .F.,
 ( 4, 2, 2, 2, 2, 2, 2, 2, 4 ),
 ( 8.673617379884034509E-19, 0.002907443257430804544, 0.005814886514861608222, 0.007268608143577013313, 0.008722329772292416669, 0.009449190586650113577, 0.01017605140100781395, 0.01090291221536551086, 0.01162977302972320950 ),
 .UNSPECIFIED. ) ;
#2006 = FACE_OUTER_BOUND ( 'NONE', #2639, .T. ) ;
#2007 = CIRCLE ( 'NONE', #3234, 40.60000000000000142 ) ;
#2008 = EDGE_LOOP ( 'NONE', ( #2885, #1154, #2871, #799 ) ) ;
#2009 = DIRECTION ( 'NONE',  ( -0.7071067811865481278, -0.7071067811865470176, 0.000000000000000000 ) ) ;
#2010 = CARTESIAN_POINT ( 'NONE',  ( 33.54999999999997584, 35.79999999999999716, -4.000000000000000000 ) ) ;
#2011 = CARTESIAN_POINT ( 'NONE',  ( -30.82780481700203978, 30.12069803581627880, -3.999999999999994671 ) ) ;
#2012 = CARTESIAN_POINT ( 'NONE',  ( 29.92424415786705438, -29.21713737668132183, -5.647303474583159399 ) ) ;
#2013 = CARTESIAN_POINT ( 'NONE',  ( -23.54560596670394546, 30.69115434756875516, -7.999999999999996447 ) ) ;
#2014 = ORIENTED_EDGE ( 'NONE', *, *, #941, .T. ) ;
#2015 = CARTESIAN_POINT ( 'NONE',  ( -12.43752441298996558, 36.62854763708606498, 3.469446951953614189E-15 ) ) ;
#2016 = EDGE_CURVE ( 'NONE', #5080, #3535, #2044, .T. ) ;
#2017 = DIRECTION ( 'NONE',  ( -0.7002271275140119489, -0.7139201425183883121, 0.000000000000000000 ) ) ;
#2018 = DIRECTION ( 'NONE',  ( -1.000000000000000000, 0.000000000000000000, 0.000000000000000000 ) ) ;
#2019 = CARTESIAN_POINT ( 'NONE',  ( -29.10118051936122185, 29.80828730054854603, -5.902511555014660516 ) ) ;
#2020 = CARTESIAN_POINT ( 'NONE',  ( -11.64264288749785692, 39.00000000000000000, -23.00432787803434920 ) ) ;
#2021 = AXIS2_PLACEMENT_3D ( 'NONE', #892, #3766, #4245 ) ;
#2022 = DIRECTION ( 'NONE',  ( -0.000000000000000000, -0.000000000000000000, 1.000000000000000000 ) ) ;
#2023 = ORIENTED_EDGE ( 'NONE', *, *, #1956, .F. ) ;
#2024 = FACE_OUTER_BOUND ( 'NONE', #4495, .T. ) ;
#2025 = CARTESIAN_POINT ( 'NONE',  ( -5.752317186925699488, -39.00000000000000000, -3.144560098080340982 ) ) ;
#2026 = VERTEX_POINT ( 'NONE', #2984 ) ;
#2027 = CARTESIAN_POINT ( 'NONE',  ( -29.33839469868640037, -28.63128791749825197, -7.551226505519712973 ) ) ;
#2028 = CARTESIAN_POINT ( 'NONE',  ( -35.79999999999998295, -40.00000000000000000, 0.000000000000000000 ) ) ;
#2029 = CIRCLE ( 'NONE', #3087, 2.250000000000001776 ) ;
#2030 = VERTEX_POINT ( 'NONE', #395 ) ;
#2031 = DIRECTION ( 'NONE',  ( 1.000000000000000000, 0.000000000000000000, 0.000000000000000000 ) ) ;
#2032 = DIRECTION ( 'NONE',  ( 1.000000000000000000, 0.000000000000000000, 0.000000000000000000 ) ) ;
#2033 = AXIS2_PLACEMENT_3D ( 'NONE', #142, #4763, #1428 ) ;
#2034 = ORIENTED_EDGE ( 'NONE', *, *, #3290, .T. ) ;
#2035 = EDGE_CURVE ( 'NONE', #1137, #760, #2346, .T. ) ;
#2036 = LINE ( 'NONE', #4509, #4024 ) ;
#2037 = FACE_OUTER_BOUND ( 'NONE', #1977, .T. ) ;
#2038 = ORIENTED_EDGE ( 'NONE', *, *, #1867, .T. ) ;
#2039 = CARTESIAN_POINT ( 'NONE',  ( 40.00000000000001421, -6.954135460285430170, -10.49999999999999467 ) ) ;
#2040 = CARTESIAN_POINT ( 'NONE',  ( 36.26063753165815484, 21.26052951884900111, -0.07553744579411124371 ) ) ;
#2041 = ORIENTED_EDGE ( 'NONE', *, *, #4669, .T. ) ;
#2042 = CARTESIAN_POINT ( 'NONE',  ( 29.08073093501854700, -25.50791257258293854, 3.469446951953614189E-15 ) ) ;
#2043 = CARTESIAN_POINT ( 'NONE',  ( -8.009302868940213926, -40.00000000000001421, -8.382744098909951092 ) ) ;
#2044 = LINE ( 'NONE', #35, #2685 ) ;
#2045 = CARTESIAN_POINT ( 'NONE',  ( -36.96962611825793488, -21.34901871904759574, 3.469446951953614189E-15 ) ) ;
#2046 = LINE ( 'NONE', #4952, #2990 ) ;
#2047 = DIRECTION ( 'NONE',  ( 0.000000000000000000, 0.000000000000000000, 1.000000000000000000 ) ) ;
#2048 = AXIS2_PLACEMENT_3D ( 'NONE', #5139, #1857, #4011 ) ;
#2049 = ORIENTED_EDGE ( 'NONE', *, *, #741, .F. ) ;
#2050 = LINE ( 'NONE', #2911, #1769 ) ;
#2051 = CARTESIAN_POINT ( 'NONE',  ( -16.39175407386387207, 39.00000000644924825, -2.285859580323593612E-15 ) ) ;
#2052 = APPLICATION_CONTEXT ( 'configuration controlled 3d designs of mechanical parts and assemblies' ) ;
#2053 = ORIENTED_EDGE ( 'NONE', *, *, #555, .F. ) ;
#2054 = CARTESIAN_POINT ( 'NONE',  ( -19.34441602222867118, -33.49829972230850217, -7.999999999999994671 ) ) ;
#2055 =( BOUNDED_SURFACE ( )  B_SPLINE_SURFACE ( 3, 3, ( 
 ( #3289, #4928, #4527, #4819 ),
 ( #1104, #1535, #808, #4845 ),
 ( #2765, #721, #2524, #4199 ),
 ( #3818, #500, #401, #837 ) ),
 .UNSPECIFIED., .F., .F., .F. ) 
 B_SPLINE_SURFACE_WITH_KNOTS ( ( 4, 4 ),
 ( 4, 4 ),
 ( 0.000000000000000000, 1.000000000000000000 ),
 ( 0.000000000000000000, 1.000000000000000000 ),
 .UNSPECIFIED. ) 
 GEOMETRIC_REPRESENTATION_ITEM ( )  RATIONAL_B_SPLINE_SURFACE ( (
 ( 1.000000000000000000, 0.9693429082191290513, 0.9693429082191290513, 1.000000000000000000),
 ( 1.000000000000000000, 0.9693429082191290513, 0.9693429082191290513, 1.000000000000000000),
 ( 1.000000000000000000, 0.9693429082191290513, 0.9693429082191290513, 1.000000000000000000),
 ( 1.000000000000000000, 0.9693429082191290513, 0.9693429082191290513, 1.000000000000000000) ) ) 
 REPRESENTATION_ITEM ( '' )  SURFACE ( )  );
#2056 = LINE ( 'NONE', #3723, #2591 ) ;
#2057 = VERTEX_POINT ( 'NONE', #2571 ) ;
#2058 = CARTESIAN_POINT ( 'NONE',  ( -13.00000000000000178, 0.000000000000000000, -20.99999999999999645 ) ) ;
#2059 = CARTESIAN_POINT ( 'NONE',  ( -6.933513821201213290, -40.75262783848651793, -5.809228155108670855 ) ) ;
#2060 = EDGE_CURVE ( 'NONE', #4100, #2640, #2326, .T. ) ;
#2061 = ORIENTED_EDGE ( 'NONE', *, *, #141, .T. ) ;
#2062 = CARTESIAN_POINT ( 'NONE',  ( 35.44105119636440548, -22.92187319438990656, -5.809228155108672631 ) ) ;
#2063 = CARTESIAN_POINT ( 'NONE',  ( -35.79999999999998295, 35.79999999999999716, -4.000000000000000000 ) ) ;
#2064 = ORIENTED_EDGE ( 'NONE', *, *, #1962, .T. ) ;
#2065 = CARTESIAN_POINT ( 'NONE',  ( -17.13942822850282965, -39.00000000000001421, -25.00000000000000000 ) ) ;
#2066 = EDGE_CURVE ( 'NONE', #937, #1760, #2561, .T. ) ;
#2067 = AXIS2_PLACEMENT_3D ( 'NONE', #3312, #859, #449 ) ;
#2068 = ORIENTED_EDGE ( 'NONE', *, *, #5342, .F. ) ;
#2069 = ORIENTED_EDGE ( 'NONE', *, *, #2673, .T. ) ;
#2070 = AXIS2_PLACEMENT_3D ( 'NONE', #2607, #3279, #124 ) ;
#2071 = CARTESIAN_POINT ( 'NONE',  ( -36.62854763707875350, 12.43752441299178990, -7.999999999999996447 ) ) ;
#2072 = VECTOR ( 'NONE', #587, 1000.000000000000000 ) ;
#2073 = CARTESIAN_POINT ( 'NONE',  ( -6.996921015360450191, -40.00000000000004974, -10.00934297559388320 ) ) ;
#2074 = EDGE_CURVE ( 'NONE', #5277, #3341, #1800, .T. ) ;
#2075 = EDGE_CURVE ( 'NONE', #2130, #3378, #1691, .T. ) ;
#2076 = DIRECTION ( 'NONE',  ( -0.000000000000000000, 0.000000000000000000, 1.000000000000000000 ) ) ;
#2077 = CARTESIAN_POINT ( 'NONE',  ( 38.29028411452929248, 18.87824139104313659, 3.469446951953614189E-15 ) ) ;
#2078 = CARTESIAN_POINT ( 'NONE',  ( 17.14000392954196883, 38.99999994343082932, 3.035766082959412415E-15 ) ) ;
#2079 = AXIS2_PLACEMENT_3D ( 'NONE', #287, #4874, #2468 ) ;
#2080 = ORIENTED_EDGE ( 'NONE', *, *, #2606, .F. ) ;
#2081 = CARTESIAN_POINT ( 'NONE',  ( -9.558424586246625054, 40.00000000000000000, -19.44607338324340873 ) ) ;
#2082 = EDGE_CURVE ( 'NONE', #3709, #131, #942, .T. ) ;
#2083 = ADVANCED_FACE ( 'NONE', ( #364 ), #4948, .T. ) ;
#2084 = DIRECTION ( 'NONE',  ( 0.000000000000000000, 0.000000000000000000, -1.000000000000000000 ) ) ;
#2085 = VERTEX_POINT ( 'NONE', #1245 ) ;
#2086 = CARTESIAN_POINT ( 'NONE',  ( 12.43752441278035370, -36.62854763716633499, -7.999999999999996447 ) ) ;
#2087 = CARTESIAN_POINT ( 'NONE',  ( 0.000000000000000000, 0.000000000000000000, -2.000000000000000000 ) ) ;
#2088 = ORIENTED_EDGE ( 'NONE', *, *, #1516, .T. ) ;
#2089 = FACE_OUTER_BOUND ( 'NONE', #3454, .T. ) ;
#2090 = ADVANCED_FACE ( 'NONE', ( #2905 ), #3726, .T. ) ;
#2091 = DIRECTION ( 'NONE',  ( 0.000000000000000000, 0.000000000000000000, -1.000000000000000000 ) ) ;
#2092 =( BOUNDED_SURFACE ( )  B_SPLINE_SURFACE ( 2, 3, ( 
 ( #3898, #252, #1500, #2655, #4710, #4327, #658, #1825, #1044, #4403, #1020, #4736, #3145, #2735, #4004, #1904, #5133, #2679, #4378, #634, #1398, #5209, #581, #1877, #1478, #4812, #684, #1096, #277, #3542, #2315, #3975, #3492, #1930, #2263, #5104, #3925, #994, #2290, #4299, #4787, #2234, #1852, #196, #3519, #5158, #3119, #3951, #5183, #4920, #1185, #2901, #4894, #5316, #1528, #5287, #739, #3619, #2428, #4431, #3650, #417, #3282, #3254, #5234, #2816 ),
 ( #830, #4112, #391, #1610, #2487, #4137, #1585, #1635, #2042, #2843, #3193, #4031, #4485, #301, #3310, #3593, #1156, #4835, #4516, #1957, #1213, #770, #2371, #2873, #801, #4460, #4945, #4546, #2457, #1555, #5258, #2398, #3710, #5340, #1126, #4085, #1243, #2785, #711, #362, #3223, #4056, #4865, #331, #1986, #2015, #3681, #5025, #4626, #494, #4191, #3382, #469, #2148, #3431, #2124, #3028, #856, #1711, #3785, #909, #56, #3406, #1268, #1318, #1661 ),
 ( #2569, #2982, #2929, #3359, #4213, #5072, #3811, #2515, #1763, #4265, #4998, #3739, #3004, #444, #1737, #81, #4165, #5047, #1339, #1290, #1368, #4678, #4649, #33, #3761, #2957, #931, #2590, #2616, #4239, #519, #2176, #3838, #108, #959, #4602, #2071, #7, #3334, #4975, #1689, #4571, #2101, #883, #2542, #1845, #2671, #4349, #1899, #4319, #1494, #4703, #190, #600, #4754, #2256, #1871, #5097, #3513, #132, #3920, #3537, #1038, #5127, #2700, #216 ) ),
 .UNSPECIFIED., .F., .T., .F. ) 
 B_SPLINE_SURFACE_WITH_KNOTS ( ( 3, 3 ),
 ( 4, 2, 2, 2, 2, 2, 2, 2, 2, 2, 2, 2, 2, 2, 2, 2, 2, 2, 2, 2, 2, 2, 2, 2, 2, 2, 2, 2, 2, 2, 2, 2, 4 ),
 ( 0.000000000000000000, 1.000000000000000000 ),
 ( -3.141592653589793116, -2.945243112740430824, -2.748893571891068976, -2.552544031041707129, -2.356194490192344837, -2.159844949342982545, -1.963495408493620697, -1.767145867644258628, -1.570796326794896558, -1.374446785945534488, -1.178097245096172418, -0.9817477042468103487, -0.7853981633974482790, -0.5890486225480862092, -0.3926990816987241395, -0.1963495408493620697, 0.000000000000000000, 0.1963495408493620697, 0.3926990816987241395, 0.5890486225480862092, 0.7853981633974482790, 0.9817477042468103487, 1.178097245096172418, 1.374446785945534488, 1.570796326794896558, 1.767145867644258628, 1.963495408493620697, 2.159844949342982545, 2.356194490192344837, 2.552544031041707129, 2.748893571891068976, 2.945243112740430824, 3.141592653589793116 ),
 .UNSPECIFIED. ) 
 GEOMETRIC_REPRESENTATION_ITEM ( )  RATIONAL_B_SPLINE_SURFACE ( (
 ( 1.000000000000000000, 1.000000000000000000, 1.000000000000000000, 1.000000000000000000, 1.000000000000000000, 1.000000000000000000, 1.000000000000000000, 1.000000000000000000, 1.000000000000000000, 1.000000000000000000, 1.000000000000000000, 1.000000000000000000, 1.000000000000000000, 1.000000000000000000, 1.000000000000000000, 1.000000000000000000, 1.000000000000000000, 1.000000000000000000, 1.000000000000000000, 1.000000000000000000, 1.000000000000000000, 1.000000000000000000, 1.000000000000000000, 1.000000000000000000, 1.000000000000000000, 1.000000000000000000, 1.000000000000000000, 1.000000000000000000, 1.000000000000000000, 1.000000000000000000, 1.000000000000000000, 1.000000000000000000, 1.000000000000000000, 1.000000000000000000, 1.000000000000000000, 1.000000000000000000, 1.000000000000000000, 1.000000000000000000, 1.000000000000000000, 1.000000000000000000, 1.000000000000000000, 1.000000000000000000, 1.000000000000000000, 1.000000000000000000, 1.000000000000000000, 1.000000000000000000, 1.000000000000000000, 1.000000000000000000, 1.000000000000000000, 1.000000000000000000, 1.000000000000000000, 1.000000000000000000, 1.000000000000000000, 1.000000000000000000, 1.000000000000000000, 1.000000000000000000, 1.000000000000000000, 1.000000000000000000, 1.000000000000000000, 1.000000000000000000, 1.000000000000000000, 1.000000000000000000, 1.000000000000000000, 1.000000000000000000, 1.000000000000000000, 1.000000000000000000),
 ( 0.7071067811865472397, 0.7071067811865472397, 0.7071067811865472397, 0.7071067811865472397, 0.7071067811865475727, 0.7071067811865475727, 0.7071067811865476838, 0.7071067811865476838, 0.7071067811865475727, 0.7071067811865475727, 0.7071067811865475727, 0.7071067811865475727, 0.7071067811865475727, 0.7071067811865475727, 0.7071067811865475727, 0.7071067811865475727, 0.7071067811865472397, 0.7071067811865472397, 0.7071067811865472397, 0.7071067811865472397, 0.7071067811865475727, 0.7071067811865475727, 0.7071067811865474617, 0.7071067811865474617, 0.7071067811865475727, 0.7071067811865475727, 0.7071067811865476838, 0.7071067811865476838, 0.7071067811865475727, 0.7071067811865475727, 0.7071067811865475727, 0.7071067811865475727, 0.7071067811865472397, 0.7071067811865472397, 0.7071067811865475727, 0.7071067811865475727, 0.7071067811865475727, 0.7071067811865475727, 0.7071067811865475727, 0.7071067811865475727, 0.7071067811865475727, 0.7071067811865475727, 0.7071067811865475727, 0.7071067811865475727, 0.7071067811865475727, 0.7071067811865475727, 0.7071067811865475727, 0.7071067811865475727, 0.7071067811865472397, 0.7071067811865472397, 0.7071067811865475727, 0.7071067811865475727, 0.7071067811865475727, 0.7071067811865475727, 0.7071067811865475727, 0.7071067811865475727, 0.7071067811865476838, 0.7071067811865476838, 0.7071067811865476838, 0.7071067811865476838, 0.7071067811865475727, 0.7071067811865475727, 0.7071067811865475727, 0.7071067811865475727, 0.7071067811865472397, 0.7071067811865472397),
 ( 1.000000000000000000, 1.000000000000000000, 1.000000000000000000, 1.000000000000000000, 1.000000000000000000, 1.000000000000000000, 1.000000000000000000, 1.000000000000000000, 1.000000000000000000, 1.000000000000000000, 1.000000000000000000, 1.000000000000000000, 1.000000000000000000, 1.000000000000000000, 1.000000000000000000, 1.000000000000000000, 1.000000000000000000, 1.000000000000000000, 1.000000000000000000, 1.000000000000000000, 1.000000000000000000, 1.000000000000000000, 1.000000000000000000, 1.000000000000000000, 1.000000000000000000, 1.000000000000000000, 1.000000000000000000, 1.000000000000000000, 1.000000000000000000, 1.000000000000000000, 1.000000000000000000, 1.000000000000000000, 1.000000000000000000, 1.000000000000000000, 1.000000000000000000, 1.000000000000000000, 1.000000000000000000, 1.000000000000000000, 1.000000000000000000, 1.000000000000000000, 1.000000000000000000, 1.000000000000000000, 1.000000000000000000, 1.000000000000000000, 1.000000000000000000, 1.000000000000000000, 1.000000000000000000, 1.000000000000000000, 1.000000000000000000, 1.000000000000000000, 1.000000000000000000, 1.000000000000000000, 1.000000000000000000, 1.000000000000000000, 1.000000000000000000, 1.000000000000000000, 1.000000000000000000, 1.000000000000000000, 1.000000000000000000, 1.000000000000000000, 1.000000000000000000, 1.000000000000000000, 1.000000000000000000, 1.000000000000000000, 1.000000000000000000, 1.000000000000000000) ) ) 
 REPRESENTATION_ITEM ( '' )  SURFACE ( )  );
#2093 = EDGE_LOOP ( 'NONE', ( #1688, #2209 ) ) ;
#2094 = AXIS2_PLACEMENT_3D ( 'NONE', #1179, #3614, #2837 ) ;
#2095 = FACE_OUTER_BOUND ( 'NONE', #2748, .T. ) ;
#2096 = DIRECTION ( 'NONE',  ( 0.000000000000000000, 0.000000000000000000, -1.000000000000000000 ) ) ;
#2097 = ORIENTED_EDGE ( 'NONE', *, *, #3797, .F. ) ;
#2098 = CARTESIAN_POINT ( 'NONE',  ( -35.79999999999998295, -35.79999999999999005, -4.000000000000000000 ) ) ;
#2099 = AXIS2_PLACEMENT_3D ( 'NONE', #1905, #1933, #4837 ) ;
#2100 = ORIENTED_EDGE ( 'NONE', *, *, #446, .F. ) ;
#2101 = CARTESIAN_POINT ( 'NONE',  ( -23.54560596670394546, 30.69115434756875516, -7.999999999999996447 ) ) ;
#2102 = CARTESIAN_POINT ( 'NONE',  ( -9.931500473169389664, -40.00000000000000711, -6.906545586027120542 ) ) ;
#2103 = DIRECTION ( 'NONE',  ( -1.000000000000000000, 0.000000000000000000, 0.000000000000000000 ) ) ;
#2104 = CARTESIAN_POINT ( 'NONE',  ( 13.72638704646742625, 40.42425205542266298, 3.469446951953614189E-15 ) ) ;
#2105 = CYLINDRICAL_SURFACE ( 'NONE', #2726, 2.250000000000001776 ) ;
#2106 = EDGE_CURVE ( 'NONE', #5157, #4253, #3684, .T. ) ;
#2107 = ORIENTED_EDGE ( 'NONE', *, *, #962, .T. ) ;
#2108 = DIRECTION ( 'NONE',  ( -0.7002271275140115048, -0.7139201425183885341, 0.000000000000000000 ) ) ;
#2109 = AXIS2_PLACEMENT_3D ( 'NONE', #4799, #4415, #5222 ) ;
#2110 = CARTESIAN_POINT ( 'NONE',  ( 39.00000000000001421, -8.050762307399892848, -22.21613078793369667 ) ) ;
#2111 = ORIENTED_EDGE ( 'NONE', *, *, #4757, .T. ) ;
#2112 = LINE ( 'NONE', #2628, #2364 ) ;
#2113 = DIRECTION ( 'NONE',  ( 1.000000000000000000, 0.000000000000000000, 0.000000000000000000 ) ) ;
#2114 = EDGE_LOOP ( 'NONE', ( #537, #4570, #3896, #2784, #2308, #2157, #767, #1261, #3201, #1061, #596, #3771, #2964, #4994, #1708, #1805 ) ) ;
#2115 = EDGE_CURVE ( 'NONE', #2026, #3535, #3665, .T. ) ;
#2116 = AXIS2_PLACEMENT_3D ( 'NONE', #2962, #5053, #4272 ) ;
#2117 = DIRECTION ( 'NONE',  ( 0.000000000000000000, 0.000000000000000000, -1.000000000000000000 ) ) ;
#2118 = VECTOR ( 'NONE', #3552, 1000.000000000000000 ) ;
#2119 = CARTESIAN_POINT ( 'NONE',  ( 39.99999999999999289, 10.34667946085015444, -6.655508270712039653 ) ) ;
#2120 = CARTESIAN_POINT ( 'NONE',  ( -39.32320844004132709, -15.33511195342457079, -5.809228155108671743 ) ) ;
#2121 = ORIENTED_EDGE ( 'NONE', *, *, #38, .F. ) ;
#2122 = CARTESIAN_POINT ( 'NONE',  ( -5.873578476084449385, -39.00000000000000711, -21.83325889195148051 ) ) ;
#2123 = ORIENTED_EDGE ( 'NONE', *, *, #4966, .T. ) ;
#2124 = CARTESIAN_POINT ( 'NONE',  ( 23.54560596669148254, 30.69115434756462335, 2.421815768813032188E-12 ) ) ;
#2125 = CARTESIAN_POINT ( 'NONE',  ( -40.00000000000000000, -9.932335993178590172, -6.906026256953964548 ) ) ;
#2126 = CARTESIAN_POINT ( 'NONE',  ( 38.05000000000001847, 35.79999999999999716, -21.00000000000000000 ) ) ;
#2127 = CARTESIAN_POINT ( 'NONE',  ( -11.04543741823740532, 41.23750923406996094, 3.469446951953614189E-15 ) ) ;
#2128 = ADVANCED_FACE ( 'NONE', ( #2492, #578 ), #2179, .F. ) ;
#2129 = DIRECTION ( 'NONE',  ( -0.000000000000000000, 0.000000000000000000, 1.000000000000000000 ) ) ;
#2130 = VERTEX_POINT ( 'NONE', #496 ) ;
#2131 = CARTESIAN_POINT ( 'NONE',  ( 38.04999999999998295, 35.79999999999999716, -4.000000000000000000 ) ) ;
#2132 = ADVANCED_FACE ( 'NONE', ( #3006 ), #3840, .F. ) ;
#2133 = DIRECTION ( 'NONE',  ( 1.000000000000000000, 0.000000000000000000, 0.000000000000000000 ) ) ;
#2134 = LINE ( 'NONE', #92, #53 ) ;
#2135 = VECTOR ( 'NONE', #777, 1000.000000000000000 ) ;
#2136 = FACE_BOUND ( 'NONE', #593, .T. ) ;
#2137 = ORIENTED_EDGE ( 'NONE', *, *, #982, .F. ) ;
#2138 = CARTESIAN_POINT ( 'NONE',  ( -19.71920331487885392, 34.74887402186391938, -2.000000000000001332 ) ) ;
#2139 = CARTESIAN_POINT ( 'NONE',  ( 15.14437890843649903, 39.99999999999999289, -4.346425494779681209 ) ) ;
#2140 = CARTESIAN_POINT ( 'NONE',  ( 17.56981498796186969, -36.84286170605420097, -0.8217467049421541825 ) ) ;
#2141 = ORIENTED_EDGE ( 'NONE', *, *, #2310, .T. ) ;
#2142 = DIRECTION ( 'NONE',  ( 1.000000000000000000, 0.000000000000000000, 0.000000000000000000 ) ) ;
#2143 = VERTEX_POINT ( 'NONE', #192 ) ;
#2144 = CARTESIAN_POINT ( 'NONE',  ( -40.02484362653886762, 6.809691084851868581, -10.49999999999999467 ) ) ;
#2145 = EDGE_CURVE ( 'NONE', #2203, #2362, #4151, .T. ) ;
#2146 = EDGE_LOOP ( 'NONE', ( #5305, #3022, #1019, #4184, #4822, #3422 ) ) ;
#2147 = B_SPLINE_CURVE_WITH_KNOTS ( 'NONE', 3,
 ( #4294, #166, #3487, #5128, #1421, #4831, #1900, #705, #3219, #1581, #271, #1952, #3970, #3249, #3646, #3538, #247, #2365, #5254, #4889 ),
 .UNSPECIFIED., .F., .F.,
 ( 4, 2, 2, 2, 2, 2, 2, 2, 2, 4 ),
 ( 0.01777857927582235029, 0.01889001944513097123, 0.02000145961443959564, 0.02222433995305684098, 0.02444722029167408633, 0.02667010063029132821, 0.02889298096890857703, 0.03111586130752581891, 0.03333874164614306079, 0.03556162198476030961 ),
 .UNSPECIFIED. ) ;
#2148 = CARTESIAN_POINT ( 'NONE',  ( 17.10563656559013168, 34.69495227279496419, 3.469446951953614189E-15 ) ) ;
#2149 = VECTOR ( 'NONE', #1945, 1000.000000000000000 ) ;
#2150 = CARTESIAN_POINT ( 'NONE',  ( -39.99999999999996447, -10.34667946085026990, -6.655508270712041430 ) ) ;
#2151 = CARTESIAN_POINT ( 'NONE',  ( 24.84665119476676409, 34.67475354376872332, 2.602085213965210247E-15 ) ) ;
#2152 = VECTOR ( 'NONE', #5214, 1000.000000000000000 ) ;
#2153 = CARTESIAN_POINT ( 'NONE',  ( -38.29028411452932090, 18.87824139103824805, 3.469446951953614189E-15 ) ) ;
#2154 = CARTESIAN_POINT ( 'NONE',  ( -35.79999999999998295, -35.79999999999999005, -4.000000000000000000 ) ) ;
#2155 = AXIS2_PLACEMENT_3D ( 'NONE', #889, #1639, #2103 ) ;
#2156 = B_SPLINE_CURVE_WITH_KNOTS ( 'NONE', 3,
 ( #3089, #4243, #4759, #963, #4733, #3435, #2230, #1041, #3488, #3868 ),
 .UNSPECIFIED., .F., .F.,
 ( 4, 2, 2, 2, 4 ),
 ( 0.05862305298294187561, 0.06302115005674578663, 0.06522019859364774907, 0.06741924713054971152, 0.07621544127815754743 ),
 .UNSPECIFIED. ) ;
#2157 = ORIENTED_EDGE ( 'NONE', *, *, #4002, .F. ) ;
#2158 = DIRECTION ( 'NONE',  ( 9.691192603222388261E-17, 1.000000000000000000, 0.000000000000000000 ) ) ;
#2159 = CARTESIAN_POINT ( 'NONE',  ( 13.46823557843024943, 38.99999999999998579, -0.4505491476286519470 ) ) ;
#2160 = CARTESIAN_POINT ( 'NONE',  ( 22.51252100524310862, -34.80812422002917117, -7.974924713410731059 ) ) ;
#2161 = CARTESIAN_POINT ( 'NONE',  ( -9.994881995257438589, 9.803179785196164175, 0.000000000000000000 ) ) ;
#2162 = ORIENTED_EDGE ( 'NONE', *, *, #1637, .T. ) ;
#2163 = EDGE_CURVE ( 'NONE', #3341, #5277, #3809, .T. ) ;
#2164 = DIRECTION ( 'NONE',  ( 1.000000000000000000, 0.000000000000000000, 0.000000000000000000 ) ) ;
#2165 = VECTOR ( 'NONE', #2215, 1000.000000000000000 ) ;
#2166 = CARTESIAN_POINT ( 'NONE',  ( 0.000000000000000000, 0.000000000000000000, -3.000000000000000000 ) ) ;
#2167 = ORIENTED_EDGE ( 'NONE', *, *, #1704, .F. ) ;
#2168 = CARTESIAN_POINT ( 'NONE',  ( 18.19064434372531736, -37.45178353158095064, -0.2311821098817496978 ) ) ;
#2169 = EDGE_CURVE ( 'NONE', #1969, #4852, #5075, .T. ) ;
#2170 = VERTEX_POINT ( 'NONE', #4268 ) ;
#2171 = CARTESIAN_POINT ( 'NONE',  ( -30.47422735383614167, 29.76712057265038069, -21.00000000000000355 ) ) ;
#2172 = ORIENTED_EDGE ( 'NONE', *, *, #2294, .T. ) ;
#2173 = DIRECTION ( 'NONE',  ( -0.7139201425183884231, 0.7002271275140117268, 0.000000000000000000 ) ) ;
#2174 = AXIS2_PLACEMENT_3D ( 'NONE', #1420, #3138, #4781 ) ;
#2175 = EDGE_LOOP ( 'NONE', ( #2642, #1037, #5331, #2014, #4987, #4770 ) ) ;
#2176 = CARTESIAN_POINT ( 'NONE',  ( -38.35118100780874784, -5.052665715420673109, -7.999999999999996447 ) ) ;
#2177 = AXIS2_PLACEMENT_3D ( 'NONE', #3189, #297, #2781 ) ;
#2178 = FACE_OUTER_BOUND ( 'NONE', #3356, .T. ) ;
#2179 = PLANE ( 'NONE',  #4404 ) ;
#2180 = CARTESIAN_POINT ( 'NONE',  ( 30.69115434757429384, -23.54560596669147543, 2.420081045337054977E-12 ) ) ;
#2181 = VECTOR ( 'NONE', #4345, 1000.000000000000000 ) ;
#2182 = DIRECTION ( 'NONE',  ( 1.000000000000000000, 0.000000000000000000, 0.000000000000000000 ) ) ;
#2183 = ORIENTED_EDGE ( 'NONE', *, *, #3669, .F. ) ;
#2184 = DIRECTION ( 'NONE',  ( -0.000000000000000000, -0.000000000000000000, -1.000000000000000000 ) ) ;
#2185 = CARTESIAN_POINT ( 'NONE',  ( -6.809691084851795750, -40.02484362653888184, -7.974924713410731059 ) ) ;
#2186 = DIRECTION ( 'NONE',  ( -0.7071067811865475727, 0.7071067811865475727, 0.000000000000000000 ) ) ;
#2187 = CARTESIAN_POINT ( 'NONE',  ( 16.39036659120362316, 39.00000000000000000, -1.779392279469639933E-09 ) ) ;
#2188 = DIRECTION ( 'NONE',  ( 0.000000000000000000, -1.000000000000000000, 0.000000000000000000 ) ) ;
#2189 = DIRECTION ( 'NONE',  ( 0.000000000000000000, 0.000000000000000000, 1.000000000000000000 ) ) ;
#2190 = VERTEX_POINT ( 'NONE', #5130 ) ;
#2191 = AXIS2_PLACEMENT_3D ( 'NONE', #1944, #5196, #4338 ) ;
#2192 = FACE_OUTER_BOUND ( 'NONE', #4934, .T. ) ;
#2193 = DIRECTION ( 'NONE',  ( -0.000000000000000000, 0.000000000000000000, 1.000000000000000000 ) ) ;
#2194 = ORIENTED_EDGE ( 'NONE', *, *, #5330, .T. ) ;
#2195 = EDGE_CURVE ( 'NONE', #2485, #4937, #1820, .T. ) ;
#2196 = CARTESIAN_POINT ( 'NONE',  ( -3.006303735121476084, 18.35652848041251772, -2.000000000000000000 ) ) ;
#2197 = CIRCLE ( 'NONE', #2817, 40.60000000000000142 ) ;
#2198 = VERTEX_POINT ( 'NONE', #1767 ) ;
#2199 = CARTESIAN_POINT ( 'NONE',  ( -38.99999999999999289, -5.743940756533486791, -3.147783975516186938 ) ) ;
#2200 = ORIENTED_EDGE ( 'NONE', *, *, #306, .F. ) ;
#2201 = DIRECTION ( 'NONE',  ( 0.000000000000000000, 0.000000000000000000, -1.000000000000000000 ) ) ;
#2202 = EDGE_CURVE ( 'NONE', #2354, #2523, #3922, .T. ) ;
#2203 = VERTEX_POINT ( 'NONE', #3115 ) ;
#2204 = CARTESIAN_POINT ( 'NONE',  ( 29.82473039421738648, -30.53183717540476749, -4.429810679641848381 ) ) ;
#2205 = VECTOR ( 'NONE', #3985, 1000.000000000000000 ) ;
#2206 = DIRECTION ( 'NONE',  ( 0.000000000000000000, 0.000000000000000000, -1.000000000000000000 ) ) ;
#2207 = DIRECTION ( 'NONE',  ( 0.000000000000000000, 0.000000000000000000, 1.000000000000000000 ) ) ;
#2208 = CARTESIAN_POINT ( 'NONE',  ( -29.08073093501856476, 25.50791257259259481, -2.414876874909121728E-12 ) ) ;
#2209 = ORIENTED_EDGE ( 'NONE', *, *, #4398, .F. ) ;
#2210 = CARTESIAN_POINT ( 'NONE',  ( 29.53135100476708885, 28.82424422358051075, -19.66666547966192979 ) ) ;
#2211 = ORIENTED_EDGE ( 'NONE', *, *, #4921, .T. ) ;
#2212 = DIRECTION ( 'NONE',  ( 1.000000000000000000, 0.000000000000000000, 0.000000000000000000 ) ) ;
#2213 = CARTESIAN_POINT ( 'NONE',  ( -0.3535533905929039156, -0.3535533905929034160, -21.00000000000000000 ) ) ;
#2214 = CARTESIAN_POINT ( 'NONE',  ( 39.00000000000002132, 14.41962792608323340, -23.90573187607558125 ) ) ;
#2215 = DIRECTION ( 'NONE',  ( -0.000000000000000000, -0.000000000000000000, -1.000000000000000000 ) ) ;
#2216 = CARTESIAN_POINT ( 'NONE',  ( 30.23178942252075174, -30.71886892957426340, -3.999999999999994671 ) ) ;
#2217 = FACE_OUTER_BOUND ( 'NONE', #3206, .T. ) ;
#2218 = ORIENTED_EDGE ( 'NONE', *, *, #267, .F. ) ;
#2219 = DIRECTION ( 'NONE',  ( -0.7002271275140118378, -0.7139201425183883121, 0.000000000000000000 ) ) ;
#2220 = CARTESIAN_POINT ( 'NONE',  ( 7.266957941505610030, 39.99999999999999289, -9.329108063532006057 ) ) ;
#2221 = ORIENTED_EDGE ( 'NONE', *, *, #1775, .T. ) ;
#2222 = DIRECTION ( 'NONE',  ( 0.000000000000000000, 0.000000000000000000, 1.000000000000000000 ) ) ;
#2223 = APPLICATION_PROTOCOL_DEFINITION ( 'international standard', 'config_control_design', 1994, #2517 ) ;
#2224 = EDGE_LOOP ( 'NONE', ( #3239, #1695, #2041, #164 ) ) ;
#2225 = CARTESIAN_POINT ( 'NONE',  ( -17.02390954990719862, 36.30742675469818437, -1.742125054595073497 ) ) ;
#2226 = ORIENTED_EDGE ( 'NONE', *, *, #2684, .F. ) ;
#2227 = CARTESIAN_POINT ( 'NONE',  ( 28.38198970791346198, -29.08909648910083234, -9.306702252272051723 ) ) ;
#2228 = EDGE_CURVE ( 'NONE', #676, #3533, #2156, .T. ) ;
#2229 = CARTESIAN_POINT ( 'NONE',  ( -6.995563555471583150, 40.00000000000000000, -10.01391417451251442 ) ) ;
#2230 = CARTESIAN_POINT ( 'NONE',  ( -39.00000000000001421, -8.050762307399892848, -22.21613078793369667 ) ) ;
#2231 = CARTESIAN_POINT ( 'NONE',  ( -5.052665715420532777, -38.35118100780472616, 6.938893903907228378E-15 ) ) ;
#2232 = VERTEX_POINT ( 'NONE', #550 ) ;
#2233 = VECTOR ( 'NONE', #3962, 1000.000000000000114 ) ;
#2234 = CARTESIAN_POINT ( 'NONE',  ( -28.15121957492156568, 32.09427818216746431, 3.469446951953614189E-15 ) ) ;
#2235 = EDGE_CURVE ( 'NONE', #443, #3500, #4216, .T. ) ;
#2236 = ORIENTED_EDGE ( 'NONE', *, *, #2060, .T. ) ;
#2237 = EDGE_CURVE ( 'NONE', #516, #2255, #4745, .T. ) ;
#2238 = DIRECTION ( 'NONE',  ( 0.000000000000000000, 0.000000000000000000, -1.000000000000000000 ) ) ;
#2239 = DIRECTION ( 'NONE',  ( 0.7071067811865475727, 0.7071067811865475727, 0.000000000000000000 ) ) ;
#2240 = CIRCLE ( 'NONE', #1115, 4.200000000000009059 ) ;
#2241 = CARTESIAN_POINT ( 'NONE',  ( 37.09044856109739641, 17.82224342995247568, -0.5400751940910831772 ) ) ;
#2242 = CARTESIAN_POINT ( 'NONE',  ( -39.99999999999998579, 0.000000000000000000, 2.602085213965210642E-15 ) ) ;
#2243 = LINE ( 'NONE', #3099, #4155 ) ;
#2244 = AXIS2_PLACEMENT_3D ( 'NONE', #4924, #745, #1613 ) ;
#2245 = ORIENTED_EDGE ( 'NONE', *, *, #1915, .F. ) ;
#2246 = VECTOR ( 'NONE', #1191, 1000.000000000000000 ) ;
#2247 = CARTESIAN_POINT ( 'NONE',  ( 30.12069803581545102, -30.82780481700284270, -3.999999999999994671 ) ) ;
#2248 = CYLINDRICAL_SURFACE ( 'NONE', #1040, 40.60000000000000142 ) ;
#2249 = VERTEX_POINT ( 'NONE', #933 ) ;
#2250 = DIRECTION ( 'NONE',  ( -0.000000000000000000, -0.000000000000000000, 1.000000000000000000 ) ) ;
#2251 = EDGE_LOOP ( 'NONE', ( #424, #3187, #5270, #1762, #1562, #983 ) ) ;
#2252 = ADVANCED_FACE ( 'NONE', ( #2649 ), #4836, .T. ) ;
#2253 = VECTOR ( 'NONE', #365, 1000.000000000000000 ) ;
#2254 = CARTESIAN_POINT ( 'NONE',  ( -17.90994646301893312, 37.17646944671555786, -0.4538840942241080256 ) ) ;
#2255 = VERTEX_POINT ( 'NONE', #3539 ) ;
#2256 = CARTESIAN_POINT ( 'NONE',  ( 23.54560596669389483, 30.69115434757546979, -7.999999999999996447 ) ) ;
#2257 = FACE_OUTER_BOUND ( 'NONE', #1043, .T. ) ;
#2258 = CIRCLE ( 'NONE', #2614, 1.000000000000000888 ) ;
#2259 = DIRECTION ( 'NONE',  ( -0.000000000000000000, -0.000000000000000000, -1.000000000000000000 ) ) ;
#2260 = CARTESIAN_POINT ( 'NONE',  ( -12.43752441298996558, 36.62854763708606498, 3.469446951953614189E-15 ) ) ;
#2261 = ORIENTED_EDGE ( 'NONE', *, *, #2074, .F. ) ;
#2262 = AXIS2_PLACEMENT_3D ( 'NONE', #34, #1690, #3360 ) ;
#2263 = CARTESIAN_POINT ( 'NONE',  ( -42.32539665628529235, 5.576258017536757094, 3.469446951953614189E-15 ) ) ;
#2264 = EDGE_LOOP ( 'NONE', ( #4586, #2107, #4073 ) ) ;
#2265 = CARTESIAN_POINT ( 'NONE',  ( 0.000000000000000000, 0.000000000000000000, -20.99999999999999645 ) ) ;
#2266 = DIRECTION ( 'NONE',  ( 0.7139201425183884231, -0.7002271275140117268, 0.000000000000000000 ) ) ;
#2267 = DIRECTION ( 'NONE',  ( 1.000000000000000000, 0.000000000000000000, 0.000000000000000000 ) ) ;
#2268 = EDGE_CURVE ( 'NONE', #40, #4104, #2395, .T. ) ;
#2269 = EDGE_CURVE ( 'NONE', #625, #1064, #2286, .T. ) ;
#2270 = DIRECTION ( 'NONE',  ( 0.7071067811865479058, 0.7071067811865472397, 0.000000000000000000 ) ) ;
#2271 = LINE ( 'NONE', #3574, #4840 ) ;
#2272 = VERTEX_POINT ( 'NONE', #4052 ) ;
#2273 = DIRECTION ( 'NONE',  ( 0.000000000000000000, 0.000000000000000000, -1.000000000000000000 ) ) ;
#2274 = CARTESIAN_POINT ( 'NONE',  ( -34.74887402186393359, -19.71920331487915945, -2.000000000000000888 ) ) ;
#2275 = LINE ( 'NONE', #4441, #195 ) ;
#2276 = EDGE_CURVE ( 'NONE', #4672, #1413, #1067, .T. ) ;
#2277 = CARTESIAN_POINT ( 'NONE',  ( 32.57573593128807943, 32.71715728752537444, -21.00000000000000000 ) ) ;
#2278 = EDGE_LOOP ( 'NONE', ( #5355, #951, #179, #4023 ) ) ;
#2279 = CARTESIAN_POINT ( 'NONE',  ( 0.000000000000000000, 40.00000000000000711, -25.00000000000000000 ) ) ;
#2280 = VECTOR ( 'NONE', #4905, 1000.000000000000114 ) ;
#2281 = B_SPLINE_CURVE_WITH_KNOTS ( 'NONE', 3,
 ( #1964, #4037, #689, #2350 ),
 .UNSPECIFIED., .F., .F.,
 ( 4, 4 ),
 ( 2.828534383533088233E-07, 0.002828812200178112794 ),
 .UNSPECIFIED. ) ;
#2282 = ORIENTED_EDGE ( 'NONE', *, *, #707, .F. ) ;
#2283 = CIRCLE ( 'NONE', #4278, 2.999999999999999112 ) ;
#2284 = FACE_OUTER_BOUND ( 'NONE', #2452, .T. ) ;
#2285 = CARTESIAN_POINT ( 'NONE',  ( 0.000000000000000000, 0.000000000000000000, -10.49999999999999467 ) ) ;
#2286 = LINE ( 'NONE', #4426, #3204 ) ;
#2287 = CARTESIAN_POINT ( 'NONE',  ( -5.052665715421804649, 38.35118100781438955, -4.833223196770197878E-12 ) ) ;
#2288 = ORIENTED_EDGE ( 'NONE', *, *, #200, .T. ) ;
#2289 = CIRCLE ( 'NONE', #4370, 3.000000000000000000 ) ;
#2290 = CARTESIAN_POINT ( 'NONE',  ( -36.96962611825792777, 21.34901871904760640, 3.469446951953614189E-15 ) ) ;
#2291 = CARTESIAN_POINT ( 'NONE',  ( 0.000000000000000000, 0.000000000000000000, -21.00000000000000000 ) ) ;
#2292 = AXIS2_PLACEMENT_3D ( 'NONE', #3342, #4982, #5032 ) ;
#2293 = LINE ( 'NONE', #3096, #343 ) ;
#2294 = EDGE_CURVE ( 'NONE', #2143, #2485, #1297, .T. ) ;
#2295 = CARTESIAN_POINT ( 'NONE',  ( 36.69430515216780009, 17.41835339506503999, -1.037413721129553101 ) ) ;
#2296 = LINE ( 'NONE', #1453, #223 ) ;
#2297 = CARTESIAN_POINT ( 'NONE',  ( -38.99999994343080090, 17.14000392953518670, 3.035766082959412415E-15 ) ) ;
#2298 = ORIENTED_EDGE ( 'NONE', *, *, #3844, .T. ) ;
#2299 = CARTESIAN_POINT ( 'NONE',  ( -39.99999999999998579, -35.79999999999999005, -4.000000000000000000 ) ) ;
#2300 = EDGE_CURVE ( 'NONE', #171, #3584, #1976, .T. ) ;
#2301 = EDGE_CURVE ( 'NONE', #598, #1052, #4352, .T. ) ;
#2302 = CYLINDRICAL_SURFACE ( 'NONE', #1888, 2.999999999999999112 ) ;
#2303 = CARTESIAN_POINT ( 'NONE',  ( 0.000000000000000000, 0.000000000000000000, -3.999999999999994671 ) ) ;
#2304 = CARTESIAN_POINT ( 'NONE',  ( -3.006303735121476084, 18.35652848041251772, 0.000000000000000000 ) ) ;
#2305 = CALENDAR_DATE ( 2025, 12, 2 ) ;
#2306 = ORIENTED_EDGE ( 'NONE', *, *, #1830, .T. ) ;
#2307 = PLANE ( 'NONE',  #4864 ) ;
#2308 = ORIENTED_EDGE ( 'NONE', *, *, #962, .F. ) ;
#2309 = CARTESIAN_POINT ( 'NONE',  ( 0.000000000000000000, 0.000000000000000000, -21.00000000000000000 ) ) ;
#2310 = EDGE_CURVE ( 'NONE', #1731, #4458, #3616, .T. ) ;
#2311 = CARTESIAN_POINT ( 'NONE',  ( 33.00000000000002132, 32.29289321881343966, -4.000000000000000000 ) ) ;
#2312 = DIRECTION ( 'NONE',  ( -1.000000000000000000, 0.000000000000000000, 0.000000000000000000 ) ) ;
#2313 = CARTESIAN_POINT ( 'NONE',  ( -38.60000000000000853, -2.526364092043150489, -7.999999999999996447 ) ) ;
#2314 = ORIENTED_EDGE ( 'NONE', *, *, #797, .F. ) ;
#2315 = CARTESIAN_POINT ( 'NONE',  ( -41.23750923406996094, -11.04543741823739467, 3.469446951953614189E-15 ) ) ;
#2316 = CC_DESIGN_PERSON_AND_ORGANIZATION_ASSIGNMENT ( #727, #263, ( #1239 ) ) ;
#2317 = EDGE_CURVE ( 'NONE', #3273, #276, #2552, .T. ) ;
#2318 = CARTESIAN_POINT ( 'NONE',  ( 38.99999993959342248, 17.14002334301952857, 3.035766082959412415E-15 ) ) ;
#2319 = FACE_BOUND ( 'NONE', #4750, .T. ) ;
#2320 = CARTESIAN_POINT ( 'NONE',  ( 38.04999999999998295, 35.79999999999999716, -4.000000000000000000 ) ) ;
#2321 = CARTESIAN_POINT ( 'NONE',  ( 32.71715728752540286, 32.57573593128806522, -22.00000000000000000 ) ) ;
#2322 = DIRECTION ( 'NONE',  ( 0.000000000000000000, 0.000000000000000000, -1.000000000000000000 ) ) ;
#2323 = ORIENTED_EDGE ( 'NONE', *, *, #510, .F. ) ;
#2324 = VECTOR ( 'NONE', #3184, 1000.000000000000000 ) ;
#2325 = DIRECTION ( 'NONE',  ( -0.000000000000000000, 0.000000000000000000, 1.000000000000000000 ) ) ;
#2326 = CIRCLE ( 'NONE', #675, 4.200000000000009059 ) ;
#2327 = CARTESIAN_POINT ( 'NONE',  ( 7.531576715440571945, 39.99999999999999289, -8.924919722730285443 ) ) ;
#2328 = CIRCLE ( 'NONE', #5349, 14.00000000000000000 ) ;
#2329 = CARTESIAN_POINT ( 'NONE',  ( -38.60000000000001563, -2.526364092261787153, -7.999999999999998224 ) ) ;
#2330 = VECTOR ( 'NONE', #1078, 1000.000000000000000 ) ;
#2331 = DIRECTION ( 'NONE',  ( -0.000000000000000000, -0.000000000000000000, 1.000000000000000000 ) ) ;
#2332 = ORIENTED_EDGE ( 'NONE', *, *, #3783, .F. ) ;
#2333 = B_SPLINE_CURVE_WITH_KNOTS ( 'NONE', 3,
 ( #5350, #1644, #2081, #2498 ),
 .UNSPECIFIED., .F., .F.,
 ( 4, 4 ),
 ( 2.123157670223306928E-06, 0.007928760707370521507 ),
 .UNSPECIFIED. ) ;
#2334 = PLANE ( 'NONE',  #5204 ) ;
#2335 = ORIENTED_EDGE ( 'NONE', *, *, #3783, .T. ) ;
#2336 = ADVANCED_FACE ( 'NONE', ( #2339 ), #1927, .F. ) ;
#2337 = DIRECTION ( 'NONE',  ( 1.000000000000000000, -0.000000000000000000, 0.000000000000000000 ) ) ;
#2338 = CARTESIAN_POINT ( 'NONE',  ( 18.35652848041194929, 3.006303735123279086, -2.000000000000000000 ) ) ;
#2339 = FACE_OUTER_BOUND ( 'NONE', #4064, .T. ) ;
#2340 = CARTESIAN_POINT ( 'NONE',  ( 30.69115434757845762, -23.54560596668942551, -7.999999999999996447 ) ) ;
#2341 = VERTEX_POINT ( 'NONE', #4400 ) ;
#2342 = ADVANCED_FACE ( 'NONE', ( #3589 ), #4027, .T. ) ;
#2343 = DIRECTION ( 'NONE',  ( 0.000000000000000000, 0.000000000000000000, 1.000000000000000000 ) ) ;
#2344 = DIRECTION ( 'NONE',  ( 0.000000000000000000, 0.000000000000000000, 1.000000000000000000 ) ) ;
#2345 = DIRECTION ( 'NONE',  ( 0.000000000000000000, 0.000000000000000000, -1.000000000000000000 ) ) ;
#2346 = B_SPLINE_CURVE_WITH_KNOTS ( 'NONE', 3,
 ( #4140, #3787, #1321, #3764, #3384, #4977, #1270, #3712, #472, #2931, #5343, #4631 ),
 .UNSPECIFIED., .F., .F.,
 ( 4, 2, 2, 2, 2, 4 ),
 ( 0.000000000000000000, 0.0004427360378183484396, 0.0008854720756366968792, 0.001770944151273380531, 0.002656416226910064075, 0.003541888302546747618 ),
 .UNSPECIFIED. ) ;
#2347 = CARTESIAN_POINT ( 'NONE',  ( 35.79999999999997584, 35.79999999999999716, 0.000000000000000000 ) ) ;
#2348 = DIRECTION ( 'NONE',  ( 1.000000000000000000, 0.000000000000000000, 0.000000000000000000 ) ) ;
#2349 = AXIS2_PLACEMENT_3D ( 'NONE', #3271, #4153, #845 ) ;
#2350 = CARTESIAN_POINT ( 'NONE',  ( -29.76712057264957778, 30.47422735383692327, -21.00000000000000355 ) ) ;
#2351 = ORIENTED_EDGE ( 'NONE', *, *, #2544, .F. ) ;
#2352 = CARTESIAN_POINT ( 'NONE',  ( 40.00000000000002842, -14.65469208137785273, -21.00000000000000000 ) ) ;
#2353 = CARTESIAN_POINT ( 'NONE',  ( 2.559430833975816721, -38.99999999999997158, -4.190622897266002234 ) ) ;
#2354 = VERTEX_POINT ( 'NONE', #1475 ) ;
#2355 = DIRECTION ( 'NONE',  ( -0.000000000000000000, 0.000000000000000000, 1.000000000000000000 ) ) ;
#2356 = CARTESIAN_POINT ( 'NONE',  ( 7.853121567701223604, -7.702498402653104925, -2.000000000000000000 ) ) ;
#2357 = EDGE_LOOP ( 'NONE', ( #3649, #48, #3915, #2677 ) ) ;
#2358 = B_SPLINE_CURVE_WITH_KNOTS ( 'NONE', 3,
 ( #1263, #4233, #4645, #4540, #2923, #3377, #905, #515, #851, #3354, #28, #4132 ),
 .UNSPECIFIED., .F., .F.,
 ( 4, 2, 2, 2, 2, 4 ),
 ( 0.000000000000000000, 0.001791941957164215095, 0.003583883914328430190, 0.004479854892910539906, 0.005375825871492649621, 0.007167767828656877727 ),
 .UNSPECIFIED. ) ;
#2359 = CARTESIAN_POINT ( 'NONE',  ( 23.54560596688464003, 30.69115434744801973, -7.999999999999998224 ) ) ;
#2360 = LINE ( 'NONE', #3992, #2181 ) ;
#2361 = EDGE_CURVE ( 'NONE', #3242, #5348, #3207, .T. ) ;
#2362 = VERTEX_POINT ( 'NONE', #1982 ) ;
#2363 = LINE ( 'NONE', #3246, #1735 ) ;
#2364 = VECTOR ( 'NONE', #2188, 1000.000000000000000 ) ;
#2365 = CARTESIAN_POINT ( 'NONE',  ( 38.99999999999997158, -15.65217816487440494, -0.06708969424584776409 ) ) ;
#2366 = ADVANCED_FACE ( 'NONE', ( #4456 ), #2703, .T. ) ;
#2367 = EDGE_CURVE ( 'NONE', #2057, #836, #425, .T. ) ;
#2368 = CARTESIAN_POINT ( 'NONE',  ( 35.80000000000001137, -35.80000000000000426, -21.00000000000000000 ) ) ;
#2369 = CARTESIAN_POINT ( 'NONE',  ( 29.08073093501855055, -25.50791257258293854, -7.999999999999996447 ) ) ;
#2370 = EDGE_LOOP ( 'NONE', ( #2806, #4802, #1276, #2486, #1771, #5362 ) ) ;
#2371 = CARTESIAN_POINT ( 'NONE',  ( -19.34441602242662483, -33.49829972218224583, 2.423550492289005764E-12 ) ) ;
#2372 = CIRCLE ( 'NONE', #3163, 2.250000000000001776 ) ;
#2373 = CARTESIAN_POINT ( 'NONE',  ( 33.55000000000001137, -35.80000000000000426, -25.00000000000000000 ) ) ;
#2374 = FACE_OUTER_BOUND ( 'NONE', #1577, .T. ) ;
#2375 = CARTESIAN_POINT ( 'NONE',  ( -28.63128791749866409, 29.33839469868597760, -7.551226505519707644 ) ) ;
#2376 = CYLINDRICAL_SURFACE ( 'NONE', #2244, 0.3999999999999975797 ) ;
#2377 = CARTESIAN_POINT ( 'NONE',  ( 32.29289321881346808, 32.99999999999999289, -4.000000000000000000 ) ) ;
#2378 = ORIENTED_EDGE ( 'NONE', *, *, #4321, .T. ) ;
#2379 = AXIS2_PLACEMENT_3D ( 'NONE', #3958, #4363, #3502 ) ;
#2380 = CARTESIAN_POINT ( 'NONE',  ( 30.53183717540435893, 29.82473039421778083, -4.429810679641848381 ) ) ;
#2381 = DIRECTION ( 'NONE',  ( 0.000000000000000000, 0.000000000000000000, 1.000000000000000000 ) ) ;
#2382 = ORIENTED_EDGE ( 'NONE', *, *, #4055, .F. ) ;
#2383 = CARTESIAN_POINT ( 'NONE',  ( 18.35652848041194929, 3.006303735123279086, 0.000000000000000000 ) ) ;
#2384 = DIRECTION ( 'NONE',  ( 0.000000000000000000, 0.000000000000000000, 1.000000000000000000 ) ) ;
#2385 = ORIENTED_EDGE ( 'NONE', *, *, #4448, .F. ) ;
#2386 = DIRECTION ( 'NONE',  ( -1.000000000000000000, 0.000000000000000000, 0.000000000000000000 ) ) ;
#2387 = CARTESIAN_POINT ( 'NONE',  ( -35.37356194865695613, -20.35610707967463640, -0.8269122837040001617 ) ) ;
#2388 = B_SPLINE_CURVE_WITH_KNOTS ( 'NONE', 3,
 ( #4774, #290, #4800, #1034 ),
 .UNSPECIFIED., .F., .F.,
 ( 4, 4 ),
 ( 0.8744108412983451206, 0.9276359641785821841 ),
 .UNSPECIFIED. ) ;
#2389 = ORIENTED_EDGE ( 'NONE', *, *, #1121, .T. ) ;
#2390 = CARTESIAN_POINT ( 'NONE',  ( -35.79999999999998295, -35.79999999999999005, 0.000000000000000000 ) ) ;
#2391 = EDGE_LOOP ( 'NONE', ( #4702, #288, #384, #5134 ) ) ;
#2392 = DIRECTION ( 'NONE',  ( 0.000000000000000000, 0.000000000000000000, 1.000000000000000000 ) ) ;
#2393 = EDGE_CURVE ( 'NONE', #4135, #1698, #3729, .T. ) ;
#2394 = LINE ( 'NONE', #2311, #3483 ) ;
#2395 = LINE ( 'NONE', #4784, #1717 ) ;
#2396 = CARTESIAN_POINT ( 'NONE',  ( 36.62854763707636607, 12.43752441299003486, 3.469446951953614189E-15 ) ) ;
#2397 = ORIENTED_EDGE ( 'NONE', *, *, #601, .T. ) ;
#2398 = CARTESIAN_POINT ( 'NONE',  ( -38.35118100781438955, -5.052665715424214277, -4.833223196770196263E-12 ) ) ;
#2399 = EDGE_CURVE ( 'NONE', #4937, #5273, #2328, .T. ) ;
#2400 = CARTESIAN_POINT ( 'NONE',  ( -22.51252100524309796, 34.80812422002917828, -7.974924713410731059 ) ) ;
#2401 = LINE ( 'NONE', #3653, #3380 ) ;
#2402 = CARTESIAN_POINT ( 'NONE',  ( -29.55967438365389199, 30.26678116484121972, -4.894090684036285666 ) ) ;
#2403 = CARTESIAN_POINT ( 'NONE',  ( 8.015378183532982703, 39.00000000000000000, -22.20890740345144465 ) ) ;
#2404 = EDGE_CURVE ( 'NONE', #3446, #3691, #160, .T. ) ;
#2405 = CARTESIAN_POINT ( 'NONE',  ( -21.67913016185288910, 36.67120930406396440, 3.035766082959412415E-15 ) ) ;
#2406 = ORIENTED_EDGE ( 'NONE', *, *, #1364, .T. ) ;
#2407 = CARTESIAN_POINT ( 'NONE',  ( 29.08909648910045576, 28.38198970791384923, -9.306702252272046394 ) ) ;
#2408 = CARTESIAN_POINT ( 'NONE',  ( 1.464986483723673905, -38.99999999999999289, -4.424064800771969175 ) ) ;
#2409 = ORIENTED_EDGE ( 'NONE', *, *, #3631, .F. ) ;
#2410 = CARTESIAN_POINT ( 'NONE',  ( -25.50791257241623811, -29.08073093518525098, -7.999999999999994671 ) ) ;
#2411 = CARTESIAN_POINT ( 'NONE',  ( -32.01005050633883542, 32.71715728752618446, -22.00000000000000000 ) ) ;
#2412 = COORDINATED_UNIVERSAL_TIME_OFFSET ( 1, 0, .AHEAD. ) ;
#2413 = ORIENTED_EDGE ( 'NONE', *, *, #4577, .F. ) ;
#2414 = DIRECTION ( 'NONE',  ( 0.000000000000000000, -0.000000000000000000, -1.000000000000000000 ) ) ;
#2415 = CARTESIAN_POINT ( 'NONE',  ( -38.99999994343080090, 17.14000392953518670, 3.035766082959412415E-15 ) ) ;
#2416 = VECTOR ( 'NONE', #4514, 1000.000000000000000 ) ;
#2417 = VECTOR ( 'NONE', #1614, 1000.000000000000114 ) ;
#2418 = VERTEX_POINT ( 'NONE', #387 ) ;
#2419 = ADVANCED_FACE ( 'NONE', ( #4082 ), #3894, .T. ) ;
#2420 = FACE_OUTER_BOUND ( 'NONE', #958, .T. ) ;
#2421 = EDGE_LOOP ( 'NONE', ( #148, #4499, #4150, #4484 ) ) ;
#2422 = CARTESIAN_POINT ( 'NONE',  ( 6.954135460285507442, -40.00000000000000000, -10.49999999999999467 ) ) ;
#2423 = ORIENTED_EDGE ( 'NONE', *, *, #4805, .F. ) ;
#2424 = DIRECTION ( 'NONE',  ( 1.000000000000000000, 0.000000000000000000, 0.000000000000000000 ) ) ;
#2425 = CARTESIAN_POINT ( 'NONE',  ( 29.63035082637511053, -28.92324404518939573, -6.442301122749183762 ) ) ;
#2426 = CARTESIAN_POINT ( 'NONE',  ( 23.54560596669389483, 30.69115434757546979, -7.999999999999996447 ) ) ;
#2427 = ORIENTED_EDGE ( 'NONE', *, *, #468, .F. ) ;
#2428 = CARTESIAN_POINT ( 'NONE',  ( 33.87158484991891783, 25.98556513422255065, 3.469446951953614189E-15 ) ) ;
#2429 = VECTOR ( 'NONE', #2381, 1000.000000000000000 ) ;
#2430 = CARTESIAN_POINT ( 'NONE',  ( -22.92187319438923154, 35.44105119636474654, -5.809228155108670855 ) ) ;
#2431 = PLANE ( 'NONE',  #771 ) ;
#2432 = DIRECTION ( 'NONE',  ( -0.000000000000000000, 0.000000000000000000, 1.000000000000000000 ) ) ;
#2433 = LINE ( 'NONE', #4036, #2135 ) ;
#2434 = CARTESIAN_POINT ( 'NONE',  ( -22.63166613524848003, 36.10795428951340824, 2.602085213965211036E-15 ) ) ;
#2435 = ORIENTED_EDGE ( 'NONE', *, *, #817, .T. ) ;
#2436 = CARTESIAN_POINT ( 'NONE',  ( -29.05991157131654745, 28.35280479013078292, -19.00000000000000355 ) ) ;
#2437 = EDGE_CURVE ( 'NONE', #2255, #4900, #1756, .T. ) ;
#2438 = ADVANCED_FACE ( 'NONE', ( #765 ), #4942, .T. ) ;
#2439 = LOCAL_TIME ( 20, 30, 7.000000000000000000, #2611 ) ;
#2440 = DIRECTION ( 'NONE',  ( 1.000000000000000000, 0.000000000000000000, 0.000000000000000000 ) ) ;
#2441 = ORIENTED_EDGE ( 'NONE', *, *, #2488, .T. ) ;
#2442 = CARTESIAN_POINT ( 'NONE',  ( -29.62048264254831409, -28.91337586136016569, -6.435463849812590453 ) ) ;
#2443 = CARTESIAN_POINT ( 'NONE',  ( 38.05000000000001137, -35.80000000000000426, -21.00000000000000000 ) ) ;
#2444 = VECTOR ( 'NONE', #1524, 1000.000000000000000 ) ;
#2445 = ORIENTED_EDGE ( 'NONE', *, *, #4125, .F. ) ;
#2446 = LINE ( 'NONE', #1143, #2916 ) ;
#2447 = CARTESIAN_POINT ( 'NONE',  ( 14.24816901081813469, -40.00000000000022737, -4.714896582073857090 ) ) ;
#2448 = CIRCLE ( 'NONE', #622, 42.60000000000000142 ) ;
#2449 = ORIENTED_EDGE ( 'NONE', *, *, #43, .F. ) ;
#2450 = LINE ( 'NONE', #4564, #3416 ) ;
#2451 = CARTESIAN_POINT ( 'NONE',  ( 32.71715728752540286, 32.01005050633882121, -4.000000000000000000 ) ) ;
#2452 = EDGE_LOOP ( 'NONE', ( #1027, #4990, #4172, #1338 ) ) ;
#2453 = CARTESIAN_POINT ( 'NONE',  ( -5.137185608858420238, -39.00000000000001421, -21.73013055312709341 ) ) ;
#2454 = CARTESIAN_POINT ( 'NONE',  ( 3.006303735123506460, -18.35652848041188179, -2.000000000000000000 ) ) ;
#2455 = CARTESIAN_POINT ( 'NONE',  ( 0.000000000000000000, 0.000000000000000000, -21.00000000000000355 ) ) ;
#2456 = ORIENTED_EDGE ( 'NONE', *, *, #1766, .F. ) ;
#2457 = CARTESIAN_POINT ( 'NONE',  ( -34.69495227279496419, -17.10563656559253332, 3.469446951953614189E-15 ) ) ;
#2458 = B_SPLINE_CURVE_WITH_KNOTS ( 'NONE', 3,
 ( #5042, #1757, #4259, #126, #2140, #73, #3859, #1309, #2168, #4644, #3802, #4697, #3424, #927 ),
 .UNSPECIFIED., .F., .F.,
 ( 4, 2, 2, 2, 2, 2, 4 ),
 ( 0.000000000000000000, 0.0008952823307465230087, 0.001790564661493046017, 0.002238205826866307684, 0.002685846992239569134, 0.003133488157612830585, 0.003581129322986092035 ),
 .UNSPECIFIED. ) ;
#2459 = CARTESIAN_POINT ( 'NONE',  ( -12.48103486337082302, -40.00000000000000000, -5.512891614740007995 ) ) ;
#2460 = CARTESIAN_POINT ( 'NONE',  ( 38.60000000000001563, 4.727136644708786816E-15, -6.164674129035572214 ) ) ;
#2461 = CARTESIAN_POINT ( 'NONE',  ( 2.788163479804875777, 42.60000000000001563, 3.469446951953614189E-15 ) ) ;
#2462 = CARTESIAN_POINT ( 'NONE',  ( -5.137185608858399810, 39.00000000000000711, -21.73013055312709696 ) ) ;
#2463 = AXIS2_PLACEMENT_3D ( 'NONE', #966, #138, #498 ) ;
#2464 = DIRECTION ( 'NONE',  ( -0.000000000000000000, 0.000000000000000000, 1.000000000000000000 ) ) ;
#2465 = EDGE_LOOP ( 'NONE', ( #2855, #5224, #2088, #1389, #4728, #459, #2506, #4655, #429, #4421, #3968 ) ) ;
#2466 = LINE ( 'NONE', #1995, #205 ) ;
#2467 = EDGE_CURVE ( 'NONE', #3861, #4348, #3462, .T. ) ;
#2468 = DIRECTION ( 'NONE',  ( -1.000000000000000000, 0.000000000000000000, 0.000000000000000000 ) ) ;
#2469 = ORIENTED_EDGE ( 'NONE', *, *, #4959, .F. ) ;
#2470 = CARTESIAN_POINT ( 'NONE',  ( -29.05991157131771985, -28.35280479012957855, -9.901133055671079930 ) ) ;
#2471 = DIRECTION ( 'NONE',  ( 1.000000000000000000, 0.000000000000000000, 0.000000000000000000 ) ) ;
#2472 = AXIS2_PLACEMENT_3D ( 'NONE', #5142, #3075, #1886 ) ;
#2473 = ORIENTED_EDGE ( 'NONE', *, *, #217, .F. ) ;
#2474 = EDGE_CURVE ( 'NONE', #2030, #3518, #3967, .T. ) ;
#2475 = EDGE_CURVE ( 'NONE', #4253, #828, #864, .T. ) ;
#2476 = DIRECTION ( 'NONE',  ( -0.000000000000000000, 0.000000000000000000, 1.000000000000000000 ) ) ;
#2477 = CARTESIAN_POINT ( 'NONE',  ( -28.99603343704465530, -29.46320306023706692, -5.809228155108670855 ) ) ;
#2478 = AXIS2_PLACEMENT_3D ( 'NONE', #4635, #3746, #477 ) ;
#2479 = ORIENTED_EDGE ( 'NONE', *, *, #4394, .F. ) ;
#2480 = DIRECTION ( 'NONE',  ( 0.000000000000000000, 0.000000000000000000, -1.000000000000000000 ) ) ;
#2481 = CARTESIAN_POINT ( 'NONE',  ( 9.803179785195043294, 9.994881995258682039, 0.000000000000000000 ) ) ;
#2482 = VERTEX_POINT ( 'NONE', #2454 ) ;
#2483 = ADVANCED_FACE ( 'NONE', ( #3707 ), #1632, .F. ) ;
#2484 = CYLINDRICAL_SURFACE ( 'NONE', #4528, 2.250000000000001776 ) ;
#2485 = VERTEX_POINT ( 'NONE', #2583 ) ;
#2486 = ORIENTED_EDGE ( 'NONE', *, *, #3714, .T. ) ;
#2487 = CARTESIAN_POINT ( 'NONE',  ( 36.62854763708607919, -12.43752441299234768, 3.469446951953614189E-15 ) ) ;
#2488 = EDGE_CURVE ( 'NONE', #4904, #836, #526, .T. ) ;
#2489 = EDGE_CURVE ( 'NONE', #1013, #4449, #3978, .T. ) ;
#2490 = B_SPLINE_CURVE_WITH_KNOTS ( 'NONE', 3,
 ( #586, #4333, #1049, #1936, #2762, #2714, #4360, #3151, #4409, #5239, #639, #5189, #176, #4793, #1077 ),
 .UNSPECIFIED., .F., .F.,
 ( 4, 2, 2, 2, 2, 1, 2, 4 ),
 ( 0.07237027906888081341, 0.1620098584668722697, 0.2516494378648637120, 0.4309285966608465968, 0.5205681760588378726, 0.6102077554568291484, 0.6998473348548204243, 0.7894869142528117001 ),
 .UNSPECIFIED. ) ;
#2491 = CARTESIAN_POINT ( 'NONE',  ( -39.99999999999998579, -15.14449152578677449, -4.346382426592496628 ) ) ;
#2492 = FACE_BOUND ( 'NONE', #3645, .T. ) ;
#2493 = CARTESIAN_POINT ( 'NONE',  ( -28.15121957491675175, -32.09427818217712058, 3.469446951953614189E-15 ) ) ;
#2494 = CARTESIAN_POINT ( 'NONE',  ( 0.000000000000000000, 0.000000000000000000, -2.000000000000000000 ) ) ;
#2495 = EDGE_CURVE ( 'NONE', #3068, #598, #3881, .T. ) ;
#2496 = CARTESIAN_POINT ( 'NONE',  ( -37.35674794810596921, -18.09375032943408002, -0.2996631552939317267 ) ) ;
#2497 = ORIENTED_EDGE ( 'NONE', *, *, #3299, .T. ) ;
#2498 = CARTESIAN_POINT ( 'NONE',  ( -6.954135460285505665, 40.00000000000000000, -19.00000000000000000 ) ) ;
#2499 = DIRECTION ( 'NONE',  ( 1.000000000000000000, 0.000000000000000000, 0.000000000000000000 ) ) ;
#2500 = VERTEX_POINT ( 'NONE', #1837 ) ;
#2501 = CARTESIAN_POINT ( 'NONE',  ( 38.35118100785404494, -5.052665715192930840, -7.999999999999996447 ) ) ;
#2502 = CARTESIAN_POINT ( 'NONE',  ( 35.44105119636460444, 22.92187319438954418, -5.809228155108670855 ) ) ;
#2503 = ORIENTED_EDGE ( 'NONE', *, *, #4805, .T. ) ;
#2504 = LINE ( 'NONE', #4152, #3258 ) ;
#2505 = CARTESIAN_POINT ( 'NONE',  ( 6.954135460285507442, -40.00000000000000000, -10.49999999999999467 ) ) ;
#2506 = ORIENTED_EDGE ( 'NONE', *, *, #5073, .F. ) ;
#2507 = CARTESIAN_POINT ( 'NONE',  ( 34.80812422002884432, -22.51252100524376232, -7.974924713410731059 ) ) ;
#2508 = DIRECTION ( 'NONE',  ( -0.000000000000000000, 0.000000000000000000, 1.000000000000000000 ) ) ;
#2509 = ORIENTED_EDGE ( 'NONE', *, *, #2437, .T. ) ;
#2510 = CARTESIAN_POINT ( 'NONE',  ( -14.42249585448830729, -39.00000000000000711, -23.90688574117094589 ) ) ;
#2511 = AXIS2_PLACEMENT_3D ( 'NONE', #2593, #4295, #2312 ) ;
#2512 = EDGE_CURVE ( 'NONE', #1912, #3068, #4214, .T. ) ;
#2513 = VERTEX_POINT ( 'NONE', #153 ) ;
#2514 = ORIENTED_EDGE ( 'NONE', *, *, #2644, .T. ) ;
#2515 = CARTESIAN_POINT ( 'NONE',  ( 30.69115434757845762, -23.54560596668942551, -7.999999999999996447 ) ) ;
#2516 = AXIS2_PLACEMENT_3D ( 'NONE', #806, #4525, #283 ) ;
#2517 = APPLICATION_CONTEXT ( 'configuration controlled 3d designs of mechanical parts and assemblies' ) ;
#2518 = CARTESIAN_POINT ( 'NONE',  ( 35.80000000000001137, -40.00000000000001421, -25.00000000000000000 ) ) ;
#2519 = DIRECTION ( 'NONE',  ( 1.000000000000000000, 0.000000000000000000, 0.000000000000000000 ) ) ;
#2520 = CARTESIAN_POINT ( 'NONE',  ( -11.04543741823733960, -41.23750923406997515, 3.469446951953614189E-15 ) ) ;
#2521 = CARTESIAN_POINT ( 'NONE',  ( 38.04999999999998295, 35.79999999999999716, 0.000000000000000000 ) ) ;
#2522 = AXIS2_PLACEMENT_3D ( 'NONE', #3547, #4303, #2739 ) ;
#2523 = VERTEX_POINT ( 'NONE', #3076 ) ;
#2524 = CARTESIAN_POINT ( 'NONE',  ( 15.33511195342490119, 39.32320844004129867, -5.809228155108670855 ) ) ;
#2525 = CARTESIAN_POINT ( 'NONE',  ( 2.942619896015868264, 39.00000000000002842, -4.107804527325315647 ) ) ;
#2526 = ORIENTED_EDGE ( 'NONE', *, *, #14, .F. ) ;
#2527 = CARTESIAN_POINT ( 'NONE',  ( 33.49829972230852349, -19.34441602222866408, -7.999999999999996447 ) ) ;
#2528 = CARTESIAN_POINT ( 'NONE',  ( 32.29289321881265096, -32.43431457505081283, -21.00000000000000000 ) ) ;
#2529 = ORIENTED_EDGE ( 'NONE', *, *, #2074, .T. ) ;
#2530 = CARTESIAN_POINT ( 'NONE',  ( 0.000000000000000000, 0.000000000000000000, -21.00000000000002487 ) ) ;
#2531 = CIRCLE ( 'NONE', #3998, 2.250000000000001776 ) ;
#2532 = ORIENTED_EDGE ( 'NONE', *, *, #1956, .T. ) ;
#2533 = AXIS2_PLACEMENT_3D ( 'NONE', #5154, #2672, #4679 ) ;
#2534 = LINE ( 'NONE', #1730, #4752 ) ;
#2535 = EDGE_LOOP ( 'NONE', ( #4144, #4393, #543, #3872 ) ) ;
#2536 = DIRECTION ( 'NONE',  ( 0.7002271275140118378, 0.7139201425183883121, 0.000000000000000000 ) ) ;
#2537 = ORIENTED_EDGE ( 'NONE', *, *, #4572, .F. ) ;
#2538 = CARTESIAN_POINT ( 'NONE',  ( 17.13942822850282965, -39.00000000000001421, -25.00000000000000000 ) ) ;
#2539 = EDGE_CURVE ( 'NONE', #2057, #1147, #2904, .T. ) ;
#2540 = CIRCLE ( 'NONE', #2712, 4.200000000000009059 ) ;
#2541 = ORIENTED_EDGE ( 'NONE', *, *, #1473, .T. ) ;
#2542 = CARTESIAN_POINT ( 'NONE',  ( -17.10563656559726553, 34.69495227279089988, -7.999999999999996447 ) ) ;
#2543 = EDGE_CURVE ( 'NONE', #169, #4541, #3544, .T. ) ;
#2544 = EDGE_CURVE ( 'NONE', #1064, #3860, #2665, .T. ) ;
#2545 = CARTESIAN_POINT ( 'NONE',  ( -6.954135460285507442, 40.00000000000000000, -10.49999999999999467 ) ) ;
#2546 = CARTESIAN_POINT ( 'NONE',  ( 40.00000000000002842, 14.65469208137784207, -21.00000000000000000 ) ) ;
#2547 = CARTESIAN_POINT ( 'NONE',  ( -41.23750923406996094, 11.04543741823737335, 3.469446951953614189E-15 ) ) ;
#2548 = DIRECTION ( 'NONE',  ( 1.000000000000000000, 0.000000000000000000, 0.000000000000000000 ) ) ;
#2549 = ORIENTED_EDGE ( 'NONE', *, *, #1847, .T. ) ;
#2550 = DIRECTION ( 'NONE',  ( 0.000000000000000000, 0.000000000000000000, -1.000000000000000000 ) ) ;
#2551 = AXIS2_PLACEMENT_3D ( 'NONE', #3634, #373, #3722 ) ;
#2552 = B_SPLINE_CURVE_WITH_KNOTS ( 'NONE', 3,
 ( #736, #1552, #655, #2811, #4809, #3190, #630, #248, #4832, #4890, #1901, #3948, #3220, #3565, #327 ),
 .UNSPECIFIED., .F., .F.,
 ( 4, 2, 2, 2, 2, 1, 2, 4 ),
 ( 0.07237027907048780573, 0.1620098584684263876, 0.2516494378663649556, 0.4309285966622421471, 0.5205681760601807984, 0.6102077554581194496, 0.6998473348560581009, 0.7894869142539967521 ),
 .UNSPECIFIED. ) ;
#2553 = CARTESIAN_POINT ( 'NONE',  ( 39.00000000000002842, -17.13942822850279413, -25.00000000000000000 ) ) ;
#2554 = CARTESIAN_POINT ( 'NONE',  ( 28.47820534928868597, -28.93703198470336346, -7.974924713410731059 ) ) ;
#2555 = B_SPLINE_CURVE_WITH_KNOTS ( 'NONE', 3,
 ( #1237, #3331, #2896, #4160, #1686, #4623, #4134, #441, #4542, #907, #2567, #2011 ),
 .UNSPECIFIED., .F., .F.,
 ( 4, 2, 2, 2, 2, 4 ),
 ( 0.000000000000000000, 0.001791941957164219215, 0.003583883914328438430, 0.004479854892910545977, 0.005375825871492653958, 0.007167767828656871655 ),
 .UNSPECIFIED. ) ;
#2556 = CYLINDRICAL_SURFACE ( 'NONE', #1383, 2.250000000000001776 ) ;
#2557 = ORIENTED_EDGE ( 'NONE', *, *, #3387, .T. ) ;
#2558 = LINE ( 'NONE', #3449, #5056 ) ;
#2559 = DIRECTION ( 'NONE',  ( -1.000000000000000000, 0.000000000000000000, 0.000000000000000000 ) ) ;
#2560 = AXIS2_PLACEMENT_3D ( 'NONE', #1973, #2476, #3638 ) ;
#2561 =( BOUNDED_CURVE ( )  B_SPLINE_CURVE ( 2, ( #5000, #419, #1293 ),
 .UNSPECIFIED., .F., .T. ) 
 B_SPLINE_CURVE_WITH_KNOTS ( ( 3, 3 ),
 ( 0.7037125019322552077, 1.000000000000000000 ),
 .UNSPECIFIED. ) 
 CURVE ( )  GEOMETRIC_REPRESENTATION_ITEM ( )  RATIONAL_B_SPLINE_CURVE ( ( 0.8778628151124914236, 0.9132194009967535830, 1.000000000000000000 ) ) 
 REPRESENTATION_ITEM ( '' )  );
#2562 = CARTESIAN_POINT ( 'NONE',  ( -28.35280479013119148, -29.05991157131615310, -19.00000000000000355 ) ) ;
#2563 = ORIENTED_EDGE ( 'NONE', *, *, #3212, .T. ) ;
#2564 = CC_DESIGN_PERSON_AND_ORGANIZATION_ASSIGNMENT ( #236, #4673, ( #5035 ) ) ;
#2565 = VERTEX_POINT ( 'NONE', #4309 ) ;
#2566 = AXIS2_PLACEMENT_3D ( 'NONE', #2291, #1827, #115 ) ;
#2567 = CARTESIAN_POINT ( 'NONE',  ( -30.53170665601171407, 29.82459987482597796, -4.430000222756688366 ) ) ;
#2568 = ORIENTED_EDGE ( 'NONE', *, *, #2643, .F. ) ;
#2569 = CARTESIAN_POINT ( 'NONE',  ( 38.60000000000000853, 4.727136644708785238E-15, -7.999999999999996447 ) ) ;
#2570 = CARTESIAN_POINT ( 'NONE',  ( -39.99999999999997158, -7.153009938310512794, -9.548478826821753529 ) ) ;
#2571 = CARTESIAN_POINT ( 'NONE',  ( 28.35280479013039567, 29.05991157131692049, -10.49999999999999467 ) ) ;
#2572 = CARTESIAN_POINT ( 'NONE',  ( -13.72638704646742269, -40.42425205543233346, 3.469446951953614189E-15 ) ) ;
#2573 = DIRECTION ( 'NONE',  ( -0.7139201425183884231, 0.7002271275140117268, 0.000000000000000000 ) ) ;
#2574 = ORIENTED_EDGE ( 'NONE', *, *, #1847, .F. ) ;
#2575 = CARTESIAN_POINT ( 'NONE',  ( 40.00000000000002842, -3.876477041288957671E-15, -21.00000000000000000 ) ) ;
#2576 = CARTESIAN_POINT ( 'NONE',  ( -3.637883050575135613, 38.99999999999999289, -3.889618239328555216 ) ) ;
#2577 = ADVANCED_FACE ( 'NONE', ( #1437 ), #2302, .F. ) ;
#2578 = CARTESIAN_POINT ( 'NONE',  ( 35.79999999999998295, -40.00000000000000000, -4.000000000000000000 ) ) ;
#2579 = CIRCLE ( 'NONE', #309, 14.00000000000000000 ) ;
#2580 = CARTESIAN_POINT ( 'NONE',  ( -38.99999999999999289, 5.056604857968622468, -3.411037942459968164 ) ) ;
#2581 = ORIENTED_EDGE ( 'NONE', *, *, #4101, .F. ) ;
#2582 = DIRECTION ( 'NONE',  ( -0.000000000000000000, 0.000000000000000000, 1.000000000000000000 ) ) ;
#2583 = CARTESIAN_POINT ( 'NONE',  ( 4.205752449842208307, -13.35333839647023702, 0.000000000000000000 ) ) ;
#2584 = CARTESIAN_POINT ( 'NONE',  ( 40.00000000000001421, 6.954135460285425729, -10.25327012558362583 ) ) ;
#2585 = ORIENTED_EDGE ( 'NONE', *, *, #370, .T. ) ;
#2586 = CARTESIAN_POINT ( 'NONE',  ( -18.92077598718474718, 38.16791124358019971, 3.035766082959412415E-15 ) ) ;
#2587 = ORIENTED_EDGE ( 'NONE', *, *, #2918, .T. ) ;
#2588 = CARTESIAN_POINT ( 'NONE',  ( -7.702498402652959264, -7.853121567701079719, -2.000000000000000000 ) ) ;
#2589 = VERTEX_POINT ( 'NONE', #3959 ) ;
#2590 = CARTESIAN_POINT ( 'NONE',  ( -33.49829972218031315, -19.34441602242051417, -7.999999999999996447 ) ) ;
#2591 = VECTOR ( 'NONE', #2384, 1000.000000000000000 ) ;
#2592 = CARTESIAN_POINT ( 'NONE',  ( -7.265510861814663990, 40.00000000000000000, -9.331456483968512572 ) ) ;
#2593 = CARTESIAN_POINT ( 'NONE',  ( 0.000000000000000000, 0.000000000000000000, -21.00000000000000355 ) ) ;
#2594 = CARTESIAN_POINT ( 'NONE',  ( 2.526364092029770969, 38.60000000000000853, 6.938893903907228378E-15 ) ) ;
#2595 = CARTESIAN_POINT ( 'NONE',  ( 29.05991157131694891, 28.35280479013037080, -19.00000000000000355 ) ) ;
#2596 = VERTEX_POINT ( 'NONE', #4772 ) ;
#2597 = CARTESIAN_POINT ( 'NONE',  ( 32.57573593128726941, -32.71715728752543129, -22.00000000000000000 ) ) ;
#2598 = CARTESIAN_POINT ( 'NONE',  ( 16.05023364315923118, -40.00000000000000000, -4.000000000000000000 ) ) ;
#2599 = CARTESIAN_POINT ( 'NONE',  ( 14.65469208137788826, 40.00000000000000711, -21.00000000000000000 ) ) ;
#2600 = ADVANCED_FACE ( 'NONE', ( #4747 ), #2248, .T. ) ;
#2601 = CARTESIAN_POINT ( 'NONE',  ( 14.19126002167124234, 39.00000000000001421, -0.2921166946865421665 ) ) ;
#2602 = CARTESIAN_POINT ( 'NONE',  ( -29.05991157131771629, -28.35280479012957855, -19.00000000000000355 ) ) ;
#2603 = DIRECTION ( 'NONE',  ( 0.000000000000000000, 0.000000000000000000, 1.000000000000000000 ) ) ;
#2604 = ORIENTED_EDGE ( 'NONE', *, *, #987, .F. ) ;
#2605 = CARTESIAN_POINT ( 'NONE',  ( 40.00000000000001421, 6.954135460285430170, -10.49999999999999467 ) ) ;
#2606 = EDGE_CURVE ( 'NONE', #3932, #4943, #232, .T. ) ;
#2607 = CARTESIAN_POINT ( 'NONE',  ( -32.29289321881427810, -32.43431457504998860, -22.00000000000000000 ) ) ;
#2608 = VERTEX_POINT ( 'NONE', #1056 ) ;
#2609 = CARTESIAN_POINT ( 'NONE',  ( 38.99999999999998579, 2.561306175870281088, -4.190165837230597212 ) ) ;
#2610 = EDGE_LOOP ( 'NONE', ( #5167, #703, #839, #3672 ) ) ;
#2611 = COORDINATED_UNIVERSAL_TIME_OFFSET ( 1, 0, .AHEAD. ) ;
#2612 = ORIENTED_EDGE ( 'NONE', *, *, #3277, .T. ) ;
#2613 = CARTESIAN_POINT ( 'NONE',  ( -40.99908904983082181, 15.98866535842981307, -3.999999999999995115 ) ) ;
#2614 = AXIS2_PLACEMENT_3D ( 'NONE', #296, #1580, #3704 ) ;
#2615 = VERTEX_POINT ( 'NONE', #1030 ) ;
#2616 = CARTESIAN_POINT ( 'NONE',  ( -34.69495227279316651, -17.10563656559178725, -7.999999999999996447 ) ) ;
#2617 = AXIS2_PLACEMENT_3D ( 'NONE', #5106, #3038, #2657 ) ;
#2618 = CARTESIAN_POINT ( 'NONE',  ( -7.531811502727471463, 40.00000000000000000, -8.924423628834023958 ) ) ;
#2619 = DIRECTION ( 'NONE',  ( 1.000000000000000000, 0.000000000000000000, 0.000000000000000000 ) ) ;
#2620 = CARTESIAN_POINT ( 'NONE',  ( -38.35118100781438955, -5.052665715424214277, -4.833223196770196263E-12 ) ) ;
#2621 = ORIENTED_EDGE ( 'NONE', *, *, #4556, .F. ) ;
#2622 = LINE ( 'NONE', #3386, #4971 ) ;
#2623 = ORIENTED_EDGE ( 'NONE', *, *, #2983, .T. ) ;
#2624 = DIRECTION ( 'NONE',  ( 0.000000000000000000, 0.000000000000000000, -1.000000000000000000 ) ) ;
#2625 = CARTESIAN_POINT ( 'NONE',  ( -35.80000000000001847, 35.79999999999999716, -21.00000000000000000 ) ) ;
#2626 = DIRECTION ( 'NONE',  ( 1.000000000000000000, 0.000000000000000000, 0.000000000000000000 ) ) ;
#2627 = DIRECTION ( 'NONE',  ( 1.000000000000000000, 0.000000000000000000, 0.000000000000000000 ) ) ;
#2628 = CARTESIAN_POINT ( 'NONE',  ( 40.00000000000002132, 0.000000000000000000, 2.602085213965210642E-15 ) ) ;
#2629 = CARTESIAN_POINT ( 'NONE',  ( 35.79999999999998295, -35.79999999999999005, -4.000000000000000000 ) ) ;
#2630 = EDGE_CURVE ( 'NONE', #4478, #5090, #4078, .T. ) ;
#2631 = ORIENTED_EDGE ( 'NONE', *, *, #3253, .T. ) ;
#2632 = CIRCLE ( 'NONE', #1924, 4.200000000000009059 ) ;
#2633 = CARTESIAN_POINT ( 'NONE',  ( -14.65469208137788826, -40.00000000000001421, -21.00000000000000000 ) ) ;
#2634 = CARTESIAN_POINT ( 'NONE',  ( 29.21713737668092747, 29.92424415786743097, -5.647303474583153182 ) ) ;
#2635 = ORIENTED_EDGE ( 'NONE', *, *, #1155, .T. ) ;
#2636 = ADVANCED_FACE ( 'NONE', ( #4337 ), #260, .T. ) ;
#2637 = CARTESIAN_POINT ( 'NONE',  ( 38.99999999999999289, 5.743940778472694575, -3.147783967096694724 ) ) ;
#2638 = AXIS2_PLACEMENT_3D ( 'NONE', #3286, #1963, #1161 ) ;
#2639 = EDGE_LOOP ( 'NONE', ( #755, #524, #3784, #4699, #1354, #1242, #1972, #2111, #158, #3705 ) ) ;
#2640 = VERTEX_POINT ( 'NONE', #371 ) ;
#2641 = CARTESIAN_POINT ( 'NONE',  ( -17.41835339506338798, 36.69430515216852484, -1.037413721129348820 ) ) ;
#2642 = ORIENTED_EDGE ( 'NONE', *, *, #5233, .T. ) ;
#2643 = EDGE_CURVE ( 'NONE', #2774, #2696, #1474, .T. ) ;
#2644 = EDGE_CURVE ( 'NONE', #1133, #5021, #5323, .T. ) ;
#2645 = B_SPLINE_CURVE_WITH_KNOTS ( 'NONE', 3,
 ( #1603, #3274, #4912, #156 ),
 .UNSPECIFIED., .F., .F.,
 ( 4, 4 ),
 ( 2.828524546489589278E-07, 0.002828812199194414428 ),
 .UNSPECIFIED. ) ;
#2646 = LINE ( 'NONE', #653, #3747 ) ;
#2647 = VECTOR ( 'NONE', #1134, 1000.000000000000114 ) ;
#2648 = CARTESIAN_POINT ( 'NONE',  ( -10.34667946085023083, 40.00000000000000711, -6.655508270712024554 ) ) ;
#2649 = FACE_OUTER_BOUND ( 'NONE', #4726, .T. ) ;
#2650 = CARTESIAN_POINT ( 'NONE',  ( 29.08073093502343198, 25.50791257258289946, 1.734723475976807094E-15 ) ) ;
#2651 = ORIENTED_EDGE ( 'NONE', *, *, #4008, .F. ) ;
#2652 =( BOUNDED_SURFACE ( )  B_SPLINE_SURFACE ( 3, 3, ( 
 ( #2834, #4910, #1230, #1202 ),
 ( #3441, #4103, #819, #2185 ),
 ( #2477, #4128, #5361, #2059 ),
 ( #2861, #3728, #757, #1651 ) ),
 .UNSPECIFIED., .F., .F., .T. ) 
 B_SPLINE_SURFACE_WITH_KNOTS ( ( 4, 4 ),
 ( 4, 4 ),
 ( 0.000000000000000000, 1.000000000000000000 ),
 ( 0.000000000000000000, 1.000000000000000000 ),
 .UNSPECIFIED. ) 
 GEOMETRIC_REPRESENTATION_ITEM ( )  RATIONAL_B_SPLINE_SURFACE ( (
 ( 1.000000000000000000, 0.9693429082191263868, 0.9693429082191263868, 1.000000000000000000),
 ( 1.000000000000000000, 0.9693429082191263868, 0.9693429082191263868, 1.000000000000000000),
 ( 1.000000000000000000, 0.9693429082191263868, 0.9693429082191263868, 1.000000000000000000),
 ( 1.000000000000000000, 0.9693429082191263868, 0.9693429082191263868, 1.000000000000000000) ) ) 
 REPRESENTATION_ITEM ( '' )  SURFACE ( )  );
#2653 = DIRECTION ( 'NONE',  ( -0.7002271275140118378, -0.7139201425183883121, 0.000000000000000000 ) ) ;
#2654 = ADVANCED_FACE ( 'NONE', ( #4821 ), #5190, .T. ) ;
#2655 = CARTESIAN_POINT ( 'NONE',  ( 41.23750923406030466, -11.04543741823734138, 3.469446951953614189E-15 ) ) ;
#2656 = VERTEX_POINT ( 'NONE', #693 ) ;
#2657 = DIRECTION ( 'NONE',  ( 1.000000000000000000, 0.000000000000000000, 0.000000000000000000 ) ) ;
#2658 = DIRECTION ( 'NONE',  ( -0.000000000000000000, -0.000000000000000000, 1.000000000000000000 ) ) ;
#2659 = CARTESIAN_POINT ( 'NONE',  ( -39.99999999999998579, 9.561725700162408970, -19.44663881165079644 ) ) ;
#2660 = DIRECTION ( 'NONE',  ( 0.000000000000000000, 0.000000000000000000, 1.000000000000000000 ) ) ;
#2661 = EDGE_CURVE ( 'NONE', #3500, #3378, #4508, .T. ) ;
#2662 = CARTESIAN_POINT ( 'NONE',  ( 0.3535533905936497079, 0.3535533905936491528, -21.00000000000000000 ) ) ;
#2663 = EDGE_LOOP ( 'NONE', ( #4469, #4786, #3309, #3265 ) ) ;
#2664 = CARTESIAN_POINT ( 'NONE',  ( -9.994881995257436813, 9.803179785196165952, 0.000000000000000000 ) ) ;
#2665 = LINE ( 'NONE', #5166, #1212 ) ;
#2666 = ORIENTED_EDGE ( 'NONE', *, *, #2300, .T. ) ;
#2667 = CARTESIAN_POINT ( 'NONE',  ( 35.80000000000001847, 35.79999999999999716, -21.00000000000000000 ) ) ;
#2668 = ORIENTED_EDGE ( 'NONE', *, *, #392, .F. ) ;
#2669 = DIRECTION ( 'NONE',  ( -0.000000000000000000, 1.000000000000000000, 0.000000000000000000 ) ) ;
#2670 = ORIENTED_EDGE ( 'NONE', *, *, #3433, .F. ) ;
#2671 = CARTESIAN_POINT ( 'NONE',  ( -10.00830714422680501, 37.36544263932020726, -7.999999999999996447 ) ) ;
#2672 = DIRECTION ( 'NONE',  ( 0.000000000000000000, -0.000000000000000000, -1.000000000000000000 ) ) ;
#2673 = EDGE_CURVE ( 'NONE', #4937, #2482, #782, .T. ) ;
#2674 = EDGE_CURVE ( 'NONE', #3749, #4129, #5009, .T. ) ;
#2675 = CARTESIAN_POINT ( 'NONE',  ( 29.88829688093987969, 30.37543826452634121, 2.602085213965210247E-15 ) ) ;
#2676 = CARTESIAN_POINT ( 'NONE',  ( 37.36544263931504162, -10.00830714422450463, 6.938893903907228378E-15 ) ) ;
#2677 = ORIENTED_EDGE ( 'NONE', *, *, #2106, .T. ) ;
#2678 = VECTOR ( 'NONE', #4662, 1000.000000000000000 ) ;
#2679 = CARTESIAN_POINT ( 'NONE',  ( -2.788163479804908196, -42.60000000000001563, 3.469446951953614189E-15 ) ) ;
#2680 = ORIENTED_EDGE ( 'NONE', *, *, #2237, .T. ) ;
#2681 = CARTESIAN_POINT ( 'NONE',  ( 32.71715728752458574, -32.01005050633887805, -4.000000000000000000 ) ) ;
#2682 = AXIS2_PLACEMENT_3D ( 'NONE', #4612, #3014, #2133 ) ;
#2683 = CYLINDRICAL_SURFACE ( 'NONE', #5269, 4.200000000000001954 ) ;
#2684 = EDGE_CURVE ( 'NONE', #2500, #4181, #4768, .T. ) ;
#2685 = VECTOR ( 'NONE', #5318, 1000.000000000000000 ) ;
#2686 = DIRECTION ( 'NONE',  ( -0.7071067811865472397, 0.7071067811865479058, 0.000000000000000000 ) ) ;
#2687 = CARTESIAN_POINT ( 'NONE',  ( -39.99999999999998579, 0.000000000000000000, -4.000000000000000000 ) ) ;
#2688 = DIRECTION ( 'NONE',  ( 1.000000000000000000, 0.000000000000000000, 0.000000000000000000 ) ) ;
#2689 = ORIENTED_EDGE ( 'NONE', *, *, #4853, .F. ) ;
#2690 = AXIS2_PLACEMENT_3D ( 'NONE', #4384, #4305, #1102 ) ;
#2691 = FACE_OUTER_BOUND ( 'NONE', #1203, .T. ) ;
#2692 = DIRECTION ( 'NONE',  ( 1.000000000000000000, 0.000000000000000000, 0.000000000000000000 ) ) ;
#2693 = PLANE ( 'NONE',  #2191 ) ;
#2694 = CARTESIAN_POINT ( 'NONE',  ( 40.00000000000002842, -3.876477041288957671E-15, -25.00000000000000000 ) ) ;
#2695 = CYLINDRICAL_SURFACE ( 'NONE', #1996, 40.60000000000000142 ) ;
#2696 = VERTEX_POINT ( 'NONE', #1942 ) ;
#2697 = AXIS2_PLACEMENT_3D ( 'NONE', #1105, #3661, #1617 ) ;
#2698 = CARTESIAN_POINT ( 'NONE',  ( -36.56611453239934661, -21.57198014731928737, -3.474698556226589589E-14 ) ) ;
#2699 = ORIENTED_EDGE ( 'NONE', *, *, #3965, .T. ) ;
#2700 = CARTESIAN_POINT ( 'NONE',  ( 38.60000000000000853, 2.526364092029780295, -7.999999999999996447 ) ) ;
#2701 = ADVANCED_FACE ( 'NONE', ( #2854 ), #5243, .F. ) ;
#2702 = CARTESIAN_POINT ( 'NONE',  ( -16.05023364315923118, 40.00000000000000711, -4.000000000000000000 ) ) ;
#2703 = PLANE ( 'NONE',  #1803 ) ;
#2704 = CARTESIAN_POINT ( 'NONE',  ( 10.00830714422458811, -37.36544263931502741, 4.840162090674104299E-12 ) ) ;
#2705 = EDGE_LOOP ( 'NONE', ( #2689, #4965, #2716, #4595, #3003, #3557, #3657, #4069, #4314, #2832, #5208 ) ) ;
#2706 = VECTOR ( 'NONE', #2810, 1000.000000000000000 ) ;
#2707 = CARTESIAN_POINT ( 'NONE',  ( 18.80318611761036607, -35.26864718949049404, -2.000000000000132339 ) ) ;
#2708 = EDGE_CURVE ( 'NONE', #5043, #3273, #3094, .T. ) ;
#2709 = ADVANCED_FACE ( 'NONE', ( #478 ), #2966, .T. ) ;
#2710 = LINE ( 'NONE', #3902, #3862 ) ;
#2711 = CARTESIAN_POINT ( 'NONE',  ( -32.29289321881427810, -32.99999999999922551, -22.00000000000000000 ) ) ;
#2712 = AXIS2_PLACEMENT_3D ( 'NONE', #3136, #2804, #4447 ) ;
#2713 = CARTESIAN_POINT ( 'NONE',  ( 6.954135460285505665, -40.00000000000000000, -19.00000000000000000 ) ) ;
#2714 = CARTESIAN_POINT ( 'NONE',  ( 34.67475354378912300, -24.84665119473787698, 2.602085213965211430E-15 ) ) ;
#2715 = FACE_OUTER_BOUND ( 'NONE', #1894, .T. ) ;
#2716 = ORIENTED_EDGE ( 'NONE', *, *, #1897, .T. ) ;
#2717 = DIRECTION ( 'NONE',  ( 1.000000000000000000, 0.000000000000000000, 0.000000000000000000 ) ) ;
#2718 = CARTESIAN_POINT ( 'NONE',  ( 28.35280479013040633, 29.05991157131692049, -9.900707914779502516 ) ) ;
#2719 = CARTESIAN_POINT ( 'NONE',  ( -40.00000000000002842, 35.79999999999999716, -21.00000000000000000 ) ) ;
#2720 = DIRECTION ( 'NONE',  ( -1.000000000000000000, 0.000000000000000000, 0.000000000000000000 ) ) ;
#2721 = EDGE_CURVE ( 'NONE', #1197, #345, #4065, .T. ) ;
#2722 = PERSON_AND_ORGANIZATION_ROLE ( 'design_owner' ) ;
#2723 = ORIENTED_EDGE ( 'NONE', *, *, #4599, .T. ) ;
#2724 = CARTESIAN_POINT ( 'NONE',  ( 0.000000000000000000, 0.000000000000000000, -21.00000000000000355 ) ) ;
#2725 = VERTEX_POINT ( 'NONE', #91 ) ;
#2726 = AXIS2_PLACEMENT_3D ( 'NONE', #2154, #3410, #2182 ) ;
#2727 = ADVANCED_FACE ( 'NONE', ( #2989 ), #3415, .T. ) ;
#2728 = CARTESIAN_POINT ( 'NONE',  ( 17.14002334301601493, -38.99999993959343669, 3.035766082959412415E-15 ) ) ;
#2729 = EDGE_LOOP ( 'NONE', ( #1938, #1826, #4126, #1568 ) ) ;
#2730 = DIRECTION ( 'NONE',  ( 0.7139201425183885341, -0.7002271275140115048, 0.000000000000000000 ) ) ;
#2731 = DIRECTION ( 'NONE',  ( 0.000000000000000000, 0.000000000000000000, -1.000000000000000000 ) ) ;
#2732 = CARTESIAN_POINT ( 'NONE',  ( 38.35118100781438955, 5.052665715424222270, -4.833223196770201109E-12 ) ) ;
#2733 = ORIENTED_EDGE ( 'NONE', *, *, #1823, .T. ) ;
#2734 = CIRCLE ( 'NONE', #5310, 4.200000000000001954 ) ;
#2735 = CARTESIAN_POINT ( 'NONE',  ( 13.72638704646747243, -40.42425205542264166, 3.469446951953614189E-15 ) ) ;
#2736 = DIRECTION ( 'NONE',  ( 0.000000000000000000, 0.000000000000000000, -1.000000000000000000 ) ) ;
#2737 = VECTOR ( 'NONE', #749, 1000.000000000000000 ) ;
#2738 = FACE_BOUND ( 'NONE', #882, .T. ) ;
#2739 = DIRECTION ( 'NONE',  ( 0.7071067811865483499, 0.7071067811865466846, 0.000000000000000000 ) ) ;
#2740 = CARTESIAN_POINT ( 'NONE',  ( -9.803179785195428764, -9.994881995256987395, 0.000000000000000000 ) ) ;
#2741 = DIRECTION ( 'NONE',  ( -1.000000000000000000, 0.000000000000000000, 0.000000000000000000 ) ) ;
#2742 = VERTEX_POINT ( 'NONE', #4250 ) ;
#2743 = FACE_OUTER_BOUND ( 'NONE', #2251, .T. ) ;
#2744 = EDGE_CURVE ( 'NONE', #3912, #4961, #228, .T. ) ;
#2745 = CARTESIAN_POINT ( 'NONE',  ( 8.185483331929697570, 39.99999999999995737, -8.214349824054306026 ) ) ;
#2746 = CARTESIAN_POINT ( 'NONE',  ( 0.000000000000000000, 0.000000000000000000, -2.000000000000000000 ) ) ;
#2747 = CARTESIAN_POINT ( 'NONE',  ( -28.35280479012998001, 29.05991157131732905, 0.000000000000000000 ) ) ;
#2748 = EDGE_LOOP ( 'NONE', ( #1998, #2288, #2537, #3153 ) ) ;
#2749 = VECTOR ( 'NONE', #1992, 1000.000000000000000 ) ;
#2750 = CARTESIAN_POINT ( 'NONE',  ( 38.99999999999998579, -39.00000000000000000, 0.000000000000000000 ) ) ;
#2751 = EDGE_CURVE ( 'NONE', #4377, #516, #4826, .T. ) ;
#2752 = ORIENTED_EDGE ( 'NONE', *, *, #5168, .T. ) ;
#2753 = DIRECTION ( 'NONE',  ( -0.000000000000000000, -0.000000000000000000, 1.000000000000000000 ) ) ;
#2754 = DIRECTION ( 'NONE',  ( 1.000000000000000000, 0.000000000000000000, 0.000000000000000000 ) ) ;
#2755 = DIRECTION ( 'NONE',  ( 0.000000000000000000, -0.000000000000000000, 1.000000000000000000 ) ) ;
#2756 = CARTESIAN_POINT ( 'NONE',  ( -34.69495227279260519, 17.10563656559314794, -7.999999999999996447 ) ) ;
#2757 = ORIENTED_EDGE ( 'NONE', *, *, #130, .T. ) ;
#2758 = LINE ( 'NONE', #4762, #1399 ) ;
#2759 = CARTESIAN_POINT ( 'NONE',  ( -32.71715728752538865, 32.01005050633963833, -4.000000000000000000 ) ) ;
#2760 = DIRECTION ( 'NONE',  ( 0.000000000000000000, 0.000000000000000000, 1.000000000000000000 ) ) ;
#2761 = CARTESIAN_POINT ( 'NONE',  ( -39.99999999999998579, -6.954135460285583825, -19.00000000000000000 ) ) ;
#2762 = CARTESIAN_POINT ( 'NONE',  ( 36.46956197303263281, -22.04433513978118953, 2.602085213965210642E-15 ) ) ;
#2763 = DIRECTION ( 'NONE',  ( -0.000000000000000000, -0.000000000000000000, 1.000000000000000000 ) ) ;
#2764 = ORIENTED_EDGE ( 'NONE', *, *, #538, .T. ) ;
#2765 = CARTESIAN_POINT ( 'NONE',  ( 28.99603343704388436, 29.46320306023782720, -5.809228155108670855 ) ) ;
#2766 = EDGE_CURVE ( 'NONE', #1222, #1103, #3160, .T. ) ;
#2767 = AXIS2_PLACEMENT_3D ( 'NONE', #1446, #3893, #1848 ) ;
#2768 = CARTESIAN_POINT ( 'NONE',  ( 7.820333833053555672, -38.99999999999997868, -2.331119308241723420 ) ) ;
#2769 = VERTEX_POINT ( 'NONE', #3849 ) ;
#2770 = VECTOR ( 'NONE', #5255, 1000.000000000000000 ) ;
#2771 = CARTESIAN_POINT ( 'NONE',  ( -30.12069803581668737, -30.82780481700164543, -3.999999999999994671 ) ) ;
#2772 = CIRCLE ( 'NONE', #163, 14.00000000000000000 ) ;
#2773 = DIRECTION ( 'NONE',  ( -1.000000000000000000, 0.000000000000000000, 0.000000000000000000 ) ) ;
#2774 = VERTEX_POINT ( 'NONE', #3469 ) ;
#2775 = ADVANCED_FACE ( 'NONE', ( #5109 ), #4688, .F. ) ;
#2776 = CARTESIAN_POINT ( 'NONE',  ( 37.36544263927536491, 10.00830714445218561, -7.999999999999996447 ) ) ;
#2777 = DIRECTION ( 'NONE',  ( 0.7071067811865474617, 0.7071067811865474617, 0.000000000000000000 ) ) ;
#2778 = ORIENTED_EDGE ( 'NONE', *, *, #1076, .F. ) ;
#2779 = AXIS2_PLACEMENT_3D ( 'NONE', #1160, #4897, #2848 ) ;
#2780 = LINE ( 'NONE', #2010, #177 ) ;
#2781 = DIRECTION ( 'NONE',  ( -1.000000000000000000, 0.000000000000000000, 0.000000000000000000 ) ) ;
#2782 = DIRECTION ( 'NONE',  ( -0.000000000000000000, -0.000000000000000000, 1.000000000000000000 ) ) ;
#2783 = CARTESIAN_POINT ( 'NONE',  ( 10.00830714422798984, -37.36544263931996568, -7.999999999999996447 ) ) ;
#2784 = ORIENTED_EDGE ( 'NONE', *, *, #2115, .F. ) ;
#2785 = CARTESIAN_POINT ( 'NONE',  ( -34.69495227278529370, 17.10563656559012458, 3.469446951953614189E-15 ) ) ;
#2786 = CARTESIAN_POINT ( 'NONE',  ( 14.00000000000000000, 0.000000000000000000, -19.99999999999999645 ) ) ;
#2787 = DIRECTION ( 'NONE',  ( 1.000000000000000000, 0.000000000000000000, 0.000000000000000000 ) ) ;
#2788 = CARTESIAN_POINT ( 'NONE',  ( -28.35280479012998711, 29.05991157131733615, -10.49999999999999467 ) ) ;
#2789 = CIRCLE ( 'NONE', #619, 14.00000000000000000 ) ;
#2790 = DIRECTION ( 'NONE',  ( 0.000000000000000000, 1.000000000000000000, 0.000000000000000000 ) ) ;
#2791 = CIRCLE ( 'NONE', #4517, 43.10000000000000853 ) ;
#2792 = CARTESIAN_POINT ( 'NONE',  ( 0.000000000000000000, 0.000000000000000000, 0.000000000000000000 ) ) ;
#2793 = ORIENTED_EDGE ( 'NONE', *, *, #3890, .F. ) ;
#2794 = DIRECTION ( 'NONE',  ( 0.000000000000000000, 0.000000000000000000, -1.000000000000000000 ) ) ;
#2795 = VECTOR ( 'NONE', #3921, 1000.000000000000000 ) ;
#2796 = LOCAL_TIME ( 20, 30, 7.000000000000000000, #4502 ) ;
#2797 = CARTESIAN_POINT ( 'NONE',  ( -7.137741092987613278, -39.00000000000000711, -2.603432091464771059 ) ) ;
#2798 = ORIENTED_EDGE ( 'NONE', *, *, #510, .T. ) ;
#2799 = LINE ( 'NONE', #2578, #1159 ) ;
#2800 = CARTESIAN_POINT ( 'NONE',  ( 30.71886892957387616, 30.23178942252114254, -3.999999999999994671 ) ) ;
#2801 = PERSON_AND_ORGANIZATION ( #1455, #1050 ) ;
#2802 = VERTEX_POINT ( 'NONE', #530 ) ;
#2803 = CARTESIAN_POINT ( 'NONE',  ( 28.35280479012995869, -29.05991157131734681, 0.000000000000000000 ) ) ;
#2804 = DIRECTION ( 'NONE',  ( 0.000000000000000000, -0.000000000000000000, -1.000000000000000000 ) ) ;
#2805 = EDGE_CURVE ( 'NONE', #2615, #1731, #4320, .T. ) ;
#2806 = ORIENTED_EDGE ( 'NONE', *, *, #398, .T. ) ;
#2807 = CARTESIAN_POINT ( 'NONE',  ( 36.95148162273998338, -23.89875998339916663, -3.999999999999996003 ) ) ;
#2808 = CARTESIAN_POINT ( 'NONE',  ( 0.000000000000000000, 0.000000000000000000, -21.00000000000002487 ) ) ;
#2809 = CIRCLE ( 'NONE', #4708, 0.3999999999999975797 ) ;
#2810 = DIRECTION ( 'NONE',  ( -1.000000000000000000, 0.000000000000000000, 0.000000000000000000 ) ) ;
#2811 = CARTESIAN_POINT ( 'NONE',  ( -21.08920218257364354, -37.03043021838588800, 2.602085213965209853E-15 ) ) ;
#2812 = EDGE_CURVE ( 'NONE', #5132, #3777, #430, .T. ) ;
#2813 = CARTESIAN_POINT ( 'NONE',  ( -12.43752441298764566, 36.62854763708046590, -7.999999999999996447 ) ) ;
#2814 = VERTEX_POINT ( 'NONE', #4714 ) ;
#2815 = EDGE_CURVE ( 'NONE', #2596, #4578, #1856, .T. ) ;
#2816 = CARTESIAN_POINT ( 'NONE',  ( 42.60000000000001563, 5.216995364367726620E-15, 3.469446951953614189E-15 ) ) ;
#2817 = AXIS2_PLACEMENT_3D ( 'NONE', #1324, #4171, #3815 ) ;
#2818 = CARTESIAN_POINT ( 'NONE',  ( -23.89875998339846319, 36.95148162274031023, -3.999999999999995115 ) ) ;
#2819 = DIRECTION ( 'NONE',  ( 0.000000000000000000, 0.000000000000000000, -1.000000000000000000 ) ) ;
#2820 = CYLINDRICAL_SURFACE ( 'NONE', #2779, 2.250000000000001776 ) ;
#2821 = CIRCLE ( 'NONE', #385, 2.250000000000001776 ) ;
#2822 = CARTESIAN_POINT ( 'NONE',  ( -18.92077598718474718, 38.16791124358019971, 3.035766082959412415E-15 ) ) ;
#2823 = CARTESIAN_POINT ( 'NONE',  ( 0.000000000000000000, 0.000000000000000000, -3.999999999999994671 ) ) ;
#2824 = ORIENTED_EDGE ( 'NONE', *, *, #1403, .T. ) ;
#2825 = CIRCLE ( 'NONE', #1515, 2.250000000000001776 ) ;
#2826 = DIRECTION ( 'NONE',  ( -0.7071067811865481278, -0.7071067811865470176, 0.000000000000000000 ) ) ;
#2827 = EDGE_CURVE ( 'NONE', #4472, #5182, #3905, .T. ) ;
#2828 = DIRECTION ( 'NONE',  ( -0.000000000000000000, 0.000000000000000000, 1.000000000000000000 ) ) ;
#2829 = ORIENTED_EDGE ( 'NONE', *, *, #1509, .T. ) ;
#2830 = CARTESIAN_POINT ( 'NONE',  ( -23.54560596688463647, -30.69115434744801973, -7.999999999999996447 ) ) ;
#2831 = CARTESIAN_POINT ( 'NONE',  ( 40.00000000000001421, 6.954135460285428394, -19.00000000000000000 ) ) ;
#2832 = ORIENTED_EDGE ( 'NONE', *, *, #1750, .F. ) ;
#2833 = DIRECTION ( 'NONE',  ( 0.000000000000000000, 0.000000000000000000, -1.000000000000000000 ) ) ;
#2834 = CARTESIAN_POINT ( 'NONE',  ( -28.47820534928985126, -28.93703198470221949, -10.49999999999999467 ) ) ;
#2835 = ORIENTED_EDGE ( 'NONE', *, *, #3606, .F. ) ;
#2836 = CARTESIAN_POINT ( 'NONE',  ( 40.02484362653889605, -6.809691084851722920, -7.974924713410731059 ) ) ;
#2837 = DIRECTION ( 'NONE',  ( -1.000000000000000000, 0.000000000000000000, 0.000000000000000000 ) ) ;
#2838 = FACE_OUTER_BOUND ( 'NONE', #4428, .T. ) ;
#2839 = CARTESIAN_POINT ( 'NONE',  ( 34.85455912861815619, 19.82695510499523550, -1.744075050566061158 ) ) ;
#2840 = CARTESIAN_POINT ( 'NONE',  ( 25.50791257258290301, -29.08073093501858253, -7.999999999999996447 ) ) ;
#2841 = VERTEX_POINT ( 'NONE', #3043 ) ;
#2842 = CIRCLE ( 'NONE', #489, 3.000000000000000000 ) ;
#2843 = CARTESIAN_POINT ( 'NONE',  ( 25.50791257258289946, -29.08073093501858963, 3.469446951953614189E-15 ) ) ;
#2844 = ADVANCED_FACE ( 'NONE', ( #4766, #1405 ), #174, .F. ) ;
#2845 = ADVANCED_FACE ( 'NONE', ( #5187 ), #3097, .F. ) ;
#2846 = CARTESIAN_POINT ( 'NONE',  ( -28.99603343704345804, 29.46320306023824642, -5.809228155108670855 ) ) ;
#2847 = DIRECTION ( 'NONE',  ( -1.000000000000000000, 0.000000000000000000, 0.000000000000000000 ) ) ;
#2848 = DIRECTION ( 'NONE',  ( 1.000000000000000000, 0.000000000000000000, 0.000000000000000000 ) ) ;
#2849 = CARTESIAN_POINT ( 'NONE',  ( -33.54999999999998295, -35.79999999999999005, -4.000000000000000000 ) ) ;
#2850 = CARTESIAN_POINT ( 'NONE',  ( -36.30742675453422663, -17.02390954974030279, -1.742125054985416366 ) ) ;
#2851 = ORIENTED_EDGE ( 'NONE', *, *, #1729, .T. ) ;
#2852 = DIRECTION ( 'NONE',  ( 0.000000000000000000, 0.000000000000000000, -1.000000000000000000 ) ) ;
#2853 = EDGE_CURVE ( 'NONE', #1329, #2608, #4600, .T. ) ;
#2854 = FACE_OUTER_BOUND ( 'NONE', #3755, .T. ) ;
#2855 = ORIENTED_EDGE ( 'NONE', *, *, #3224, .F. ) ;
#2856 = DIRECTION ( 'NONE',  ( 1.000000000000000000, 0.000000000000000000, 0.000000000000000000 ) ) ;
#2857 = LINE ( 'NONE', #2443, #150 ) ;
#2858 = AXIS2_PLACEMENT_3D ( 'NONE', #2667, #1108, #2773 ) ;
#2859 = ORIENTED_EDGE ( 'NONE', *, *, #563, .T. ) ;
#2860 = CARTESIAN_POINT ( 'NONE',  ( -36.62854763716633499, 12.43752441278035370, -7.999999999999994671 ) ) ;
#2861 = CARTESIAN_POINT ( 'NONE',  ( -30.23178942252198453, -30.71886892957305193, -3.999999999999994671 ) ) ;
#2862 = AXIS2_PLACEMENT_3D ( 'NONE', #484, #3308, #1331 ) ;
#2863 = AXIS2_PLACEMENT_3D ( 'NONE', #5212, #4407, #2847 ) ;
#2864 = EDGE_LOOP ( 'NONE', ( #4164, #4915, #4029, #3803 ) ) ;
#2865 = DIRECTION ( 'NONE',  ( -0.000000000000000000, -0.000000000000000000, 1.000000000000000000 ) ) ;
#2866 = CARTESIAN_POINT ( 'NONE',  ( -32.71715728752620578, -32.01005050633805382, -22.00000000000000000 ) ) ;
#2867 = EDGE_LOOP ( 'NONE', ( #101, #5003, #1032, #3703 ) ) ;
#2868 = CARTESIAN_POINT ( 'NONE',  ( 5.830230070637637318, -39.00000000000000711, -21.82684724678453847 ) ) ;
#2869 = CARTESIAN_POINT ( 'NONE',  ( 35.87147181436021270, 20.86375362508576359, -0.2906196997479517097 ) ) ;
#2870 = CARTESIAN_POINT ( 'NONE',  ( -39.99999999999998579, 35.79999999999999716, -4.000000000000000000 ) ) ;
#2871 = ORIENTED_EDGE ( 'NONE', *, *, #139, .T. ) ;
#2872 = EDGE_CURVE ( 'NONE', #169, #4887, #3226, .T. ) ;
#2873 = CARTESIAN_POINT ( 'NONE',  ( -23.54560596668665795, -30.69115434757428673, -2.413142151433144921E-12 ) ) ;
#2874 = CARTESIAN_POINT ( 'NONE',  ( -16.05023364315923473, -40.00000000000000000, -4.000000000000000000 ) ) ;
#2875 = DIRECTION ( 'NONE',  ( 1.000000000000000000, 0.000000000000000000, 0.000000000000000000 ) ) ;
#2876 = CARTESIAN_POINT ( 'NONE',  ( 28.15121957491675175, 32.09427818217228179, 3.469446951953614189E-15 ) ) ;
#2877 = EDGE_CURVE ( 'NONE', #3330, #3332, #67, .T. ) ;
#2878 = ADVANCED_FACE ( 'NONE', ( #1880 ), #3150, .F. ) ;
#2879 = CARTESIAN_POINT ( 'NONE',  ( -5.873578476084460043, 39.00000000000000711, -21.83325889195147695 ) ) ;
#2880 = CARTESIAN_POINT ( 'NONE',  ( 32.43431457505078441, 32.29289321881343966, -21.00000000000000000 ) ) ;
#2881 = ORIENTED_EDGE ( 'NONE', *, *, #5115, .F. ) ;
#2882 = CARTESIAN_POINT ( 'NONE',  ( 35.79999999999998295, -40.00000000000000000, 0.000000000000000000 ) ) ;
#2883 = VECTOR ( 'NONE', #1523, 1000.000000000000000 ) ;
#2884 = DIRECTION ( 'NONE',  ( 0.000000000000000000, 0.000000000000000000, -1.000000000000000000 ) ) ;
#2885 = ORIENTED_EDGE ( 'NONE', *, *, #4988, .F. ) ;
#2886 = CARTESIAN_POINT ( 'NONE',  ( -29.08073093518526520, -25.50791257241623811, -7.999999999999998224 ) ) ;
#2887 = DIRECTION ( 'NONE',  ( 0.000000000000000000, 0.000000000000000000, -1.000000000000000000 ) ) ;
#2888 = CONICAL_SURFACE ( 'NONE', #884, 42.60000000000000142, 0.7853981633974466137 ) ;
#2889 = VERTEX_POINT ( 'NONE', #4408 ) ;
#2890 = CARTESIAN_POINT ( 'NONE',  ( -38.35118100785404494, 5.052665715192930840, -7.999999999999996447 ) ) ;
#2891 = ORIENTED_EDGE ( 'NONE', *, *, #4358, .T. ) ;
#2892 = EDGE_CURVE ( 'NONE', #230, #3604, #1216, .T. ) ;
#2893 = DIRECTION ( 'NONE',  ( 0.000000000000000000, 0.000000000000000000, -1.000000000000000000 ) ) ;
#2894 = FACE_BOUND ( 'NONE', #4107, .T. ) ;
#2895 = ORIENTED_EDGE ( 'NONE', *, *, #3549, .F. ) ;
#2896 = CARTESIAN_POINT ( 'NONE',  ( -29.08910797695336115, 28.38200119576762148, -9.304778941867745345 ) ) ;
#2897 = CARTESIAN_POINT ( 'NONE',  ( 29.08910797695333983, -28.38200119576764280, -9.304778941867747122 ) ) ;
#2898 = EDGE_CURVE ( 'NONE', #2589, #4674, #493, .T. ) ;
#2899 = ORIENTED_EDGE ( 'NONE', *, *, #3376, .T. ) ;
#2900 = ORIENTED_EDGE ( 'NONE', *, *, #826, .F. ) ;
#2901 = CARTESIAN_POINT ( 'NONE',  ( 11.04543741823734315, 41.23750923406996804, 3.469446951953614189E-15 ) ) ;
#2902 = AXIS2_PLACEMENT_3D ( 'NONE', #3183, #4042, #4365 ) ;
#2903 = CARTESIAN_POINT ( 'NONE',  ( 0.000000000000000000, 0.000000000000000000, 0.000000000000000000 ) ) ;
#2904 = B_SPLINE_CURVE_WITH_KNOTS ( 'NONE', 3,
 ( #1808, #2718, #3936, #3048, #1460, #3528, #3986, #209, #2634, #1861, #5116, #567 ),
 .UNSPECIFIED., .F., .F.,
 ( 4, 2, 2, 2, 2, 4 ),
 ( 0.000000000000000000, 0.001791941957164223335, 0.003583883914328446670, 0.004479854892910555518, 0.005375825871492665234, 0.007167767828656877727 ),
 .UNSPECIFIED. ) ;
#2905 = FACE_OUTER_BOUND ( 'NONE', #815, .T. ) ;
#2906 = CARTESIAN_POINT ( 'NONE',  ( -28.15121957492156568, 32.09427818216746431, 3.469446951953614189E-15 ) ) ;
#2907 = CARTESIAN_POINT ( 'NONE',  ( 38.99999994343188092, -17.14000392953714424, 3.035766082959412415E-15 ) ) ;
#2908 = AXIS2_PLACEMENT_3D ( 'NONE', #1219, #3624, #1589 ) ;
#2909 = CARTESIAN_POINT ( 'NONE',  ( -37.64814983248089675, -18.39085060825598461, -0.1188031022796131181 ) ) ;
#2910 = ORIENTED_EDGE ( 'NONE', *, *, #86, .F. ) ;
#2911 = CARTESIAN_POINT ( 'NONE',  ( 0.000000000000000000, -40.00000000000001421, -25.00000000000000000 ) ) ;
#2912 = CARTESIAN_POINT ( 'NONE',  ( -14.19126002166701994, -38.99999999999996447, -0.2921166946895657479 ) ) ;
#2913 = ORIENTED_EDGE ( 'NONE', *, *, #4167, .F. ) ;
#2914 = CARTESIAN_POINT ( 'NONE',  ( -29.40126994286608308, -28.69416316167793823, -7.267845903257166285 ) ) ;
#2915 = CARTESIAN_POINT ( 'NONE',  ( 35.80000000000001847, 35.79999999999999716, -21.00000000000000000 ) ) ;
#2916 = VECTOR ( 'NONE', #379, 1000.000000000000000 ) ;
#2917 = ORIENTED_EDGE ( 'NONE', *, *, #5017, .F. ) ;
#2918 = EDGE_CURVE ( 'NONE', #1312, #40, #1294, .T. ) ;
#2919 = CARTESIAN_POINT ( 'NONE',  ( -16.91247075435999037, 36.19812535941274234, -2.000000000000000000 ) ) ;
#2920 = CARTESIAN_POINT ( 'NONE',  ( 7.153009938310428417, -39.99999999999999289, -9.548478826821737542 ) ) ;
#2921 = ORIENTED_EDGE ( 'NONE', *, *, #713, .T. ) ;
#2922 = DIRECTION ( 'NONE',  ( -1.000000000000000000, 0.000000000000000000, 0.000000000000000000 ) ) ;
#2923 = CARTESIAN_POINT ( 'NONE',  ( -28.62112856064547728, -29.32823534183043535, -7.545352519806536762 ) ) ;
#2924 = VERTEX_POINT ( 'NONE', #3572 ) ;
#2925 = CARTESIAN_POINT ( 'NONE',  ( 40.00000000000001421, -8.185483331929619411, -8.214349824054314908 ) ) ;
#2926 = EDGE_CURVE ( 'NONE', #683, #4111, #330, .T. ) ;
#2927 = EDGE_LOOP ( 'NONE', ( #2497, #3321 ) ) ;
#2928 = VERTEX_POINT ( 'NONE', #717 ) ;
#2929 = CARTESIAN_POINT ( 'NONE',  ( 38.35118100780898942, -5.052665715419458969, -7.999999999999996447 ) ) ;
#2930 = CARTESIAN_POINT ( 'NONE',  ( -39.99999999999998579, -6.954135460285585602, -10.49999999999999467 ) ) ;
#2931 = CARTESIAN_POINT ( 'NONE',  ( -19.94634679384095577, 34.97166088041382181, -1.497655590353414556 ) ) ;
#2932 = CIRCLE ( 'NONE', #1192, 3.000000000000000000 ) ;
#2933 = CARTESIAN_POINT ( 'NONE',  ( -18.87824139104306553, 38.29028411452932090, 3.469446951953614189E-15 ) ) ;
#2934 = CARTESIAN_POINT ( 'NONE',  ( -40.00000000000002842, -35.80000000000000426, -21.00000000000000000 ) ) ;
#2935 = EDGE_LOOP ( 'NONE', ( #3885, #2282, #690, #3292 ) ) ;
#2936 = CARTESIAN_POINT ( 'NONE',  ( -16.91247075435999037, 36.19812535941274234, -2.000000000000000000 ) ) ;
#2937 = CARTESIAN_POINT ( 'NONE',  ( -3.992051966128583373, 39.00000000000000000, -3.775647783605885266 ) ) ;
#2938 = VERTEX_POINT ( 'NONE', #661 ) ;
#2939 = CYLINDRICAL_SURFACE ( 'NONE', #3675, 3.000000000000000000 ) ;
#2940 = DIRECTION ( 'NONE',  ( -0.000000000000000000, -0.000000000000000000, 1.000000000000000000 ) ) ;
#2941 = ADVANCED_FACE ( 'NONE', ( #1935 ), #3175, .F. ) ;
#2942 = VERTEX_POINT ( 'NONE', #2320 ) ;
#2943 = DIRECTION ( 'NONE',  ( 1.000000000000000000, 0.000000000000000000, 0.000000000000000000 ) ) ;
#2944 = ORIENTED_EDGE ( 'NONE', *, *, #23, .F. ) ;
#2945 = VECTOR ( 'NONE', #4471, 1000.000000000000000 ) ;
#2946 =( BOUNDED_SURFACE ( )  B_SPLINE_SURFACE ( 3, 3, ( 
 ( #4450, #4539, #849, #3756 ),
 ( #1177, #2507, #1, #2836 ),
 ( #3304, #2062, #1681, #1978 ),
 ( #1149, #2807, #410, #1234 ) ),
 .UNSPECIFIED., .F., .F., .T. ) 
 B_SPLINE_SURFACE_WITH_KNOTS ( ( 4, 4 ),
 ( 4, 4 ),
 ( 0.000000000000000000, 1.000000000000000000 ),
 ( 0.000000000000000000, 1.000000000000000000 ),
 .UNSPECIFIED. ) 
 GEOMETRIC_REPRESENTATION_ITEM ( )  RATIONAL_B_SPLINE_SURFACE ( (
 ( 1.000000000000000000, 0.9693429082191276080, 0.9693429082191276080, 1.000000000000000000),
 ( 1.000000000000000000, 0.9693429082191276080, 0.9693429082191276080, 1.000000000000000000),
 ( 1.000000000000000000, 0.9693429082191276080, 0.9693429082191276080, 1.000000000000000000),
 ( 1.000000000000000000, 0.9693429082191276080, 0.9693429082191276080, 1.000000000000000000) ) ) 
 REPRESENTATION_ITEM ( '' )  SURFACE ( )  );
#2947 = EDGE_CURVE ( 'NONE', #5348, #5297, #744, .T. ) ;
#2948 = EDGE_CURVE ( 'NONE', #5294, #4257, #3285, .T. ) ;
#2949 = CARTESIAN_POINT ( 'NONE',  ( 40.00000000000002842, 7.265510861814576060, -9.331456483968505466 ) ) ;
#2950 = ORIENTED_EDGE ( 'NONE', *, *, #1099, .F. ) ;
#2951 = CARTESIAN_POINT ( 'NONE',  ( -38.62095163394747033, -15.06124857429760056, -10.49999999999999645 ) ) ;
#2952 = ORIENTED_EDGE ( 'NONE', *, *, #3343, .F. ) ;
#2953 = AXIS2_PLACEMENT_3D ( 'NONE', #1024, #2686, #4332 ) ;
#2954 = CARTESIAN_POINT ( 'NONE',  ( 7.286073432663067173, -39.00000000000000000, -22.06826902211479080 ) ) ;
#2955 = CIRCLE ( 'NONE', #332, 0.3999999999999975797 ) ;
#2956 = ORIENTED_EDGE ( 'NONE', *, *, #3867, .T. ) ;
#2957 = CARTESIAN_POINT ( 'NONE',  ( -29.08073093502341777, -25.50791257257806421, -7.999999999999996447 ) ) ;
#2958 = CIRCLE ( 'NONE', #4755, 0.3999999999999975797 ) ;
#2959 = CARTESIAN_POINT ( 'NONE',  ( -39.99999999999999289, -9.125544201170709968, -7.446111944357133083 ) ) ;
#2960 = CARTESIAN_POINT ( 'NONE',  ( -39.99999999999998579, -40.00000000000000000, -30.00000000000000000 ) ) ;
#2961 = CARTESIAN_POINT ( 'NONE',  ( -38.29028411453899139, -18.87824139104307264, 3.469446951953614189E-15 ) ) ;
#2962 = CARTESIAN_POINT ( 'NONE',  ( 0.000000000000000000, 0.000000000000000000, -2.000000000000000000 ) ) ;
#2963 = AXIS2_PLACEMENT_3D ( 'NONE', #4276, #2186, #528 ) ;
#2964 = ORIENTED_EDGE ( 'NONE', *, *, #4729, .F. ) ;
#2965 = CARTESIAN_POINT ( 'NONE',  ( -6.954135460285505665, -40.00000000000000000, -10.49999999999999467 ) ) ;
#2966 = CYLINDRICAL_SURFACE ( 'NONE', #2682, 14.00000000000000000 ) ;
#2967 = ORIENTED_EDGE ( 'NONE', *, *, #4493, .T. ) ;
#2968 = CC_DESIGN_DATE_AND_TIME_ASSIGNMENT ( #3082, #3914, ( #5035 ) ) ;
#2969 = DIRECTION ( 'NONE',  ( 1.000000000000000000, 0.000000000000000000, 0.000000000000000000 ) ) ;
#2970 = CARTESIAN_POINT ( 'NONE',  ( -28.35280479012998001, 29.05991157131732905, -19.00000000000000355 ) ) ;
#2971 = ORIENTED_EDGE ( 'NONE', *, *, #4758, .T. ) ;
#2972 = CARTESIAN_POINT ( 'NONE',  ( 19.94634679341621464, -34.97166087999458739, -1.497655591233292949 ) ) ;
#2973 = AXIS2_PLACEMENT_3D ( 'NONE', #3383, #3741, #911 ) ;
#2974 = CARTESIAN_POINT ( 'NONE',  ( -29.76712057265078215, -30.47422735383573666, -21.00000000000000355 ) ) ;
#2975 = ORIENTED_EDGE ( 'NONE', *, *, #1403, .F. ) ;
#2976 = CARTESIAN_POINT ( 'NONE',  ( -36.95148162274046655, -23.89875998339815766, -3.999999999999995115 ) ) ;
#2977 = ORIENTED_EDGE ( 'NONE', *, *, #2475, .F. ) ;
#2978 = CARTESIAN_POINT ( 'NONE',  ( 40.00000000000002132, -16.05023364315919920, -4.000000000000000000 ) ) ;
#2979 = AXIS2_PLACEMENT_3D ( 'NONE', #4936, #1173, #436 ) ;
#2980 = EDGE_CURVE ( 'NONE', #2615, #4136, #888, .T. ) ;
#2981 = ORIENTED_EDGE ( 'NONE', *, *, #2075, .T. ) ;
#2982 = CARTESIAN_POINT ( 'NONE',  ( 38.60000000000000853, -2.526364092029770525, -7.999999999999996447 ) ) ;
#2983 = EDGE_CURVE ( 'NONE', #88, #4227, #1130, .T. ) ;
#2984 = CARTESIAN_POINT ( 'NONE',  ( 38.99999999999998579, 4.776122516674676300E-15, -4.512880845167546617 ) ) ;
#2985 = CARTESIAN_POINT ( 'NONE',  ( 41.23750923406030466, -11.04543741823734138, 3.469446951953614189E-15 ) ) ;
#2986 = CARTESIAN_POINT ( 'NONE',  ( -16.21476805285728418, -5.106985117663734641, -2.000000000000000000 ) ) ;
#2987 = ORIENTED_EDGE ( 'NONE', *, *, #848, .F. ) ;
#2988 = CARTESIAN_POINT ( 'NONE',  ( 35.79999999999998295, -40.00000000000000000, -4.000000000000000000 ) ) ;
#2989 = FACE_OUTER_BOUND ( 'NONE', #2278, .T. ) ;
#2990 = VECTOR ( 'NONE', #1248, 1000.000000000000000 ) ;
#2991 = CARTESIAN_POINT ( 'NONE',  ( 6.809691084851803744, -40.02484362653888184, -10.49999999999999467 ) ) ;
#2992 = CARTESIAN_POINT ( 'NONE',  ( -38.99999999999999289, 3.651499662712095695, -3.892474853550806912 ) ) ;
#2993 = ORIENTED_EDGE ( 'NONE', *, *, #3559, .F. ) ;
#2994 = CARTESIAN_POINT ( 'NONE',  ( 21.46694255347859581, -36.46309155657201018, -0.01567462112889798920 ) ) ;
#2995 = EDGE_CURVE ( 'NONE', #3888, #4541, #3355, .T. ) ;
#2996 = CARTESIAN_POINT ( 'NONE',  ( 35.69620587544925883, 20.68506034233600843, -0.4493371843350595918 ) ) ;
#2997 = CIRCLE ( 'NONE', #2560, 2.250000000000001776 ) ;
#2998 = CARTESIAN_POINT ( 'NONE',  ( 38.99999999999999289, 3.639577642437284766, -3.889089808024163375 ) ) ;
#2999 = ORIENTED_EDGE ( 'NONE', *, *, #491, .T. ) ;
#3000 = LINE ( 'NONE', #1759, #1135 ) ;
#3001 = VECTOR ( 'NONE', #4221, 1000.000000000000000 ) ;
#3002 = DIRECTION ( 'NONE',  ( 0.000000000000000000, 0.000000000000000000, 1.000000000000000000 ) ) ;
#3003 = ORIENTED_EDGE ( 'NONE', *, *, #3772, .F. ) ;
#3004 = CARTESIAN_POINT ( 'NONE',  ( 17.10563656558635870, -34.69495227279541183, -7.999999999999996447 ) ) ;
#3005 = DIRECTION ( 'NONE',  ( 1.000000000000000000, 0.000000000000000000, 0.000000000000000000 ) ) ;
#3006 = FACE_OUTER_BOUND ( 'NONE', #486, .T. ) ;
#3007 = CARTESIAN_POINT ( 'NONE',  ( 34.69495227278531502, -17.10563656559248713, 3.469446951953614189E-15 ) ) ;
#3008 = CYLINDRICAL_SURFACE ( 'NONE', #2463, 0.3999999999999975797 ) ;
#3009 = EDGE_CURVE ( 'NONE', #2742, #4204, #4463, .T. ) ;
#3010 = ORIENTED_EDGE ( 'NONE', *, *, #2543, .T. ) ;
#3011 = DIRECTION ( 'NONE',  ( -0.000000000000000000, 0.000000000000000000, 1.000000000000000000 ) ) ;
#3012 = CARTESIAN_POINT ( 'NONE',  ( 11.61044496192369735, -39.99999999999999289, -5.940935100629610943 ) ) ;
#3013 = DIRECTION ( 'NONE',  ( -0.000000000000000000, 0.000000000000000000, 1.000000000000000000 ) ) ;
#3014 = DIRECTION ( 'NONE',  ( -0.000000000000000000, -0.000000000000000000, 1.000000000000000000 ) ) ;
#3015 = DIRECTION ( 'NONE',  ( -0.7002271275140118378, -0.7139201425183882010, 0.000000000000000000 ) ) ;
#3016 = CARTESIAN_POINT ( 'NONE',  ( -33.55000000000001847, 35.79999999999999716, -25.00000000000000000 ) ) ;
#3017 = ORIENTED_EDGE ( 'NONE', *, *, #151, .F. ) ;
#3018 = DIRECTION ( 'NONE',  ( 1.000000000000000000, 0.000000000000000000, 0.000000000000000000 ) ) ;
#3019 = CARTESIAN_POINT ( 'NONE',  ( 0.000000000000000000, 0.000000000000000000, -2.000000000000000000 ) ) ;
#3020 = ORIENTED_EDGE ( 'NONE', *, *, #2812, .T. ) ;
#3021 = CARTESIAN_POINT ( 'NONE',  ( 39.00000000000000000, 7.821463913837789050, -2.330674711723926595 ) ) ;
#3022 = ORIENTED_EDGE ( 'NONE', *, *, #1896, .T. ) ;
#3023 = ORIENTED_EDGE ( 'NONE', *, *, #3146, .F. ) ;
#3024 = B_SPLINE_CURVE_WITH_KNOTS ( 'NONE', 3,
 ( #1650, #4504, #4473, #2776, #4046, #5303, #3699, #317, #1623, #292, #2359, #1599, #5328, #2004, #4909, #1574, #756, #3240, #1201, #818, #4881, #3298, #1948, #5249, #4446, #3213, #4535, #1543, #4855, #2860, #1229, #2890, #1172, #787 ),
 .UNSPECIFIED., .F., .F.,
 ( 4, 2, 2, 2, 2, 2, 2, 2, 2, 2, 2, 2, 2, 2, 2, 2, 4 ),
 ( 0.000000000000000000, 0.03125000000000000000, 0.06250000000000001388, 0.09375000000000002776, 0.1250000000000000278, 0.1562500000000000278, 0.1875000000000000555, 0.2187500000000000555, 0.2500000000000000555, 0.2812500000000000555, 0.3125000000000000555, 0.3437500000000000000, 0.3750000000000000000, 0.4062500000000000000, 0.4375000000000000000, 0.4687500000000000000, 0.5000000000000000000 ),
 .UNSPECIFIED. ) ;
#3025 = B_SPLINE_CURVE_WITH_KNOTS ( 'NONE', 3,
 ( #3757, #3833, #102, #4621, #4158, #439, #1683, #3804, #487, #3425 ),
 .UNSPECIFIED., .F., .F.,
 ( 4, 2, 2, 2, 4 ),
 ( 0.04104753412443277322, 0.04983529355368732094, 0.05203223341100095267, 0.05422917326831459828, 0.05862305298294187561 ),
 .UNSPECIFIED. ) ;
#3026 = CARTESIAN_POINT ( 'NONE',  ( -34.80812422002881590, 22.51252100524380495, -7.974924713410731059 ) ) ;
#3027 = ORIENTED_EDGE ( 'NONE', *, *, #421, .T. ) ;
#3028 = CARTESIAN_POINT ( 'NONE',  ( 25.50791257257810685, 29.08073093501855055, 1.734723475976807094E-15 ) ) ;
#3029 = CIRCLE ( 'NONE', #2858, 2.250000000000001776 ) ;
#3030 = CIRCLE ( 'NONE', #4067, 0.3999999999999975797 ) ;
#3031 = CARTESIAN_POINT ( 'NONE',  ( -13.35333839647070420, -4.205752449840722385, -2.000000000000000000 ) ) ;
#3032 = CARTESIAN_POINT ( 'NONE',  ( 29.05991157131694180, 28.35280479013036370, 0.000000000000000000 ) ) ;
#3033 = AXIS2_PLACEMENT_3D ( 'NONE', #3250, #1240, #4109 ) ;
#3034 = CARTESIAN_POINT ( 'NONE',  ( 38.35118100781439665, -5.052665715420534553, 6.938893903907228378E-15 ) ) ;
#3035 = ADVANCED_FACE ( 'NONE', ( #4382 ), #3257, .F. ) ;
#3036 = DIRECTION ( 'NONE',  ( 0.7071067811865481278, 0.7071067811865470176, 0.000000000000000000 ) ) ;
#3037 = ORIENTED_EDGE ( 'NONE', *, *, #4394, .T. ) ;
#3038 = DIRECTION ( 'NONE',  ( -0.000000000000000000, 0.000000000000000000, 1.000000000000000000 ) ) ;
#3039 = LINE ( 'NONE', #2213, #3916 ) ;
#3040 = PLANE ( 'NONE',  #2963 ) ;
#3041 = ADVANCED_FACE ( 'NONE', ( #4869 ), #2820, .F. ) ;
#3042 = ADVANCED_FACE ( 'NONE', ( #3685 ), #161, .T. ) ;
#3043 = CARTESIAN_POINT ( 'NONE',  ( 30.47422735383612036, -29.76712057265040556, -21.00000000000000355 ) ) ;
#3044 = DIRECTION ( 'NONE',  ( -0.000000000000000000, 0.000000000000000000, 1.000000000000000000 ) ) ;
#3045 = LINE ( 'NONE', #120, #4590 ) ;
#3046 = EDGE_LOOP ( 'NONE', ( #5171, #2971, #3328, #2382 ) ) ;
#3047 = PLANE ( 'NONE',  #4979 ) ;
#3048 = CARTESIAN_POINT ( 'NONE',  ( 28.51653675063685611, 29.22364353182337027, -8.121691822199860411 ) ) ;
#3049 = EDGE_CURVE ( 'NONE', #4100, #4593, #3280, .T. ) ;
#3050 = ORIENTED_EDGE ( 'NONE', *, *, #4286, .F. ) ;
#3051 = CARTESIAN_POINT ( 'NONE',  ( 39.00000000000002132, 0.000000000000000000, -25.00000000000000000 ) ) ;
#3052 = DIRECTION ( 'NONE',  ( 0.000000000000000000, 0.000000000000000000, 1.000000000000000000 ) ) ;
#3053 = ORIENTED_EDGE ( 'NONE', *, *, #1723, .T. ) ;
#3054 = DIRECTION ( 'NONE',  ( 0.000000000000000000, -0.000000000000000000, 1.000000000000000000 ) ) ;
#3055 = EDGE_CURVE ( 'NONE', #2841, #1236, #4162, .T. ) ;
#3056 = EDGE_CURVE ( 'NONE', #2889, #868, #4308, .T. ) ;
#3057 = AXIS2_PLACEMENT_3D ( 'NONE', #3067, #1426, #1071 ) ;
#3058 = ORIENTED_EDGE ( 'NONE', *, *, #1672, .T. ) ;
#3059 = CARTESIAN_POINT ( 'NONE',  ( 32.57573593128726941, -32.71715728752543129, -4.000000000000000000 ) ) ;
#3060 = TOROIDAL_SURFACE ( 'NONE', #5119, 13.00000000000000178, 1.000000000000000000 ) ;
#3061 = DIRECTION ( 'NONE',  ( 0.000000000000000000, 0.000000000000000000, -1.000000000000000000 ) ) ;
#3062 = ADVANCED_FACE ( 'NONE', ( #1430 ), #2683, .T. ) ;
#3063 = CARTESIAN_POINT ( 'NONE',  ( 26.60722896907086366, 33.34343045129831040, 2.602085213965210247E-15 ) ) ;
#3064 = CARTESIAN_POINT ( 'NONE',  ( 23.54560596669148254, 30.69115434756462335, 2.421815768813032188E-12 ) ) ;
#3065 = ORIENTED_EDGE ( 'NONE', *, *, #538, .F. ) ;
#3066 = PLANE ( 'NONE',  #110 ) ;
#3067 = CARTESIAN_POINT ( 'NONE',  ( 0.000000000000000000, 0.000000000000000000, -21.00000000000002487 ) ) ;
#3068 = VERTEX_POINT ( 'NONE', #4302 ) ;
#3069 = CARTESIAN_POINT ( 'NONE',  ( 35.80000000000001137, -35.80000000000000426, -25.00000000000000000 ) ) ;
#3070 = CARTESIAN_POINT ( 'NONE',  ( 9.994881995256392315, -9.803179785195139218, -2.000000000000000000 ) ) ;
#3071 = CARTESIAN_POINT ( 'NONE',  ( 37.64814983534007098, 18.39085061117314979, -0.1188031008948623596 ) ) ;
#3072 = LINE ( 'NONE', #1802, #25 ) ;
#3073 = FACE_OUTER_BOUND ( 'NONE', #5232, .T. ) ;
#3074 = ORIENTED_EDGE ( 'NONE', *, *, #2310, .F. ) ;
#3075 = DIRECTION ( 'NONE',  ( -0.000000000000000000, -0.000000000000000000, 1.000000000000000000 ) ) ;
#3076 = CARTESIAN_POINT ( 'NONE',  ( 29.05991157131694891, 28.35280479013037080, -19.00000000000000355 ) ) ;
#3077 = B_SPLINE_CURVE_WITH_KNOTS ( 'NONE', 3,
 ( #1089, #2698, #1949, #238, #4856, #1520, #1544, #2387, #5250, #3941, #214, #651 ),
 .UNSPECIFIED., .F., .F.,
 ( 4, 2, 2, 2, 2, 4 ),
 ( 0.000000000000000000, 0.0004427360371135420007, 0.0008854720742270840014, 0.001770944148454188386, 0.002656416222681292662, 0.003541888296908397155 ),
 .UNSPECIFIED. ) ;
#3078 = ORIENTED_EDGE ( 'NONE', *, *, #446, .T. ) ;
#3079 = CARTESIAN_POINT ( 'NONE',  ( 0.000000000000000000, 0.000000000000000000, -20.99999999999999645 ) ) ;
#3080 = VECTOR ( 'NONE', #1666, 1000.000000000000000 ) ;
#3081 = ADVANCED_FACE ( 'NONE', ( #5083 ), #971, .T. ) ;
#3082 = DATE_AND_TIME ( #1415, #4005 ) ;
#3083 = ORIENTED_EDGE ( 'NONE', *, *, #2317, .F. ) ;
#3084 = PLANE ( 'NONE',  #1742 ) ;
#3085 = ORIENTED_EDGE ( 'NONE', *, *, #3447, .T. ) ;
#3086 = CARTESIAN_POINT ( 'NONE',  ( 29.55967438365388489, -30.26678116484124459, -4.894090684036287442 ) ) ;
#3087 = AXIS2_PLACEMENT_3D ( 'NONE', #899, #4561, #844 ) ;
#3088 = CARTESIAN_POINT ( 'NONE',  ( 0.000000000000000000, 0.000000000000000000, -3.000000000000000000 ) ) ;
#3089 = CARTESIAN_POINT ( 'NONE',  ( -39.00000000000002132, 8.415452016572505407E-20, -21.40000000000003411 ) ) ;
#3090 = CARTESIAN_POINT ( 'NONE',  ( 25.50791257258289946, -29.08073093501858963, 3.469446951953614189E-15 ) ) ;
#3091 = ORIENTED_EDGE ( 'NONE', *, *, #1536, .F. ) ;
#3092 = CARTESIAN_POINT ( 'NONE',  ( 19.71920331487989486, -34.74887402186229934, -2.000000000000001332 ) ) ;
#3093 = ORIENTED_EDGE ( 'NONE', *, *, #5174, .T. ) ;
#3094 = B_SPLINE_CURVE_WITH_KNOTS ( 'NONE', 3,
 ( #3603, #1537, #4040, #4468, #1593, #3205, #3182, #2768, #4413, #4498, #1196, #781, #4121, #1165, #2353, #2408, #4016, #4068, #4095, #3235, #5268, #4847, #1567, #1136, #2025, #2797, #342, #4439, #1997, #3694, #3291, #17, #2912, #3390, #455, #3820 ),
 .UNSPECIFIED., .F., .F.,
 ( 4, 2, 2, 2, 2, 2, 2, 2, 2, 2, 2, 2, 2, 2, 2, 2, 2, 4 ),
 ( 0.000000000000000000, 0.002222601366687000039, 0.004445202733374000077, 0.008890405466747994950, 0.01111300683343499629, 0.01333560820012199589, 0.01444690888346549656, 0.01555820956680899723, 0.01778081093349599684, 0.01889211161683949577, 0.02000341230018299471, 0.02222601366686999605, 0.02444861503355699739, 0.02667121640024400220, 0.02889381776693100701, 0.03111641913361800835, 0.03333902050030501663, 0.03556162186699201450 ),
 .UNSPECIFIED. ) ;
#3095 = FACE_BOUND ( 'NONE', #3261, .T. ) ;
#3096 = CARTESIAN_POINT ( 'NONE',  ( -4.205752449840537643, 13.35333839647076459, -2.000000000000000000 ) ) ;
#3097 = PLANE ( 'NONE',  #2953 ) ;
#3098 = CARTESIAN_POINT ( 'NONE',  ( -39.99999999999998579, 15.14437890843653811, -4.346425494779682097 ) ) ;
#3099 = CARTESIAN_POINT ( 'NONE',  ( -40.00000000000002842, 0.000000000000000000, -25.00000000000000000 ) ) ;
#3100 = EDGE_LOOP ( 'NONE', ( #3760, #4560, #264, #1125 ) ) ;
#3101 = DIRECTION ( 'NONE',  ( 0.7071067811865486830, 0.7071067811865464625, 0.000000000000000000 ) ) ;
#3102 = DIRECTION ( 'NONE',  ( 1.000000000000000000, 0.000000000000000000, 0.000000000000000000 ) ) ;
#3103 = VECTOR ( 'NONE', #2790, 1000.000000000000000 ) ;
#3104 = FACE_OUTER_BOUND ( 'NONE', #5096, .T. ) ;
#3105 = ADVANCED_FACE ( 'NONE', ( #199 ), #3040, .F. ) ;
#3106 = FACE_OUTER_BOUND ( 'NONE', #541, .T. ) ;
#3107 = ORIENTED_EDGE ( 'NONE', *, *, #4951, .T. ) ;
#3108 = CARTESIAN_POINT ( 'NONE',  ( -38.99999999999999289, -1.886103783506458564E-13, -4.512880845167525301 ) ) ;
#3109 = ORIENTED_EDGE ( 'NONE', *, *, #3111, .T. ) ;
#3110 = CARTESIAN_POINT ( 'NONE',  ( -18.70342719053872926, 37.95473118423839054, -0.01573781926128091369 ) ) ;
#3111 = EDGE_CURVE ( 'NONE', #1052, #995, #603, .T. ) ;
#3112 = ORIENTED_EDGE ( 'NONE', *, *, #982, .T. ) ;
#3113 = CARTESIAN_POINT ( 'NONE',  ( 28.63128791749862856, -29.33839469868601668, -7.551226505519707644 ) ) ;
#3114 = CARTESIAN_POINT ( 'NONE',  ( -8.190432824124805222, 40.00000000000000711, -8.209821757904867567 ) ) ;
#3115 = CARTESIAN_POINT ( 'NONE',  ( -35.80000000000001847, -40.00000000000001421, -25.00000000000000000 ) ) ;
#3116 = CARTESIAN_POINT ( 'NONE',  ( 42.60000000000001563, 5.216995364367726620E-15, 3.469446951953614189E-15 ) ) ;
#3117 = ORIENTED_EDGE ( 'NONE', *, *, #340, .T. ) ;
#3118 = VECTOR ( 'NONE', #1621, 1000.000000000000000 ) ;
#3119 = CARTESIAN_POINT ( 'NONE',  ( -11.04543741823740532, 41.23750923406996094, 3.469446951953614189E-15 ) ) ;
#3120 = DIRECTION ( 'NONE',  ( -1.000000000000000000, 0.000000000000000000, 0.000000000000000000 ) ) ;
#3121 = VECTOR ( 'NONE', #3130, 1000.000000000000000 ) ;
#3122 = CARTESIAN_POINT ( 'NONE',  ( -16.21476805285728418, -5.106985117663734641, 2.602085213965210642E-15 ) ) ;
#3123 = AXIS2_PLACEMENT_3D ( 'NONE', #3742, #10, #803 ) ;
#3124 = CARTESIAN_POINT ( 'NONE',  ( 37.17646944671449916, 17.90994646302021920, -0.4538840942242884924 ) ) ;
#3125 = EDGE_CURVE ( 'NONE', #3932, #230, #1308, .T. ) ;
#3126 = LINE ( 'NONE', #688, #3960 ) ;
#3127 = CARTESIAN_POINT ( 'NONE',  ( -31.14426960320244220, 29.08664623692772366, 2.602085213965209853E-15 ) ) ;
#3128 = ORIENTED_EDGE ( 'NONE', *, *, #1011, .T. ) ;
#3129 = PLANE ( 'NONE',  #37 ) ;
#3130 = DIRECTION ( 'NONE',  ( -0.000000000000000000, -0.000000000000000000, 1.000000000000000000 ) ) ;
#3131 = FACE_OUTER_BOUND ( 'NONE', #2175, .T. ) ;
#3132 = DIRECTION ( 'NONE',  ( 1.000000000000000000, 0.000000000000000000, 0.000000000000000000 ) ) ;
#3133 =( LENGTH_UNIT ( ) NAMED_UNIT ( * ) SI_UNIT ( .MILLI., .METRE. ) );
#3134 = EDGE_LOOP ( 'NONE', ( #2314, #5244 ) ) ;
#3135 = AXIS2_PLACEMENT_3D ( 'NONE', #3632, #811, #1224 ) ;
#3136 = CARTESIAN_POINT ( 'NONE',  ( -35.79999999999998295, -35.79999999999999005, -4.000000000000000000 ) ) ;
#3137 = ORIENTED_EDGE ( 'NONE', *, *, #5360, .T. ) ;
#3138 = DIRECTION ( 'NONE',  ( 0.000000000000000000, 0.000000000000000000, 1.000000000000000000 ) ) ;
#3139 = LINE ( 'NONE', #4859, #4522 ) ;
#3140 = AXIS2_PLACEMENT_3D ( 'NONE', #2808, #4451, #4510 ) ;
#3141 = CARTESIAN_POINT ( 'NONE',  ( 0.000000000000000000, 0.000000000000000000, 0.000000000000000000 ) ) ;
#3142 = CARTESIAN_POINT ( 'NONE',  ( -19.34441602240935154, 33.49829972218776675, -7.999999999999996447 ) ) ;
#3143 = ORIENTED_EDGE ( 'NONE', *, *, #4988, .T. ) ;
#3144 = CIRCLE ( 'NONE', #2177, 0.3999999999999975797 ) ;
#3145 = CARTESIAN_POINT ( 'NONE',  ( 18.87824139103830134, -38.29028411453896297, 3.469446951953614189E-15 ) ) ;
#3146 = EDGE_CURVE ( 'NONE', #3551, #2341, #2293, .T. ) ;
#3147 = CARTESIAN_POINT ( 'NONE',  ( 38.73657374398941045, 17.74043900497866133, 2.602085213965210642E-15 ) ) ;
#3148 = CARTESIAN_POINT ( 'NONE',  ( -37.74864281347750250, -18.49330874004802538, -0.07518861967586057404 ) ) ;
#3149 = AXIS2_PLACEMENT_3D ( 'NONE', #4395, #5276, #1063 ) ;
#3150 = PLANE ( 'NONE',  #3627 ) ;
#3151 = CARTESIAN_POINT ( 'NONE',  ( 31.14426960319148918, -29.08664623694788887, 2.602085213965211036E-15 ) ) ;
#3152 = DIRECTION ( 'NONE',  ( -1.000000000000000000, 0.000000000000000000, 0.000000000000000000 ) ) ;
#3153 = ORIENTED_EDGE ( 'NONE', *, *, #5174, .F. ) ;
#3154 = CARTESIAN_POINT ( 'NONE',  ( 30.82780481700201491, -30.12069803581630367, -3.999999999999994671 ) ) ;
#3155 = CARTESIAN_POINT ( 'NONE',  ( 32.29289321881265096, -32.43431457505081283, -4.000000000000000000 ) ) ;
#3156 = DIRECTION ( 'NONE',  ( 1.000000000000000000, 0.000000000000000000, 0.000000000000000000 ) ) ;
#3157 = AXIS2_PLACEMENT_3D ( 'NONE', #2746, #2355, #4390 ) ;
#3158 = CARTESIAN_POINT ( 'NONE',  ( 0.000000000000000000, 0.000000000000000000, 0.000000000000000000 ) ) ;
#3159 = VERTEX_POINT ( 'NONE', #1023 ) ;
#3160 = B_SPLINE_CURVE_WITH_KNOTS ( 'NONE', 3,
 ( #3443, #2659, #974, #1801 ),
 .UNSPECIFIED., .F., .F.,
 ( 4, 4 ),
 ( 0.02181336887358446483, 0.02972557279073502479 ),
 .UNSPECIFIED. ) ;
#3161 = DIRECTION ( 'NONE',  ( -0.000000000000000000, -0.000000000000000000, 1.000000000000000000 ) ) ;
#3162 = ORIENTED_EDGE ( 'NONE', *, *, #1099, .T. ) ;
#3163 = AXIS2_PLACEMENT_3D ( 'NONE', #2390, #4938, #821 ) ;
#3164 = DIRECTION ( 'NONE',  ( 0.000000000000000000, 0.000000000000000000, 1.000000000000000000 ) ) ;
#3165 = CARTESIAN_POINT ( 'NONE',  ( -32.71715728752620578, -32.57573593128729073, -4.000000000000000000 ) ) ;
#3166 = DIRECTION ( 'NONE',  ( -0.000000000000000000, 0.000000000000000000, 1.000000000000000000 ) ) ;
#3167 = CARTESIAN_POINT ( 'NONE',  ( 38.60000000000000853, 2.526364092029780295, 6.938893903907228378E-15 ) ) ;
#3168 = ORIENTED_EDGE ( 'NONE', *, *, #563, .F. ) ;
#3169 = AXIS2_PLACEMENT_3D ( 'NONE', #2530, #3798, #2164 ) ;
#3170 = EDGE_CURVE ( 'NONE', #1889, #5198, #1429, .T. ) ;
#3171 = DIRECTION ( 'NONE',  ( -0.000000000000000000, -0.000000000000000000, 1.000000000000000000 ) ) ;
#3172 = CARTESIAN_POINT ( 'NONE',  ( -15.33511195342470756, 39.32320844004132709, -5.809228155108670855 ) ) ;
#3173 = AXIS2_PLACEMENT_3D ( 'NONE', #1326, #3389, #894 ) ;
#3174 = CARTESIAN_POINT ( 'NONE',  ( 32.43431457504996729, -32.29289321881349650, -4.000000000000000000 ) ) ;
#3175 = CYLINDRICAL_SURFACE ( 'NONE', #872, 2.250000000000001776 ) ;
#3176 = EDGE_CURVE ( 'NONE', #5273, #5132, #1047, .T. ) ;
#3177 = CARTESIAN_POINT ( 'NONE',  ( -39.99999999999998579, 6.954135460285589154, -10.49999999999999467 ) ) ;
#3178 = CARTESIAN_POINT ( 'NONE',  ( -13.23820004496838720, 1.621211931154288312E-15, -3.000000000000000000 ) ) ;
#3179 = ORIENTED_EDGE ( 'NONE', *, *, #4242, .F. ) ;
#3180 =( BOUNDED_SURFACE ( )  B_SPLINE_SURFACE ( 3, 3, ( 
 ( #3510, #1786, #572, #2144 ),
 ( #1365, #3026, #4727, #3428 ),
 ( #3886, #3863, #490, #4676 ),
 ( #3482, #956, #2613, #929 ) ),
 .UNSPECIFIED., .F., .F., .F. ) 
 B_SPLINE_SURFACE_WITH_KNOTS ( ( 4, 4 ),
 ( 4, 4 ),
 ( 0.000000000000000000, 1.000000000000000000 ),
 ( 0.000000000000000000, 1.000000000000000000 ),
 .UNSPECIFIED. ) 
 GEOMETRIC_REPRESENTATION_ITEM ( )  RATIONAL_B_SPLINE_SURFACE ( (
 ( 1.000000000000000000, 0.9693429082191279411, 0.9693429082191279411, 1.000000000000000000),
 ( 1.000000000000000000, 0.9693429082191279411, 0.9693429082191279411, 1.000000000000000000),
 ( 1.000000000000000000, 0.9693429082191279411, 0.9693429082191279411, 1.000000000000000000),
 ( 1.000000000000000000, 0.9693429082191279411, 0.9693429082191279411, 1.000000000000000000) ) ) 
 REPRESENTATION_ITEM ( '' )  SURFACE ( )  );
#3181 = DIRECTION ( 'NONE',  ( -0.000000000000000000, -0.000000000000000000, 1.000000000000000000 ) ) ;
#3182 = CARTESIAN_POINT ( 'NONE',  ( 9.903211599924761188, -38.99999999999998579, -1.528293895618576981 ) ) ;
#3183 = CARTESIAN_POINT ( 'NONE',  ( -32.43431457505158733, -32.29289321881267227, -4.000000000000000000 ) ) ;
#3184 = DIRECTION ( 'NONE',  ( 9.691192603222388261E-17, 1.000000000000000000, 0.000000000000000000 ) ) ;
#3185 = EDGE_LOOP ( 'NONE', ( #4591, #2699, #2351, #2038, #5227, #3053, #965, #2236, #2612, #4931 ) ) ;
#3186 = CARTESIAN_POINT ( 'NONE',  ( 40.00000000000003553, 35.79999999999999716, -21.00000000000000000 ) ) ;
#3187 = ORIENTED_EDGE ( 'NONE', *, *, #4556, .T. ) ;
#3188 = FACE_OUTER_BOUND ( 'NONE', #2935, .T. ) ;
#3189 = CARTESIAN_POINT ( 'NONE',  ( -32.43431457505077020, 32.29289321881425678, -21.00000000000000000 ) ) ;
#3190 = CARTESIAN_POINT ( 'NONE',  ( -24.84665119459855731, -34.67475354389450359, 2.602085213965211430E-15 ) ) ;
#3191 = CARTESIAN_POINT ( 'NONE',  ( 5.052665715419464298, 38.35118100780897521, -7.999999999999996447 ) ) ;
#3192 = ORIENTED_EDGE ( 'NONE', *, *, #4641, .T. ) ;
#3193 = CARTESIAN_POINT ( 'NONE',  ( 23.54560596669637107, -30.69115434758392524, 2.421815768813032592E-12 ) ) ;
#3194 = B_SPLINE_CURVE_WITH_KNOTS ( 'NONE', 3,
 ( #932, #1445, #2229, #3460, #2592, #2618, #3892, #1039, #3114, #3434, #5074, #4732, #2648, #4240, #4756, #520, #3839, #2702 ),
 .UNSPECIFIED., .F., .F.,
 ( 4, 2, 2, 2, 2, 2, 2, 2, 4 ),
 ( 0.000000000000000000, 0.0007287358697538082490, 0.001457471739507616498, 0.002186207609261425072, 0.002914943479015231261, 0.004372415218522844073, 0.005829886958030458186, 0.008744830437045688146, 0.01165977391606091984 ),
 .UNSPECIFIED. ) ;
#3195 = PLANE ( 'NONE',  #4003 ) ;
#3196 = DIRECTION ( 'NONE',  ( 1.000000000000000000, 0.000000000000000000, 0.000000000000000000 ) ) ;
#3197 = CARTESIAN_POINT ( 'NONE',  ( 29.29568277834923506, -30.00278955953662319, -20.33333220206242231 ) ) ;
#3198 = VECTOR ( 'NONE', #623, 1000.000000000000000 ) ;
#3199 = CARTESIAN_POINT ( 'NONE',  ( 40.00000000000001421, -6.954135460285430170, 0.000000000000000000 ) ) ;
#3200 = CYLINDRICAL_SURFACE ( 'NONE', #507, 3.000000000000000000 ) ;
#3201 = ORIENTED_EDGE ( 'NONE', *, *, #2437, .F. ) ;
#3202 = CARTESIAN_POINT ( 'NONE',  ( -29.53135100476668384, 28.82424422358092642, -19.66666547966193335 ) ) ;
#3203 = ADVANCED_FACE ( 'NONE', ( #1828 ), #4658, .F. ) ;
#3204 = VECTOR ( 'NONE', #3166, 1000.000000000000000 ) ;
#3205 = CARTESIAN_POINT ( 'NONE',  ( 11.30228221449174342, -39.00000000000000711, -1.024864003466742224 ) ) ;
#3206 = EDGE_LOOP ( 'NONE', ( #3973, #4045, #127, #4569 ) ) ;
#3207 = CIRCLE ( 'NONE', #4927, 14.00000000000000000 ) ;
#3208 = DIRECTION ( 'NONE',  ( 0.7071067811865464625, -0.7071067811865486830, 0.000000000000000000 ) ) ;
#3209 = VECTOR ( 'NONE', #1162, 1000.000000000000000 ) ;
#3210 = LINE ( 'NONE', #4533, #1207 ) ;
#3211 = VERTEX_POINT ( 'NONE', #3903 ) ;
#3212 = EDGE_CURVE ( 'NONE', #1408, #3912, #3793, .T. ) ;
#3213 = CARTESIAN_POINT ( 'NONE',  ( -29.08073093518524743, 25.50791257241623100, -7.999999999999994671 ) ) ;
#3214 = ADVANCED_FACE ( 'NONE', ( #4713 ), #4764, .F. ) ;
#3215 = LINE ( 'NONE', #1144, #361 ) ;
#3216 = ORIENTED_EDGE ( 'NONE', *, *, #2163, .F. ) ;
#3217 = VECTOR ( 'NONE', #335, 1000.000000000000000 ) ;
#3218 = DIRECTION ( 'NONE',  ( 0.7071067811865464625, -0.7071067811865486830, 0.000000000000000000 ) ) ;
#3219 = CARTESIAN_POINT ( 'NONE',  ( 38.99999999999999289, -5.750923850646056934, -3.145096573964079489 ) ) ;
#3220 = CARTESIAN_POINT ( 'NONE',  ( -35.50514093888456557, -23.56629667423496599, 2.602085213965210642E-15 ) ) ;
#3221 = CARTESIAN_POINT ( 'NONE',  ( -37.36544263932044174, 10.00830714422561485, -7.999999999999996447 ) ) ;
#3222 = ORIENTED_EDGE ( 'NONE', *, *, #1314, .F. ) ;
#3223 = CARTESIAN_POINT ( 'NONE',  ( -29.08073093501856476, 25.50791257259259481, -2.414876874909121728E-12 ) ) ;
#3224 = EDGE_CURVE ( 'NONE', #4541, #2769, #998, .T. ) ;
#3225 = CARTESIAN_POINT ( 'NONE',  ( 32.29289321881346808, 32.43431457505075599, -21.00000000000000000 ) ) ;
#3226 = B_SPLINE_CURVE_WITH_KNOTS ( 'NONE', 3,
 ( #1048, #201, #1481, #2713 ),
 .UNSPECIFIED., .F., .F.,
 ( 4, 4 ),
 ( 2.123157670231858150E-06, 0.007928760707370530181 ),
 .UNSPECIFIED. ) ;
#3227 = DIRECTION ( 'NONE',  ( -1.000000000000000000, 0.000000000000000000, 0.000000000000000000 ) ) ;
#3228 = DIRECTION ( 'NONE',  ( 0.000000000000000000, -0.000000000000000000, -1.000000000000000000 ) ) ;
#3229 = VECTOR ( 'NONE', #2212, 1000.000000000000000 ) ;
#3230 = CARTESIAN_POINT ( 'NONE',  ( 5.101756521647065945, 39.00000000000000711, -21.72560257064043299 ) ) ;
#3231 = FACE_OUTER_BOUND ( 'NONE', #1584, .T. ) ;
#3232 = ORIENTED_EDGE ( 'NONE', *, *, #3009, .T. ) ;
#3233 = LINE ( 'NONE', #5295, #3427 ) ;
#3234 = AXIS2_PLACEMENT_3D ( 'NONE', #3966, #1467, #5172 ) ;
#3235 = CARTESIAN_POINT ( 'NONE',  ( -1.476395939410344971, -38.99999999999995737, -4.406193807873330925 ) ) ;
#3236 = ORIENTED_EDGE ( 'NONE', *, *, #4430, .T. ) ;
#3237 = DIRECTION ( 'NONE',  ( 0.000000000000000000, 0.000000000000000000, -1.000000000000000000 ) ) ;
#3238 = CARTESIAN_POINT ( 'NONE',  ( 38.62095163394744901, 15.06124857429785102, -10.49999999999999467 ) ) ;
#3239 = ORIENTED_EDGE ( 'NONE', *, *, #1113, .F. ) ;
#3240 = CARTESIAN_POINT ( 'NONE',  ( -2.526364092261790706, 38.60000000000000853, -7.999999999999994671 ) ) ;
#3241 = DIRECTION ( 'NONE',  ( 1.000000000000000000, 0.000000000000000000, 0.000000000000000000 ) ) ;
#3242 = VERTEX_POINT ( 'NONE', #3953 ) ;
#3243 = EDGE_CURVE ( 'NONE', #4111, #683, #4285, .T. ) ;
#3244 = EDGE_CURVE ( 'NONE', #3790, #2030, #2446, .T. ) ;
#3245 = CARTESIAN_POINT ( 'NONE',  ( 6.954135460285516324, 39.99999999999999289, -10.49999999999999467 ) ) ;
#3246 = CARTESIAN_POINT ( 'NONE',  ( -38.60000000000000853, 0.000000000000000000, -21.00000000000002487 ) ) ;
#3247 = ORIENTED_EDGE ( 'NONE', *, *, #200, .F. ) ;
#3248 = VECTOR ( 'NONE', #3237, 1000.000000000000000 ) ;
#3249 = CARTESIAN_POINT ( 'NONE',  ( 38.99999999999997868, -11.31976211846915348, -1.053112866834355454 ) ) ;
#3250 = CARTESIAN_POINT ( 'NONE',  ( 0.000000000000000000, 0.000000000000000000, -25.00000000000000000 ) ) ;
#3251 = CARTESIAN_POINT ( 'NONE',  ( 2.526364092029770525, 38.60000000000000853, -7.999999999999996447 ) ) ;
#3252 = ORIENTED_EDGE ( 'NONE', *, *, #4130, .F. ) ;
#3253 = EDGE_CURVE ( 'NONE', #1137, #1163, #1112, .T. ) ;
#3254 = CARTESIAN_POINT ( 'NONE',  ( 42.32539665628529235, 5.576258017539204914, 3.469446951953614189E-15 ) ) ;
#3255 = CARTESIAN_POINT ( 'NONE',  ( -15.06124857429772668, 38.62095163394745612, -10.49999999999999645 ) ) ;
#3256 = PLANE ( 'NONE',  #5013 ) ;
#3257 = PLANE ( 'NONE',  #1031 ) ;
#3258 = VECTOR ( 'NONE', #434, 1000.000000000000000 ) ;
#3259 = CARTESIAN_POINT ( 'NONE',  ( -14.42249585448829663, 39.00000000000000000, -23.90688574117093523 ) ) ;
#3260 = DIRECTION ( 'NONE',  ( 1.000000000000000000, 0.000000000000000000, 0.000000000000000000 ) ) ;
#3261 = EDGE_LOOP ( 'NONE', ( #1898, #1282 ) ) ;
#3262 = AXIS2_PLACEMENT_3D ( 'NONE', #1401, #1878, #4684 ) ;
#3263 = CARTESIAN_POINT ( 'NONE',  ( 0.000000000000000000, 0.000000000000000000, -3.999999999999994671 ) ) ;
#3264 = DIRECTION ( 'NONE',  ( 0.000000000000000000, 0.000000000000000000, -1.000000000000000000 ) ) ;
#3265 = ORIENTED_EDGE ( 'NONE', *, *, #671, .T. ) ;
#3266 = CARTESIAN_POINT ( 'NONE',  ( 32.64644660940673049, 32.64644660940673049, -21.00000000000000000 ) ) ;
#3267 = FACE_OUTER_BOUND ( 'NONE', #2864, .T. ) ;
#3268 = CALENDAR_DATE ( 2025, 12, 2 ) ;
#3269 = ORIENTED_EDGE ( 'NONE', *, *, #2644, .F. ) ;
#3270 = DIRECTION ( 'NONE',  ( 0.000000000000000000, 0.000000000000000000, -1.000000000000000000 ) ) ;
#3271 = CARTESIAN_POINT ( 'NONE',  ( 0.000000000000000000, 0.000000000000000000, -4.000000000000000000 ) ) ;
#3272 = EDGE_CURVE ( 'NONE', #316, #3888, #3609, .T. ) ;
#3273 = VERTEX_POINT ( 'NONE', #4102 ) ;
#3274 = CARTESIAN_POINT ( 'NONE',  ( 30.00278955953579541, -29.29568277835008061, -20.33333220206242231 ) ) ;
#3275 = DIRECTION ( 'NONE',  ( -0.000000000000000000, -0.000000000000000000, 1.000000000000000000 ) ) ;
#3276 = CARTESIAN_POINT ( 'NONE',  ( 40.00000000000000711, -9.124626556402073874, -7.446766312614650829 ) ) ;
#3277 = EDGE_CURVE ( 'NONE', #2640, #1652, #4021, .T. ) ;
#3278 = EDGE_CURVE ( 'NONE', #3535, #1760, #3024, .T. ) ;
#3279 = DIRECTION ( 'NONE',  ( 0.000000000000000000, -0.000000000000000000, 1.000000000000000000 ) ) ;
#3280 = LINE ( 'NONE', #2870, #2416 ) ;
#3281 = ORIENTED_EDGE ( 'NONE', *, *, #5330, .F. ) ;
#3282 = CARTESIAN_POINT ( 'NONE',  ( 41.23750923406996804, 11.04543741823498415, 3.469446951953614189E-15 ) ) ;
#3283 = CARTESIAN_POINT ( 'NONE',  ( 14.00000000000000000, 0.000000000000000000, -3.000000000000000000 ) ) ;
#3284 = CARTESIAN_POINT ( 'NONE',  ( 35.79999999999997584, 40.00000000000000711, -4.000000000000000000 ) ) ;
#3285 = LINE ( 'NONE', #1189, #2253 ) ;
#3286 = CARTESIAN_POINT ( 'NONE',  ( 0.000000000000000000, 0.000000000000000000, -21.00000000000000355 ) ) ;
#3287 = PLANE ( 'NONE',  #427 ) ;
#3288 = EDGE_LOOP ( 'NONE', ( #415, #1362, #3369, #4737 ) ) ;
#3289 = CARTESIAN_POINT ( 'NONE',  ( 28.47820534928909098, 28.93703198470296556, -10.49999999999999467 ) ) ;
#3290 = EDGE_CURVE ( 'NONE', #3211, #3551, #2289, .T. ) ;
#3291 = CARTESIAN_POINT ( 'NONE',  ( -12.03258617622405424, -38.99999999999998579, -0.8308432562198392324 ) ) ;
#3292 = ORIENTED_EDGE ( 'NONE', *, *, #1314, .T. ) ;
#3293 = CARTESIAN_POINT ( 'NONE',  ( -2.526364092261799588, -38.60000000000001563, -7.999999999999996447 ) ) ;
#3294 = LINE ( 'NONE', #2411, #2149 ) ;
#3295 = VECTOR ( 'NONE', #3418, 1000.000000000000000 ) ;
#3296 = ORIENTED_EDGE ( 'NONE', *, *, #2512, .T. ) ;
#3297 = AXIS2_PLACEMENT_3D ( 'NONE', #4896, #1188, #4058 ) ;
#3298 = CARTESIAN_POINT ( 'NONE',  ( -17.10563656580458414, 34.69495227270503079, -7.999999999999996447 ) ) ;
#3299 = EDGE_CURVE ( 'NONE', #2942, #4476, #2997, .T. ) ;
#3300 = CARTESIAN_POINT ( 'NONE',  ( -32.71715728752539576, 32.01005050633963833, -21.00000000000000000 ) ) ;
#3301 = AXIS2_PLACEMENT_3D ( 'NONE', #4666, #4482, #5338 ) ;
#3302 = VECTOR ( 'NONE', #3621, 1000.000000000000000 ) ;
#3303 = ORIENTED_EDGE ( 'NONE', *, *, #941, .F. ) ;
#3304 = CARTESIAN_POINT ( 'NONE',  ( 29.46320306023743996, -28.99603343704427161, -5.809228155108670855 ) ) ;
#3305 = DIRECTION ( 'NONE',  ( -0.000000000000000000, 0.000000000000000000, 1.000000000000000000 ) ) ;
#3306 = EDGE_LOOP ( 'NONE', ( #2557, #3509, #300, #1171 ) ) ;
#3307 = CARTESIAN_POINT ( 'NONE',  ( 1.454277095024661737, -39.00000000000000000, -21.39968513372938475 ) ) ;
#3308 = DIRECTION ( 'NONE',  ( -0.000000000000000000, -0.000000000000000000, 1.000000000000000000 ) ) ;
#3309 = ORIENTED_EDGE ( 'NONE', *, *, #4951, .F. ) ;
#3310 = CARTESIAN_POINT ( 'NONE',  ( 10.00830714422458811, -37.36544263931502741, 4.840162090674104299E-12 ) ) ;
#3311 = DIRECTION ( 'NONE',  ( -0.000000000000000000, -0.000000000000000000, 1.000000000000000000 ) ) ;
#3312 = CARTESIAN_POINT ( 'NONE',  ( 35.79999999999998295, -35.79999999999999005, 0.000000000000000000 ) ) ;
#3313 = CARTESIAN_POINT ( 'NONE',  ( -33.87158484991893914, -25.98556513422252578, 3.469446951953614189E-15 ) ) ;
#3314 = CARTESIAN_POINT ( 'NONE',  ( -5.106985117663508156, 16.21476805285735523, -2.000000000000000000 ) ) ;
#3315 = EDGE_CURVE ( 'NONE', #5157, #3612, #2734, .T. ) ;
#3316 = CARTESIAN_POINT ( 'NONE',  ( 0.000000000000000000, 0.000000000000000000, 0.000000000000000000 ) ) ;
#3317 = ORIENTED_EDGE ( 'NONE', *, *, #3988, .F. ) ;
#3318 = CARTESIAN_POINT ( 'NONE',  ( 38.04999999999999005, -35.79999999999999005, 0.000000000000000000 ) ) ;
#3319 = AXIS2_PLACEMENT_3D ( 'NONE', #5176, #3164, #1065 ) ;
#3320 = CARTESIAN_POINT ( 'NONE',  ( -1.464986483721363753, 38.99999999999999289, -4.424064800772176120 ) ) ;
#3321 = ORIENTED_EDGE ( 'NONE', *, *, #5188, .T. ) ;
#3322 = CARTESIAN_POINT ( 'NONE',  ( 0.000000000000000000, 0.000000000000000000, -4.000000000000000000 ) ) ;
#3323 = CARTESIAN_POINT ( 'NONE',  ( 34.80812422002902196, 22.51252100524340705, -10.49999999999999467 ) ) ;
#3324 = CIRCLE ( 'NONE', #2099, 0.3999999999999975797 ) ;
#3325 = EDGE_LOOP ( 'NONE', ( #1602, #4318, #5031, #1782 ) ) ;
#3326 = DIRECTION ( 'NONE',  ( 0.000000000000000000, 0.000000000000000000, -1.000000000000000000 ) ) ;
#3327 = CARTESIAN_POINT ( 'NONE',  ( 16.05023364315923828, 40.00000000000000711, -4.000000000000000000 ) ) ;
#3328 = ORIENTED_EDGE ( 'NONE', *, *, #141, .F. ) ;
#3329 = CARTESIAN_POINT ( 'NONE',  ( 39.99999999999997868, 35.79999999999999716, 0.000000000000000000 ) ) ;
#3330 = VERTEX_POINT ( 'NONE', #407 ) ;
#3331 = CARTESIAN_POINT ( 'NONE',  ( -29.05991157131653324, 28.35280479013079713, -9.900707914779498964 ) ) ;
#3332 = VERTEX_POINT ( 'NONE', #2058 ) ;
#3333 = ORIENTED_EDGE ( 'NONE', *, *, #1062, .F. ) ;
#3334 = CARTESIAN_POINT ( 'NONE',  ( -33.49829972217806784, 19.34441602242386438, -7.999999999999996447 ) ) ;
#3335 = CARTESIAN_POINT ( 'NONE',  ( -8.733420342281194237, -40.00000000000001421, -7.734626784764254914 ) ) ;
#3336 = CARTESIAN_POINT ( 'NONE',  ( 32.43431457505078441, 32.29289321881343966, -4.000000000000000000 ) ) ;
#3337 = CARTESIAN_POINT ( 'NONE',  ( -40.42425205542267008, -13.72638704646256613, 3.469446951953614189E-15 ) ) ;
#3338 = EDGE_CURVE ( 'NONE', #1684, #4100, #3727, .T. ) ;
#3339 = CARTESIAN_POINT ( 'NONE',  ( 17.13942822850282965, 39.00000000000001421, -25.00000000000000000 ) ) ;
#3340 = AXIS2_PLACEMENT_3D ( 'NONE', #4633, #1794, #5002 ) ;
#3341 = VERTEX_POINT ( 'NONE', #4074 ) ;
#3342 = CARTESIAN_POINT ( 'NONE',  ( 0.000000000000000000, 39.00000000000000711, -21.00000000000000000 ) ) ;
#3343 = EDGE_CURVE ( 'NONE', #3828, #760, #960, .T. ) ;
#3344 = CARTESIAN_POINT ( 'NONE',  ( -17.14002334302268693, 38.99999993959344380, 3.035766082959412415E-15 ) ) ;
#3345 = ORIENTED_EDGE ( 'NONE', *, *, #3278, .T. ) ;
#3346 = CARTESIAN_POINT ( 'NONE',  ( 37.36544263927535781, -10.00830714445221048, -7.999999999999996447 ) ) ;
#3347 = DIRECTION ( 'NONE',  ( 0.000000000000000000, 0.000000000000000000, -1.000000000000000000 ) ) ;
#3348 = CIRCLE ( 'NONE', #4030, 43.10000000000000853 ) ;
#3349 = ORIENTED_EDGE ( 'NONE', *, *, #4598, .T. ) ;
#3350 = CARTESIAN_POINT ( 'NONE',  ( 32.29289321881265096, -32.43431457505081283, -22.00000000000000000 ) ) ;
#3351 = ORIENTED_EDGE ( 'NONE', *, *, #4891, .F. ) ;
#3352 = DIRECTION ( 'NONE',  ( -0.000000000000000000, 0.000000000000000000, 1.000000000000000000 ) ) ;
#3353 = ORIENTED_EDGE ( 'NONE', *, *, #308, .F. ) ;
#3354 = CARTESIAN_POINT ( 'NONE',  ( -29.55998780609913723, -30.26709458728407753, -4.893743914257111527 ) ) ;
#3355 = B_SPLINE_CURVE_WITH_KNOTS ( 'NONE', 3,
 ( #1990, #1588, #3197, #4841 ),
 .UNSPECIFIED., .F., .F.,
 ( 4, 4 ),
 ( 2.828534383508556571E-07, 0.002828812200178106289 ),
 .UNSPECIFIED. ) ;
#3356 = EDGE_LOOP ( 'NONE', ( #368, #55, #4718, #2514 ) ) ;
#3357 = CARTESIAN_POINT ( 'NONE',  ( -35.79999999999998295, -40.00000000000000000, -4.000000000000000000 ) ) ;
#3358 = ORIENTED_EDGE ( 'NONE', *, *, #702, .T. ) ;
#3359 = CARTESIAN_POINT ( 'NONE',  ( 37.36544263932045595, -10.00830714422558465, -7.999999999999996447 ) ) ;
#3360 = DIRECTION ( 'NONE',  ( -1.000000000000000000, 0.000000000000000000, 0.000000000000000000 ) ) ;
#3361 = PLANE ( 'NONE',  #3123 ) ;
#3362 = CIRCLE ( 'NONE', #2048, 2.250000000000001776 ) ;
#3363 = CARTESIAN_POINT ( 'NONE',  ( 38.29028411452933511, -18.87824139104302290, 3.469446951953614189E-15 ) ) ;
#3364 = CARTESIAN_POINT ( 'NONE',  ( 38.05000000000001137, -35.80000000000000426, -25.00000000000000000 ) ) ;
#3365 = ORIENTED_EDGE ( 'NONE', *, *, #1121, .F. ) ;
#3366 = CARTESIAN_POINT ( 'NONE',  ( -32.57573593128807943, 32.71715728752618446, -4.000000000000000000 ) ) ;
#3367 = EDGE_CURVE ( 'NONE', #3882, #322, #642, .T. ) ;
#3368 = CARTESIAN_POINT ( 'NONE',  ( 7.828742512291524847, 38.99999999999998579, -2.327809285301702058 ) ) ;
#3369 = ORIENTED_EDGE ( 'NONE', *, *, #2948, .T. ) ;
#3370 = CARTESIAN_POINT ( 'NONE',  ( 7.229007038352531112, -42.48942759369029432, -3.999999999999994671 ) ) ;
#3371 = PLANE ( 'NONE',  #3801 ) ;
#3372 = ORIENTED_EDGE ( 'NONE', *, *, #2980, .T. ) ;
#3373 = CARTESIAN_POINT ( 'NONE',  ( -32.71715728752620578, -32.01005050633805382, -4.000000000000000000 ) ) ;
#3374 = AXIS2_PLACEMENT_3D ( 'NONE', #4585, #4639, #4615 ) ;
#3375 = CARTESIAN_POINT ( 'NONE',  ( 32.83431457504996587, -32.29289321881349650, -21.00000000000000000 ) ) ;
#3376 = EDGE_CURVE ( 'NONE', #2513, #4824, #394, .T. ) ;
#3377 = CARTESIAN_POINT ( 'NONE',  ( -28.83994798689781902, -29.54705476808278419, -6.714188349114092347 ) ) ;
#3378 = VERTEX_POINT ( 'NONE', #24 ) ;
#3379 = CARTESIAN_POINT ( 'NONE',  ( 39.99999999999998579, -7.152807520516523354, -9.549639703870589358 ) ) ;
#3380 = VECTOR ( 'NONE', #1074, 1000.000000000000000 ) ;
#3381 = ORIENTED_EDGE ( 'NONE', *, *, #1665, .T. ) ;
#3382 = CARTESIAN_POINT ( 'NONE',  ( 10.00830714422451351, 37.36544263931503451, 3.469446951953614189E-15 ) ) ;
#3383 = CARTESIAN_POINT ( 'NONE',  ( -32.29289321881427810, -32.43431457504998860, -4.000000000000000000 ) ) ;
#3384 = CARTESIAN_POINT ( 'NONE',  ( -21.15821875560549969, 36.16028909267820524, -0.1203346427827447912 ) ) ;
#3385 = CARTESIAN_POINT ( 'NONE',  ( -2.788163479804908196, -42.60000000000001563, 3.469446951953614189E-15 ) ) ;
#3386 = CARTESIAN_POINT ( 'NONE',  ( -7.702498402652959264, -7.853121567701079719, -2.000000000000000000 ) ) ;
#3387 = EDGE_CURVE ( 'NONE', #189, #3828, #4642, .T. ) ;
#3388 = ORIENTED_EDGE ( 'NONE', *, *, #1823, .F. ) ;
#3389 = DIRECTION ( 'NONE',  ( -0.000000000000000000, 0.000000000000000000, 1.000000000000000000 ) ) ;
#3390 = CARTESIAN_POINT ( 'NONE',  ( -15.65236339482903638, -38.99999999999996447, -0.06707308123630140173 ) ) ;
#3391 = DIRECTION ( 'NONE',  ( 0.7071067811865470176, -0.7071067811865481278, 0.000000000000000000 ) ) ;
#3392 = CARTESIAN_POINT ( 'NONE',  ( -38.99999999999996447, 1.474354798741399186, -4.406503989726354042 ) ) ;
#3393 = VERTEX_POINT ( 'NONE', #483 ) ;
#3394 = B_SPLINE_CURVE_WITH_KNOTS ( 'NONE', 3,
 ( #2297, #4334, #3956, #203, #3525, #5163, #1456, #3127, #4769, #4361, #4436, #4494, #4953, #2434, #2405 ),
 .UNSPECIFIED., .F., .F.,
 ( 4, 2, 2, 2, 2, 1, 2, 4 ),
 ( 0.07237027907001254701, 0.1620098584680845777, 0.2516494378661566222, 0.4309285966623009889, 0.5205681760603732000, 0.6102077554584454111, 0.6998473348565176222, 0.7894869142545898333 ),
 .UNSPECIFIED. ) ;
#3395 = CARTESIAN_POINT ( 'NONE',  ( 34.74887402186159591, 19.71920331487886102, -1.999999999999998224 ) ) ;
#3396 = CARTESIAN_POINT ( 'NONE',  ( 12.48103486337080348, 40.00000000000000000, -5.512891614740003554 ) ) ;
#3397 = CIRCLE ( 'NONE', #1140, 40.60000000000000142 ) ;
#3398 = CARTESIAN_POINT ( 'NONE',  ( 40.00000000000001421, 6.954135460285430170, -10.49999999999999467 ) ) ;
#3399 = ORIENTED_EDGE ( 'NONE', *, *, #4846, .F. ) ;
#3400 = CARTESIAN_POINT ( 'NONE',  ( -28.93703198470372939, -28.47820534928832004, -10.49999999999999467 ) ) ;
#3401 = CARTESIAN_POINT ( 'NONE',  ( -33.55000000000001847, 35.79999999999999716, -21.00000000000000000 ) ) ;
#3402 = AXIS2_PLACEMENT_3D ( 'NONE', #2724, #3161, #673 ) ;
#3403 = EDGE_CURVE ( 'NONE', #5080, #3901, #1511, .T. ) ;
#3404 = EDGE_CURVE ( 'NONE', #3758, #230, #4989, .T. ) ;
#3405 = VERTEX_POINT ( 'NONE', #5064 ) ;
#3406 = CARTESIAN_POINT ( 'NONE',  ( 37.36544263931503451, 10.00830714422093592, 4.840162090674098644E-12 ) ) ;
#3407 = CYLINDRICAL_SURFACE ( 'NONE', #181, 40.60000000000000142 ) ;
#3408 = CARTESIAN_POINT ( 'NONE',  ( 35.50514093891453626, 23.56629667418951968, 2.602085213965210247E-15 ) ) ;
#3409 = CARTESIAN_POINT ( 'NONE',  ( 5.576258017536727785, 42.32539665628529946, 3.469446951953614189E-15 ) ) ;
#3410 = DIRECTION ( 'NONE',  ( 0.000000000000000000, 0.000000000000000000, 1.000000000000000000 ) ) ;
#3411 = ORIENTED_EDGE ( 'NONE', *, *, #1679, .T. ) ;
#3412 = DIRECTION ( 'NONE',  ( 0.000000000000000000, 0.000000000000000000, -1.000000000000000000 ) ) ;
#3413 = CARTESIAN_POINT ( 'NONE',  ( 8.734943625907266807, -39.99999999999999289, -7.733688831329112112 ) ) ;
#3414 = DIRECTION ( 'NONE',  ( -1.000000000000000000, 0.000000000000000000, 0.000000000000000000 ) ) ;
#3415 = CYLINDRICAL_SURFACE ( 'NONE', #4848, 0.3999999999999975797 ) ;
#3416 = VECTOR ( 'NONE', #27, 1000.000000000000114 ) ;
#3417 = CARTESIAN_POINT ( 'NONE',  ( 33.54999999999998295, -35.79999999999999005, 0.000000000000000000 ) ) ;
#3418 = DIRECTION ( 'NONE',  ( 0.7071067811865483499, 0.7071067811865466846, 0.000000000000000000 ) ) ;
#3419 = EDGE_LOOP ( 'NONE', ( #2064, #5251 ) ) ;
#3420 = CARTESIAN_POINT ( 'NONE',  ( 20.86375362250636556, -35.87147181182996292, -0.2906197018331218573 ) ) ;
#3421 = CARTESIAN_POINT ( 'NONE',  ( 29.81865833516877728, -29.11155155398306249, -5.909362081813784862 ) ) ;
#3422 = ORIENTED_EDGE ( 'NONE', *, *, #5306, .T. ) ;
#3423 = AXIS2_PLACEMENT_3D ( 'NONE', #180, #1860, #152 ) ;
#3424 = CARTESIAN_POINT ( 'NONE',  ( 18.81185694236034678, -38.06108124936667991, -7.718258447796551221E-11 ) ) ;
#3425 = CARTESIAN_POINT ( 'NONE',  ( -39.00000000000002132, 8.415452016572505407E-20, -21.40000000000003411 ) ) ;
#3426 = ORIENTED_EDGE ( 'NONE', *, *, #1836, .F. ) ;
#3427 = VECTOR ( 'NONE', #369, 1000.000000000000114 ) ;
#3428 = CARTESIAN_POINT ( 'NONE',  ( -40.02484362653886762, 6.809691084851868581, -7.974924713410731059 ) ) ;
#3429 = ADVANCED_FACE ( 'NONE', ( #96 ), #4254, .T. ) ;
#3430 = ORIENTED_EDGE ( 'NONE', *, *, #3170, .F. ) ;
#3431 = CARTESIAN_POINT ( 'NONE',  ( 19.34441602242177538, 33.49829972219193053, -2.414876874909119305E-12 ) ) ;
#3432 = EDGE_CURVE ( 'NONE', #995, #453, #4459, .T. ) ;
#3433 = EDGE_CURVE ( 'NONE', #5132, #4900, #20, .T. ) ;
#3434 = CARTESIAN_POINT ( 'NONE',  ( -8.734943625907243714, 40.00000000000001421, -7.733688831329110336 ) ) ;
#3435 = CARTESIAN_POINT ( 'NONE',  ( -39.00000000000001421, -7.327253395128823676, -22.07582468233651340 ) ) ;
#3436 = CARTESIAN_POINT ( 'NONE',  ( 12.43752441299483102, 36.62854763707638739, 3.469446951953614189E-15 ) ) ;
#3437 = DIRECTION ( 'NONE',  ( -0.7071067811865474617, 0.7071067811865474617, 0.000000000000000000 ) ) ;
#3438 = VERTEX_POINT ( 'NONE', #2605 ) ;
#3439 = ADVANCED_FACE ( 'NONE', ( #2192 ), #3855, .T. ) ;
#3440 = FACE_OUTER_BOUND ( 'NONE', #3805, .T. ) ;
#3441 = CARTESIAN_POINT ( 'NONE',  ( -28.47820534928985126, -28.93703198470221949, -7.974924713410731059 ) ) ;
#3442 = DIRECTION ( 'NONE',  ( 0.7002271275140117268, 0.7139201425183884231, 0.000000000000000000 ) ) ;
#3443 = CARTESIAN_POINT ( 'NONE',  ( -39.99999999999998579, 6.954135460285585602, -19.00000000000000355 ) ) ;
#3444 = CARTESIAN_POINT ( 'NONE',  ( 0.000000000000000000, 0.000000000000000000, -21.00000000000000355 ) ) ;
#3445 = LINE ( 'NONE', #458, #3295 ) ;
#3446 = VERTEX_POINT ( 'NONE', #1259 ) ;
#3447 = EDGE_CURVE ( 'NONE', #3378, #3500, #2029, .T. ) ;
#3448 = EDGE_CURVE ( 'NONE', #4857, #406, #2504, .T. ) ;
#3449 = CARTESIAN_POINT ( 'NONE',  ( 18.35652848041194929, 3.006303735123277310, 0.000000000000000000 ) ) ;
#3450 = CARTESIAN_POINT ( 'NONE',  ( 35.37356194995222580, 20.35610708099736499, -0.8269122818529227592 ) ) ;
#3451 = ORIENTED_EDGE ( 'NONE', *, *, #3403, .F. ) ;
#3452 = CARTESIAN_POINT ( 'NONE',  ( 40.00000000000002842, 9.125544201170594505, -7.446111944357164170 ) ) ;
#3453 = CARTESIAN_POINT ( 'NONE',  ( -39.00000000000000000, -2.924064315080806331, -4.096485516452066378 ) ) ;
#3454 = EDGE_LOOP ( 'NONE', ( #154, #2651, #4940, #2621 ) ) ;
#3455 = ADVANCED_FACE ( 'NONE', ( #2089 ), #1678, .T. ) ;
#3456 = FACE_OUTER_BOUND ( 'NONE', #4545, .T. ) ;
#3457 = ORIENTED_EDGE ( 'NONE', *, *, #4730, .F. ) ;
#3458 = CARTESIAN_POINT ( 'NONE',  ( 38.60000000000000853, 4.972066004538254746E-15, -21.00000000000002487 ) ) ;
#3459 = VECTOR ( 'NONE', #2207, 1000.000000000000000 ) ;
#3460 = CARTESIAN_POINT ( 'NONE',  ( -7.153009938310416871, 39.99999999999999289, -9.548478826821746424 ) ) ;
#3461 = CARTESIAN_POINT ( 'NONE',  ( 19.14307412588592072, 38.07342171106606088, 2.602085213965210247E-15 ) ) ;
#3462 = CIRCLE ( 'NONE', #4838, 13.23820004496838720 ) ;
#3463 = CARTESIAN_POINT ( 'NONE',  ( -36.62854763707638739, -12.43752441299239031, 3.469446951953614189E-15 ) ) ;
#3464 = VERTEX_POINT ( 'NONE', #3373 ) ;
#3465 = CYLINDRICAL_SURFACE ( 'NONE', #1502, 0.3999999999999975797 ) ;
#3466 = ORIENTED_EDGE ( 'NONE', *, *, #1127, .T. ) ;
#3467 = CARTESIAN_POINT ( 'NONE',  ( -28.35280479013119148, -29.05991157131615310, -19.00000000000000355 ) ) ;
#3468 = DIRECTION ( 'NONE',  ( 0.000000000000000000, 0.000000000000000000, -1.000000000000000000 ) ) ;
#3469 = CARTESIAN_POINT ( 'NONE',  ( 35.80000000000001847, 40.00000000000000711, -25.00000000000000000 ) ) ;
#3470 = EDGE_CURVE ( 'NONE', #4526, #75, #2558, .T. ) ;
#3471 = DIRECTION ( 'NONE',  ( -0.000000000000000000, 0.000000000000000000, 1.000000000000000000 ) ) ;
#3472 = AXIS2_PLACEMENT_3D ( 'NONE', #2347, #2432, #5237 ) ;
#3473 = FACE_OUTER_BOUND ( 'NONE', #1373, .T. ) ;
#3474 = ORIENTED_EDGE ( 'NONE', *, *, #1630, .F. ) ;
#3475 = CARTESIAN_POINT ( 'NONE',  ( -35.80000000000001847, -40.00000000000001421, -21.00000000000000000 ) ) ;
#3476 = CARTESIAN_POINT ( 'NONE',  ( -7.853121567702268102, 7.702498402654127219, -2.000000000000000000 ) ) ;
#3477 = ORIENTED_EDGE ( 'NONE', *, *, #722, .F. ) ;
#3478 = EDGE_CURVE ( 'NONE', #4017, #1965, #2821, .T. ) ;
#3479 = CARTESIAN_POINT ( 'NONE',  ( -29.05991157131771629, -28.35280479012957855, 0.000000000000000000 ) ) ;
#3480 = COORDINATED_UNIVERSAL_TIME_OFFSET ( 1, 0, .AHEAD. ) ;
#3481 = ORIENTED_EDGE ( 'NONE', *, *, #1890, .F. ) ;
#3482 = CARTESIAN_POINT ( 'NONE',  ( -30.71886892957343207, 30.23178942252159374, -3.999999999999994671 ) ) ;
#3483 = VECTOR ( 'NONE', #1551, 999.9999999999998863 ) ;
#3484 = CIRCLE ( 'NONE', #699, 40.60000000000000142 ) ;
#3485 = ORIENTED_EDGE ( 'NONE', *, *, #4222, .T. ) ;
#3486 = CARTESIAN_POINT ( 'NONE',  ( -38.60000000000000853, 40.00000000000000000, 2.602085213965210642E-15 ) ) ;
#3487 = CARTESIAN_POINT ( 'NONE',  ( 39.00000000000001421, -0.7360558596113778718, -4.491104763013789025 ) ) ;
#3488 = CARTESIAN_POINT ( 'NONE',  ( -39.00000000000002132, -14.42119258902754098, -23.90636139317032161 ) ) ;
#3489 = CARTESIAN_POINT ( 'NONE',  ( 29.08073093501854700, -25.50791257258293854, 3.469446951953614189E-15 ) ) ;
#3490 = ORIENTED_EDGE ( 'NONE', *, *, #1665, .F. ) ;
#3491 =( BOUNDED_SURFACE ( )  B_SPLINE_SURFACE ( 3, 3, ( 
 ( #753, #3238, #3323, #5357 ),
 ( #1199, #4443, #1139, #4879 ),
 ( #814, #726, #2502, #785 ),
 ( #405, #4501, #2000, #2800 ) ),
 .UNSPECIFIED., .F., .F., .T. ) 
 B_SPLINE_SURFACE_WITH_KNOTS ( ( 4, 4 ),
 ( 4, 4 ),
 ( 0.000000000000000000, 1.000000000000000000 ),
 ( 0.000000000000000000, 1.000000000000000000 ),
 .UNSPECIFIED. ) 
 GEOMETRIC_REPRESENTATION_ITEM ( )  RATIONAL_B_SPLINE_SURFACE ( (
 ( 1.000000000000000000, 0.9693429082191290513, 0.9693429082191290513, 1.000000000000000000),
 ( 1.000000000000000000, 0.9693429082191290513, 0.9693429082191290513, 1.000000000000000000),
 ( 1.000000000000000000, 0.9693429082191290513, 0.9693429082191290513, 1.000000000000000000),
 ( 1.000000000000000000, 0.9693429082191290513, 0.9693429082191290513, 1.000000000000000000) ) ) 
 REPRESENTATION_ITEM ( '' )  SURFACE ( )  );
#3492 = CARTESIAN_POINT ( 'NONE',  ( -42.60000000000001563, -2.788163479819642188, 3.469446951953614189E-15 ) ) ;
#3493 = ORIENTED_EDGE ( 'NONE', *, *, #1501, .T. ) ;
#3494 = DIRECTION ( 'NONE',  ( -1.000000000000000000, 0.000000000000000000, 0.000000000000000000 ) ) ;
#3495 = CARTESIAN_POINT ( 'NONE',  ( 39.00000000000002842, 1.461986054307481853, -21.40000000000003411 ) ) ;
#3496 = ADVANCED_FACE ( 'NONE', ( #1384 ), #1409, .F. ) ;
#3497 = DIRECTION ( 'NONE',  ( 0.000000000000000000, 0.000000000000000000, -1.000000000000000000 ) ) ;
#3498 = CARTESIAN_POINT ( 'NONE',  ( -39.99999999999998579, 6.996921015360539897, -10.00934297559388320 ) ) ;
#3499 = CARTESIAN_POINT ( 'NONE',  ( 0.000000000000000000, -40.00000000000001421, -21.00000000000000000 ) ) ;
#3500 = VERTEX_POINT ( 'NONE', #1003 ) ;
#3501 = CIRCLE ( 'NONE', #3933, 40.60000000000000142 ) ;
#3502 = DIRECTION ( 'NONE',  ( -1.000000000000000000, 0.000000000000000000, 0.000000000000000000 ) ) ;
#3503 = ADVANCED_FACE ( 'NONE', ( #4386 ), #1485, .F. ) ;
#3504 = ADVANCED_FACE ( 'NONE', ( #4719, #1459 ), #3047, .F. ) ;
#3505 = CARTESIAN_POINT ( 'NONE',  ( 6.996921015360466178, 40.00000000000000711, -10.00934297559387964 ) ) ;
#3506 = ORIENTED_EDGE ( 'NONE', *, *, #900, .T. ) ;
#3507 = DIRECTION ( 'NONE',  ( 1.000000000000000000, 0.000000000000000000, 0.000000000000000000 ) ) ;
#3508 = CARTESIAN_POINT ( 'NONE',  ( -39.00000000000000711, -3.639577629204134190, -3.889089812110975597 ) ) ;
#3509 = ORIENTED_EDGE ( 'NONE', *, *, #4729, .T. ) ;
#3510 = CARTESIAN_POINT ( 'NONE',  ( -28.93703198470258187, 28.47820534928947822, -10.49999999999999467 ) ) ;
#3511 = AXIS2_PLACEMENT_3D ( 'NONE', #566, #2325, #2717 ) ;
#3512 = ORIENTED_EDGE ( 'NONE', *, *, #4565, .T. ) ;
#3513 = CARTESIAN_POINT ( 'NONE',  ( 30.69115434757916461, 23.54560596668835259, -7.999999999999996447 ) ) ;
#3514 = VECTOR ( 'NONE', #1046, 1000.000000000000000 ) ;
#3515 = DIRECTION ( 'NONE',  ( -1.000000000000000000, 0.000000000000000000, 0.000000000000000000 ) ) ;
#3516 = DIRECTION ( 'NONE',  ( 0.000000000000000000, 0.000000000000000000, -1.000000000000000000 ) ) ;
#3517 = CARTESIAN_POINT ( 'NONE',  ( 33.49829972218225294, -19.34441602242177183, -2.416611598385095708E-12 ) ) ;
#3518 = VERTEX_POINT ( 'NONE', #3154 ) ;
#3519 = CARTESIAN_POINT ( 'NONE',  ( -18.87824139104306553, 38.29028411452932090, 3.469446951953614189E-15 ) ) ;
#3520 = CC_DESIGN_PERSON_AND_ORGANIZATION_ASSIGNMENT ( #5121, #2722, ( #692 ) ) ;
#3521 = CARTESIAN_POINT ( 'NONE',  ( -35.79999999999998295, 35.79999999999999716, -4.000000000000000000 ) ) ;
#3522 = DIRECTION ( 'NONE',  ( 1.000000000000000000, 0.000000000000000000, 0.000000000000000000 ) ) ;
#3523 = CARTESIAN_POINT ( 'NONE',  ( 0.000000000000000000, 0.000000000000000000, -20.99999999999999645 ) ) ;
#3524 = DIRECTION ( 'NONE',  ( 0.000000000000000000, 0.000000000000000000, -1.000000000000000000 ) ) ;
#3525 = CARTESIAN_POINT ( 'NONE',  ( -36.46956197297821234, 22.04433513985828341, 2.602085213965210642E-15 ) ) ;
#3526 = ORIENTED_EDGE ( 'NONE', *, *, #3243, .F. ) ;
#3527 = DIRECTION ( 'NONE',  ( 0.000000000000000000, 0.000000000000000000, 1.000000000000000000 ) ) ;
#3528 = CARTESIAN_POINT ( 'NONE',  ( 28.83994798689702677, 29.54705476808356934, -6.714188349114095899 ) ) ;
#3529 = DIRECTION ( 'NONE',  ( -1.000000000000000000, 0.000000000000000000, 0.000000000000000000 ) ) ;
#3530 = EDGE_CURVE ( 'NONE', #1441, #4093, #231, .T. ) ;
#3531 = LINE ( 'NONE', #5169, #2233 ) ;
#3532 = APPLICATION_PROTOCOL_DEFINITION ( 'international standard', 'config_control_design', 1994, #2052 ) ;
#3533 = VERTEX_POINT ( 'NONE', #4771 ) ;
#3534 = DIRECTION ( 'NONE',  ( 0.000000000000000000, 0.000000000000000000, 1.000000000000000000 ) ) ;
#3535 = VERTEX_POINT ( 'NONE', #4307 ) ;
#3536 = EDGE_CURVE ( 'NONE', #2725, #1013, #910, .T. ) ;
#3537 = CARTESIAN_POINT ( 'NONE',  ( 36.62854763707902350, 12.43752441299113620, -7.999999999999996447 ) ) ;
#3538 = CARTESIAN_POINT ( 'NONE',  ( 38.99999999999995737, -13.46778251378125013, -0.4506523796280206273 ) ) ;
#3539 = CARTESIAN_POINT ( 'NONE',  ( 36.67120930406074564, 21.67913016185196540, 3.035766082959412415E-15 ) ) ;
#3540 = CARTESIAN_POINT ( 'NONE',  ( -38.60000000000000853, -2.526364092043150489, 6.938893903907228378E-15 ) ) ;
#3541 = ORIENTED_EDGE ( 'NONE', *, *, #4430, .F. ) ;
#3542 = CARTESIAN_POINT ( 'NONE',  ( -40.42425205542267008, -13.72638704646256613, 3.469446951953614189E-15 ) ) ;
#3543 = CARTESIAN_POINT ( 'NONE',  ( 40.00000000000002132, -35.80000000000000426, -25.00000000000000000 ) ) ;
#3544 = CIRCLE ( 'NONE', #4675, 42.60000000000000142 ) ;
#3545 = DIRECTION ( 'NONE',  ( -0.000000000000000000, 0.000000000000000000, 1.000000000000000000 ) ) ;
#3546 = CIRCLE ( 'NONE', #5178, 42.60000000000000142 ) ;
#3547 = CARTESIAN_POINT ( 'NONE',  ( -33.00000000000082423, -32.29289321881267227, -22.00000000000000000 ) ) ;
#3548 = CARTESIAN_POINT ( 'NONE',  ( -39.99999999999998579, 8.733420342281254634, -7.734626784764269125 ) ) ;
#3549 = EDGE_CURVE ( 'NONE', #2596, #131, #1029, .T. ) ;
#3550 = LINE ( 'NONE', #1407, #1636 ) ;
#3551 = VERTEX_POINT ( 'NONE', #5088 ) ;
#3552 = DIRECTION ( 'NONE',  ( 0.000000000000000000, 0.000000000000000000, -1.000000000000000000 ) ) ;
#3553 = CARTESIAN_POINT ( 'NONE',  ( -28.35280479013118438, -29.05991157131614600, 0.000000000000000000 ) ) ;
#3554 = DIRECTION ( 'NONE',  ( -0.7071067811865486830, -0.7071067811865464625, 0.000000000000000000 ) ) ;
#3555 = DIRECTION ( 'NONE',  ( 0.000000000000000000, 0.000000000000000000, -1.000000000000000000 ) ) ;
#3556 = CARTESIAN_POINT ( 'NONE',  ( -38.99999999999999289, -11.30299450556096374, -1.024641364259397891 ) ) ;
#3557 = ORIENTED_EDGE ( 'NONE', *, *, #887, .T. ) ;
#3558 = LINE ( 'NONE', #2750, #891 ) ;
#3559 = EDGE_CURVE ( 'NONE', #2802, #2232, #5145, .T. ) ;
#3560 = ORIENTED_EDGE ( 'NONE', *, *, #2995, .F. ) ;
#3561 = DIRECTION ( 'NONE',  ( -0.7071067811865464625, 0.7071067811865486830, 0.000000000000000000 ) ) ;
#3562 = LINE ( 'NONE', #3615, #2706 ) ;
#3563 = EDGE_CURVE ( 'NONE', #3662, #2203, #665, .T. ) ;
#3564 = VECTOR ( 'NONE', #2536, 1000.000000000000000 ) ;
#3565 = CARTESIAN_POINT ( 'NONE',  ( -36.10795428950730468, -22.63166613525507032, 2.602085213965211430E-15 ) ) ;
#3566 = CARTESIAN_POINT ( 'NONE',  ( 38.60000000000000853, 4.727136644708785238E-15, 6.938893903907228378E-15 ) ) ;
#3567 = VERTEX_POINT ( 'NONE', #590 ) ;
#3568 = VECTOR ( 'NONE', #4738, 1000.000000000000000 ) ;
#3569 = DIRECTION ( 'NONE',  ( 1.000000000000000000, 0.000000000000000000, 0.000000000000000000 ) ) ;
#3570 = CARTESIAN_POINT ( 'NONE',  ( 9.994881995258234397, -9.803179785194307883, 0.000000000000000000 ) ) ;
#3571 = DIRECTION ( 'NONE',  ( -0.7071067811865470176, 0.7071067811865481278, 0.000000000000000000 ) ) ;
#3572 = CARTESIAN_POINT ( 'NONE',  ( -35.80000000000001847, 40.00000000000000711, -21.00000000000000000 ) ) ;
#3573 = DIRECTION ( 'NONE',  ( -0.000000000000000000, 0.000000000000000000, 1.000000000000000000 ) ) ;
#3574 = CARTESIAN_POINT ( 'NONE',  ( -38.05000000000001847, -35.80000000000000426, -21.00000000000000000 ) ) ;
#3575 = EDGE_LOOP ( 'NONE', ( #3909, #3731 ) ) ;
#3576 = CARTESIAN_POINT ( 'NONE',  ( 40.00000000000001421, -9.561725700162277519, -19.44663881165078934 ) ) ;
#3577 = DIRECTION ( 'NONE',  ( -1.000000000000000000, 0.000000000000000000, 0.000000000000000000 ) ) ;
#3578 = DIRECTION ( 'NONE',  ( 0.7071067811865474617, -0.7071067811865474617, 0.000000000000000000 ) ) ;
#3579 = CIRCLE ( 'NONE', #4537, 0.3999999999999975797 ) ;
#3580 = CARTESIAN_POINT ( 'NONE',  ( 40.00000000000001421, 15.14449152578669100, -4.346382426592495740 ) ) ;
#3581 = DATE_AND_TIME ( #3268, #4696 ) ;
#3582 = ORIENTED_EDGE ( 'NONE', *, *, #546, .T. ) ;
#3583 = CYLINDRICAL_SURFACE ( 'NONE', #1576, 3.000000000000000000 ) ;
#3584 = VERTEX_POINT ( 'NONE', #2247 ) ;
#3585 = CIRCLE ( 'NONE', #378, 2.250000000000001776 ) ;
#3586 = CARTESIAN_POINT ( 'NONE',  ( 9.994881995258234397, -9.803179785194307883, -2.000000000000000000 ) ) ;
#3587 = ORIENTED_EDGE ( 'NONE', *, *, #3253, .F. ) ;
#3588 = CARTESIAN_POINT ( 'NONE',  ( 0.000000000000000000, 0.000000000000000000, 0.000000000000000000 ) ) ;
#3589 = FACE_OUTER_BOUND ( 'NONE', #3984, .T. ) ;
#3590 = CARTESIAN_POINT ( 'NONE',  ( 37.36544263932045595, -10.00830714422558465, -7.999999999999996447 ) ) ;
#3591 = VERTEX_POINT ( 'NONE', #1081 ) ;
#3592 = AXIS2_PLACEMENT_3D ( 'NONE', #5040, #1281, #2943 ) ;
#3593 = CARTESIAN_POINT ( 'NONE',  ( 5.052665715420618042, -38.35118100781438244, -4.833223196770197070E-12 ) ) ;
#3594 = FACE_OUTER_BOUND ( 'NONE', #3325, .T. ) ;
#3595 = CARTESIAN_POINT ( 'NONE',  ( -38.05000000000001847, -35.80000000000000426, -21.00000000000000000 ) ) ;
#3596 = CARTESIAN_POINT ( 'NONE',  ( -39.99999999999998579, -12.12253102154278750, -20.12891923398263927 ) ) ;
#3597 = LINE ( 'NONE', #3199, #5076 ) ;
#3598 = ADVANCED_FACE ( 'NONE', ( #2743 ), #3129, .F. ) ;
#3599 = DIRECTION ( 'NONE',  ( -1.000000000000000000, 0.000000000000000000, 0.000000000000000000 ) ) ;
#3600 = ADVANCED_FACE ( 'NONE', ( #2691 ), #1054, .T. ) ;
#3601 = ORIENTED_EDGE ( 'NONE', *, *, #1896, .F. ) ;
#3602 = CARTESIAN_POINT ( 'NONE',  ( 40.00000000000001421, -6.954135460285430170, -19.00000000000000355 ) ) ;
#3603 = CARTESIAN_POINT ( 'NONE',  ( 17.14002334301601493, -38.99999993959343669, 3.035766082959412415E-15 ) ) ;
#3604 = VERTEX_POINT ( 'NONE', #2633 ) ;
#3605 = CARTESIAN_POINT ( 'NONE',  ( -36.62854763716632789, -12.43752441278033949, -7.999999999999996447 ) ) ;
#3606 = EDGE_CURVE ( 'NONE', #2485, #4084, #4550, .T. ) ;
#3607 = CARTESIAN_POINT ( 'NONE',  ( 38.05000000000001137, -35.80000000000000426, -21.00000000000000000 ) ) ;
#3608 = VERTEX_POINT ( 'NONE', #4282 ) ;
#3609 = LINE ( 'NONE', #2803, #1851 ) ;
#3610 = AXIS2_PLACEMENT_3D ( 'NONE', #1832, #3573, #2348 ) ;
#3611 = FACE_OUTER_BOUND ( 'NONE', #588, .T. ) ;
#3612 = VERTEX_POINT ( 'NONE', #643 ) ;
#3613 = EDGE_CURVE ( 'NONE', #3745, #2608, #1807, .T. ) ;
#3614 = DIRECTION ( 'NONE',  ( 0.000000000000000000, 0.000000000000000000, -1.000000000000000000 ) ) ;
#3615 = CARTESIAN_POINT ( 'NONE',  ( 38.99999999999998579, 39.00000000000000711, 0.000000000000000000 ) ) ;
#3616 = LINE ( 'NONE', #4375, #2770 ) ;
#3617 = CARTESIAN_POINT ( 'NONE',  ( 30.69115434757916461, 23.54560596668835259, -7.999999999999996447 ) ) ;
#3618 = ORIENTED_EDGE ( 'NONE', *, *, #106, .F. ) ;
#3619 = CARTESIAN_POINT ( 'NONE',  ( 32.09427818217716322, 28.15121957492154081, 3.469446951953614189E-15 ) ) ;
#3620 = CARTESIAN_POINT ( 'NONE',  ( -38.04999999999999005, -35.79999999999999005, -4.000000000000000000 ) ) ;
#3621 = DIRECTION ( 'NONE',  ( -0.000000000000000000, -0.000000000000000000, 1.000000000000000000 ) ) ;
#3622 = CARTESIAN_POINT ( 'NONE',  ( 38.99999999999998579, -39.00000000000000000, -55.15432893255070468 ) ) ;
#3623 = AXIS2_PLACEMENT_3D ( 'NONE', #5146, #2331, #3507 ) ;
#3624 = DIRECTION ( 'NONE',  ( 0.000000000000000000, 0.000000000000000000, -1.000000000000000000 ) ) ;
#3625 = DIRECTION ( 'NONE',  ( 1.000000000000000000, 0.000000000000000000, 0.000000000000000000 ) ) ;
#3626 = ORIENTED_EDGE ( 'NONE', *, *, #5150, .T. ) ;
#3627 = AXIS2_PLACEMENT_3D ( 'NONE', #4792, #1075, #4434 ) ;
#3628 = CARTESIAN_POINT ( 'NONE',  ( 29.62048264254752894, 28.91337586136095439, -6.435463849812581572 ) ) ;
#3629 = VECTOR ( 'NONE', #1129, 1000.000000000000000 ) ;
#3630 = EDGE_CURVE ( 'NONE', #1815, #4449, #1780, .T. ) ;
#3631 = EDGE_CURVE ( 'NONE', #2085, #1236, #59, .T. ) ;
#3632 = CARTESIAN_POINT ( 'NONE',  ( -35.79999999999998295, 35.79999999999999716, 0.000000000000000000 ) ) ;
#3633 = EDGE_LOOP ( 'NONE', ( #4076, #4048 ) ) ;
#3634 = CARTESIAN_POINT ( 'NONE',  ( 32.43431457504996729, -32.29289321881349650, -4.000000000000000000 ) ) ;
#3635 = CIRCLE ( 'NONE', #1806, 40.60000000000000142 ) ;
#3636 = DIRECTION ( 'NONE',  ( 1.000000000000000000, 0.000000000000000000, 0.000000000000000000 ) ) ;
#3637 = EDGE_LOOP ( 'NONE', ( #1733, #3037, #2824, #4780 ) ) ;
#3638 = DIRECTION ( 'NONE',  ( 1.000000000000000000, 0.000000000000000000, 0.000000000000000000 ) ) ;
#3639 = CYLINDRICAL_SURFACE ( 'NONE', #94, 2.250000000000001776 ) ;
#3640 = EDGE_CURVE ( 'NONE', #5322, #221, #1367, .T. ) ;
#3641 = ORIENTED_EDGE ( 'NONE', *, *, #533, .T. ) ;
#3642 = AXIS2_PLACEMENT_3D ( 'NONE', #3122, #3468, #3414 ) ;
#3643 = CARTESIAN_POINT ( 'NONE',  ( -9.803179785194988227, -9.994881995256244878, -2.000000000000000000 ) ) ;
#3644 = CARTESIAN_POINT ( 'NONE',  ( 36.19812535941237286, 16.91247075436200120, -2.000000000000000000 ) ) ;
#3645 = EDGE_LOOP ( 'NONE', ( #1425, #3027 ) ) ;
#3646 = CARTESIAN_POINT ( 'NONE',  ( 38.99999999999995737, -12.03195819116941578, -0.8310263998334366242 ) ) ;
#3647 = DIRECTION ( 'NONE',  ( 1.000000000000000000, 0.000000000000000000, 0.000000000000000000 ) ) ;
#3648 = CARTESIAN_POINT ( 'NONE',  ( -23.54560596669277928, -30.69115434757620875, -7.999999999999996447 ) ) ;
#3649 = ORIENTED_EDGE ( 'NONE', *, *, #2475, .T. ) ;
#3650 = CARTESIAN_POINT ( 'NONE',  ( 38.29028411452929248, 18.87824139104313659, 3.469446951953614189E-15 ) ) ;
#3651 = VECTOR ( 'NONE', #1015, 1000.000000000000000 ) ;
#3652 = CYLINDRICAL_SURFACE ( 'NONE', #1824, 14.00000000000000000 ) ;
#3653 = CARTESIAN_POINT ( 'NONE',  ( -0.000000000000000000, 40.00000000000000711, -4.000000000000000000 ) ) ;
#3654 = CARTESIAN_POINT ( 'NONE',  ( -9.561725700162341468, -40.00000000000000000, -19.44663881165079289 ) ) ;
#3655 = DIRECTION ( 'NONE',  ( 1.000000000000000000, 0.000000000000000000, 0.000000000000000000 ) ) ;
#3656 = DIRECTION ( 'NONE',  ( 0.000000000000000000, 0.000000000000000000, -1.000000000000000000 ) ) ;
#3657 = ORIENTED_EDGE ( 'NONE', *, *, #4422, .F. ) ;
#3658 = FACE_OUTER_BOUND ( 'NONE', #4973, .T. ) ;
#3659 = EDGE_CURVE ( 'NONE', #4893, #3533, #294, .T. ) ;
#3660 = VECTOR ( 'NONE', #3002, 1000.000000000000000 ) ;
#3661 = DIRECTION ( 'NONE',  ( 0.000000000000000000, 0.000000000000000000, -1.000000000000000000 ) ) ;
#3662 = VERTEX_POINT ( 'NONE', #691 ) ;
#3663 = CARTESIAN_POINT ( 'NONE',  ( 36.62854763716632789, -12.43752441278036436, -7.999999999999996447 ) ) ;
#3664 = CARTESIAN_POINT ( 'NONE',  ( -32.01005050633883542, 32.71715728752618446, -4.000000000000000000 ) ) ;
#3665 =( BOUNDED_CURVE ( )  B_SPLINE_CURVE ( 2, ( #1217, #2460, #4548 ),
 .UNSPECIFIED., .F., .F. ) 
 B_SPLINE_CURVE_WITH_KNOTS ( ( 3, 3 ),
 ( 0.7037125019322568731, 1.000000000000000000 ),
 .UNSPECIFIED. ) 
 CURVE ( )  GEOMETRIC_REPRESENTATION_ITEM ( )  RATIONAL_B_SPLINE_CURVE ( ( 0.8778628151124916457, 0.9132194009967540271, 1.000000000000000000 ) ) 
 REPRESENTATION_ITEM ( '' )  );
#3666 = APPROVAL_ROLE ( '' ) ;
#3667 = ORIENTED_EDGE ( 'NONE', *, *, #5210, .T. ) ;
#3668 = EDGE_CURVE ( 'NONE', #221, #1889, #2466, .T. ) ;
#3669 = EDGE_CURVE ( 'NONE', #1147, #4904, #3348, .T. ) ;
#3670 = DIRECTION ( 'NONE',  ( 0.7139201425183882010, -0.7002271275140118378, 0.000000000000000000 ) ) ;
#3671 = CARTESIAN_POINT ( 'NONE',  ( -17.13942822850282965, -39.00000000000001421, -25.00000000000000000 ) ) ;
#3672 = ORIENTED_EDGE ( 'NONE', *, *, #3549, .T. ) ;
#3673 = CARTESIAN_POINT ( 'NONE',  ( -38.99999999999999289, -1.886103783506458564E-13, -4.512880845167525301 ) ) ;
#3674 = CYLINDRICAL_SURFACE ( 'NONE', #2094, 2.250000000000001776 ) ;
#3675 = AXIS2_PLACEMENT_3D ( 'NONE', #5036, #2660, #4304 ) ;
#3676 = FACE_OUTER_BOUND ( 'NONE', #3288, .T. ) ;
#3677 = CARTESIAN_POINT ( 'NONE',  ( 34.74887402186159591, 19.71920331487885747, -1.999999999999998224 ) ) ;
#3678 = AXIS2_PLACEMENT_3D ( 'NONE', #3789, #62, #4682 ) ;
#3679 = CARTESIAN_POINT ( 'NONE',  ( 33.49829972217730756, 19.34441602242500835, -7.999999999999996447 ) ) ;
#3680 = ORIENTED_EDGE ( 'NONE', *, *, #3244, .F. ) ;
#3681 = CARTESIAN_POINT ( 'NONE',  ( -10.00830714422335710, 37.36544263931503451, 4.840162090674105107E-12 ) ) ;
#3682 = ADVANCED_FACE ( 'NONE', ( #3658 ), #1512, .F. ) ;
#3683 = DIRECTION ( 'NONE',  ( -1.000000000000000000, 0.000000000000000000, 0.000000000000000000 ) ) ;
#3684 = LINE ( 'NONE', #3284, #4929 ) ;
#3685 = FACE_OUTER_BOUND ( 'NONE', #4677, .T. ) ;
#3686 = AXIS2_PLACEMENT_3D ( 'NONE', #1753, #1356, #535 ) ;
#3687 = CARTESIAN_POINT ( 'NONE',  ( -17.13942822850282965, 39.00000000000001421, -25.00000000000000000 ) ) ;
#3688 = APPROVAL ( #649, 'UNSPECIFIED' ) ;
#3689 = EDGE_CURVE ( 'NONE', #3901, #1760, #1913, .T. ) ;
#3690 = CARTESIAN_POINT ( 'NONE',  ( -5.106985117663508156, 16.21476805285735523, -2.000000000000000000 ) ) ;
#3691 = VERTEX_POINT ( 'NONE', #4467 ) ;
#3692 = AXIS2_PLACEMENT_3D ( 'NONE', #938, #4120, #3719 ) ;
#3693 = CARTESIAN_POINT ( 'NONE',  ( -32.29289321881345387, 33.00000000000081002, -22.00000000000000000 ) ) ;
#3694 = CARTESIAN_POINT ( 'NONE',  ( -11.32047363535177631, -39.00000000000001421, -1.052885776260176653 ) ) ;
#3695 = VERTEX_POINT ( 'NONE', #285 ) ;
#3696 = CARTESIAN_POINT ( 'NONE',  ( -30.53183717540513697, -29.82473039421698502, -4.429810679641848381 ) ) ;
#3697 = DIRECTION ( 'NONE',  ( -1.000000000000000000, 0.000000000000000000, 0.000000000000000000 ) ) ;
#3698 = ORIENTED_EDGE ( 'NONE', *, *, #2853, .T. ) ;
#3699 = CARTESIAN_POINT ( 'NONE',  ( 33.49829972230850217, 19.34441602222866763, -7.999999999999996447 ) ) ;
#3700 = CARTESIAN_POINT ( 'NONE',  ( 8.015752016843292083, -40.00000000000000711, -8.376255239369037042 ) ) ;
#3701 = EDGE_LOOP ( 'NONE', ( #5248, #2226 ) ) ;
#3702 = CARTESIAN_POINT ( 'NONE',  ( 29.76712057264999345, 30.47422735383651826, -21.00000000000000355 ) ) ;
#3703 = ORIENTED_EDGE ( 'NONE', *, *, #1410, .T. ) ;
#3704 = DIRECTION ( 'NONE',  ( -1.000000000000000000, -1.224646799147351482E-16, 0.000000000000000000 ) ) ;
#3705 = ORIENTED_EDGE ( 'NONE', *, *, #3808, .T. ) ;
#3706 = CARTESIAN_POINT ( 'NONE',  ( 40.00000000000002132, -16.05023364315919920, -4.000000000000000000 ) ) ;
#3707 = FACE_OUTER_BOUND ( 'NONE', #2008, .T. ) ;
#3708 = EDGE_CURVE ( 'NONE', #258, #625, #3233, .T. ) ;
#3709 = VERTEX_POINT ( 'NONE', #2882 ) ;
#3710 = CARTESIAN_POINT ( 'NONE',  ( -38.60000000000000853, -2.526364092043150489, 6.938893903907228378E-15 ) ) ;
#3711 = CARTESIAN_POINT ( 'NONE',  ( -7.682772394080354061, -40.00000000000000000, -8.737810347550020396 ) ) ;
#3712 = CARTESIAN_POINT ( 'NONE',  ( -20.35610708099726196, 35.37356194995449243, -0.8269122818531279284 ) ) ;
#3713 = CARTESIAN_POINT ( 'NONE',  ( 32.09427818217716322, 28.15121957492154081, 3.469446951953614189E-15 ) ) ;
#3714 = EDGE_CURVE ( 'NONE', #2249, #2354, #1875, .T. ) ;
#3715 = CARTESIAN_POINT ( 'NONE',  ( -17.14002334302268693, 38.99999993959344380, 3.035766082959412415E-15 ) ) ;
#3716 = CARTESIAN_POINT ( 'NONE',  ( -32.57573593128889655, -32.71715728752460706, -22.00000000000000000 ) ) ;
#3717 = B_SPLINE_CURVE_WITH_KNOTS ( 'NONE', 3,
 ( #1444, #2204, #3086, #5203, #4806, #4731, #3113, #575, #3865, #2227, #1091, #1788 ),
 .UNSPECIFIED., .F., .F.,
 ( 4, 2, 2, 2, 2, 4 ),
 ( 0.000000000000000000, 0.001790017109510009218, 0.003580034219020018435, 0.004475042773775020875, 0.005370051328530027653, 0.007160068438040042942 ),
 .UNSPECIFIED. ) ;
#3718 = ORIENTED_EDGE ( 'NONE', *, *, #1341, .T. ) ;
#3719 = DIRECTION ( 'NONE',  ( 1.000000000000000000, 0.000000000000000000, 0.000000000000000000 ) ) ;
#3720 = CARTESIAN_POINT ( 'NONE',  ( 39.00000000000002132, 4.776206671155229375E-15, -21.40000000000003411 ) ) ;
#3721 = ORIENTED_EDGE ( 'NONE', *, *, #4223, .T. ) ;
#3722 = DIRECTION ( 'NONE',  ( 1.000000000000000000, 0.000000000000000000, 0.000000000000000000 ) ) ;
#3723 = CARTESIAN_POINT ( 'NONE',  ( -9.803179785195428764, -9.994881995256987395, -2.000000000000000000 ) ) ;
#3724 = VECTOR ( 'NONE', #2009, 1000.000000000000000 ) ;
#3725 = ORIENTED_EDGE ( 'NONE', *, *, #3772, .T. ) ;
#3726 = CONICAL_SURFACE ( 'NONE', #3976, 42.60000000000000142, 0.7853981633974466137 ) ;
#3727 = LINE ( 'NONE', #5359, #558 ) ;
#3728 = CARTESIAN_POINT ( 'NONE',  ( -23.89875998339952545, -36.95148162273979864, -3.999999999999995115 ) ) ;
#3729 = CIRCLE ( 'NONE', #3033, 42.60000000000000142 ) ;
#3730 = AXIS2_PLACEMENT_3D ( 'NONE', #5216, #3983, #2741 ) ;
#3731 = ORIENTED_EDGE ( 'NONE', *, *, #2467, .T. ) ;
#3732 = CARTESIAN_POINT ( 'NONE',  ( 0.000000000000000000, 0.000000000000000000, -21.00000000000000355 ) ) ;
#3733 = CARTESIAN_POINT ( 'NONE',  ( 0.000000000000000000, 0.000000000000000000, -2.000000000000000000 ) ) ;
#3734 = ORIENTED_EDGE ( 'NONE', *, *, #2827, .F. ) ;
#3735 = CARTESIAN_POINT ( 'NONE',  ( -39.99999999999998579, 35.79999999999999716, 0.000000000000000000 ) ) ;
#3736 = ADVANCED_FACE ( 'NONE', ( #339, #5242 ), #1194, .F. ) ;
#3737 = ORIENTED_EDGE ( 'NONE', *, *, #5210, .F. ) ;
#3738 = ORIENTED_EDGE ( 'NONE', *, *, #5108, .T. ) ;
#3739 = CARTESIAN_POINT ( 'NONE',  ( 19.34441602242501190, -33.49829972217730756, -7.999999999999996447 ) ) ;
#3740 = ADVANCED_FACE ( 'NONE', ( #2024 ), #2055, .F. ) ;
#3741 = DIRECTION ( 'NONE',  ( -0.000000000000000000, 0.000000000000000000, 1.000000000000000000 ) ) ;
#3742 = CARTESIAN_POINT ( 'NONE',  ( 0.000000000000000000, 0.000000000000000000, -20.99999999999999645 ) ) ;
#3743 = CARTESIAN_POINT ( 'NONE',  ( -32.09427818217715611, -28.15121957491670912, 3.469446951953614189E-15 ) ) ;
#3744 = DIRECTION ( 'NONE',  ( 1.000000000000000000, 0.000000000000000000, 0.000000000000000000 ) ) ;
#3745 = VERTEX_POINT ( 'NONE', #3769 ) ;
#3746 = DIRECTION ( 'NONE',  ( -0.000000000000000000, -0.000000000000000000, 1.000000000000000000 ) ) ;
#3747 = VECTOR ( 'NONE', #2753, 1000.000000000000000 ) ;
#3748 = CARTESIAN_POINT ( 'NONE',  ( 39.00000000000001421, -5.867951818575189549, -21.83241408349477197 ) ) ;
#3749 = VERTEX_POINT ( 'NONE', #89 ) ;
#3750 = CARTESIAN_POINT ( 'NONE',  ( 10.00830714445218916, -37.36544263927537202, -7.999999999999998224 ) ) ;
#3751 = CARTESIAN_POINT ( 'NONE',  ( -38.99999999999999289, 1.845835825854741818, -4.343299348503552260 ) ) ;
#3752 = CIRCLE ( 'NONE', #1404, 4.200000000000009059 ) ;
#3753 = ORIENTED_EDGE ( 'NONE', *, *, #4765, .F. ) ;
#3754 = DIRECTION ( 'NONE',  ( -1.000000000000000000, 0.000000000000000000, 0.000000000000000000 ) ) ;
#3755 = EDGE_LOOP ( 'NONE', ( #488, #18, #433, #1718, #812, #3349 ) ) ;
#3756 = CARTESIAN_POINT ( 'NONE',  ( 40.02484362653889605, -6.809691084851722920, -10.49999999999999467 ) ) ;
#3757 = CARTESIAN_POINT ( 'NONE',  ( -39.00000000000002132, 17.13942822850279057, -25.00000000000000000 ) ) ;
#3758 = VERTEX_POINT ( 'NONE', #2965 ) ;
#3759 = DIRECTION ( 'NONE',  ( 0.000000000000000000, 0.000000000000000000, 1.000000000000000000 ) ) ;
#3760 = ORIENTED_EDGE ( 'NONE', *, *, #5079, .F. ) ;
#3761 = CARTESIAN_POINT ( 'NONE',  ( -25.50791257257810329, -29.08073093502338935, -7.999999999999996447 ) ) ;
#3762 = VECTOR ( 'NONE', #3578, 1000.000000000000114 ) ;
#3763 = CARTESIAN_POINT ( 'NONE',  ( -7.152807520516507367, -40.00000000000003553, -9.549639703870552054 ) ) ;
#3764 = CARTESIAN_POINT ( 'NONE',  ( -21.26052951884867781, 36.26063753166023673, -0.07553744579416594995 ) ) ;
#3765 = CARTESIAN_POINT ( 'NONE',  ( 5.576258017534392764, -42.32539665628528525, 3.469446951953614189E-15 ) ) ;
#3766 = DIRECTION ( 'NONE',  ( -0.000000000000000000, -0.000000000000000000, 1.000000000000000000 ) ) ;
#3767 = CIRCLE ( 'NONE', #3850, 2.250000000000001776 ) ;
#3768 = ORIENTED_EDGE ( 'NONE', *, *, #4529, .F. ) ;
#3769 = CARTESIAN_POINT ( 'NONE',  ( -39.99999999999998579, -35.79999999999999005, -4.000000000000000000 ) ) ;
#3770 = CARTESIAN_POINT ( 'NONE',  ( 5.058090852960507533, 39.00000000000001421, -3.410484943293675464 ) ) ;
#3771 = ORIENTED_EDGE ( 'NONE', *, *, #491, .F. ) ;
#3772 = EDGE_CURVE ( 'NONE', #2565, #3612, #919, .T. ) ;
#3773 = DIRECTION ( 'NONE',  ( -0.000000000000000000, -0.000000000000000000, 1.000000000000000000 ) ) ;
#3774 = EDGE_CURVE ( 'NONE', #2203, #4227, #2050, .T. ) ;
#3775 = FACE_OUTER_BOUND ( 'NONE', #1572, .T. ) ;
#3776 = VECTOR ( 'NONE', #4739, 1000.000000000000000 ) ;
#3777 = VERTEX_POINT ( 'NONE', #426 ) ;
#3778 = DIRECTION ( 'NONE',  ( 0.000000000000000000, -0.000000000000000000, 1.000000000000000000 ) ) ;
#3779 = CARTESIAN_POINT ( 'NONE',  ( 39.00000000000000000, 15.65337566572092776, -0.06688692990983025055 ) ) ;
#3780 = CARTESIAN_POINT ( 'NONE',  ( -35.44105119636488155, -22.92187319438894022, -5.809228155108671743 ) ) ;
#3781 = EDGE_LOOP ( 'NONE', ( #4133, #2956 ) ) ;
#3782 = CARTESIAN_POINT ( 'NONE',  ( 40.00000000000001421, -8.733420342281142723, -7.734626784764290441 ) ) ;
#3783 = EDGE_CURVE ( 'NONE', #2938, #2742, #2333, .T. ) ;
#3784 = ORIENTED_EDGE ( 'NONE', *, *, #775, .F. ) ;
#3785 = CARTESIAN_POINT ( 'NONE',  ( 33.49829972217253982, 19.34441602241698632, -2.416611598385096516E-12 ) ) ;
#3786 = LINE ( 'NONE', #495, #12 ) ;
#3787 = CARTESIAN_POINT ( 'NONE',  ( -21.57198015966543991, 36.56611452835169018, -3.468981083832623061E-14 ) ) ;
#3788 = CARTESIAN_POINT ( 'NONE',  ( 42.60000000000001563, -2.788163479804876665, 3.469446951953614189E-15 ) ) ;
#3789 = CARTESIAN_POINT ( 'NONE',  ( 35.80000000000001137, -35.80000000000000426, -25.00000000000000000 ) ) ;
#3790 = VERTEX_POINT ( 'NONE', #4145 ) ;
#3791 = CARTESIAN_POINT ( 'NONE',  ( -9.803179785194988227, -9.994881995256244878, -2.000000000000000000 ) ) ;
#3792 = CARTESIAN_POINT ( 'NONE',  ( -14.18848852676737948, 39.00000000000000711, -0.2925858337570109158 ) ) ;
#3793 = B_SPLINE_CURVE_WITH_KNOTS ( 'NONE', 3,
 ( #5160, #2214, #3848, #144, #3874, #5107, #225, #1350, #3495, #1451 ),
 .UNSPECIFIED., .F., .F.,
 ( 4, 2, 2, 2, 4 ),
 ( 0.04104753412443276628, 0.04983529355368732094, 0.05203223341100095267, 0.05422917326831459828, 0.05862305298294187561 ),
 .UNSPECIFIED. ) ;
#3794 = CARTESIAN_POINT ( 'NONE',  ( 22.51252100524310862, -34.80812422002917117, -10.49999999999999645 ) ) ;
#3795 = CARTESIAN_POINT ( 'NONE',  ( 0.000000000000000000, 0.000000000000000000, -21.00000000000000000 ) ) ;
#3796 = ORIENTED_EDGE ( 'NONE', *, *, #1253, .T. ) ;
#3797 = EDGE_CURVE ( 'NONE', #3393, #4001, #41, .T. ) ;
#3798 = DIRECTION ( 'NONE',  ( -0.000000000000000000, -0.000000000000000000, 1.000000000000000000 ) ) ;
#3799 = EDGE_CURVE ( 'NONE', #3393, #1236, #1719, .T. ) ;
#3800 = DIRECTION ( 'NONE',  ( 1.000000000000000000, 0.000000000000000000, 0.000000000000000000 ) ) ;
#3801 = AXIS2_PLACEMENT_3D ( 'NONE', #1700, #5010, #1305 ) ;
#3802 = CARTESIAN_POINT ( 'NONE',  ( 18.49330874004907344, -37.74864281347615247, -0.07518861967590120821 ) ) ;
#3803 = ORIENTED_EDGE ( 'NONE', *, *, #5219, .T. ) ;
#3804 = CARTESIAN_POINT ( 'NONE',  ( -39.00000000000002132, 2.921634448185418176, -21.48245702633811050 ) ) ;
#3805 = EDGE_LOOP ( 'NONE', ( #310, #3734, #2910, #908 ) ) ;
#3806 = AXIS2_PLACEMENT_3D ( 'NONE', #5296, #1513, #4903 ) ;
#3807 = CARTESIAN_POINT ( 'NONE',  ( -17.14610111078475541, 36.42727467687324605, -1.496574107933146935 ) ) ;
#3808 = EDGE_CURVE ( 'NONE', #482, #4974, #3945, .T. ) ;
#3809 = CIRCLE ( 'NONE', #2767, 2.250000000000001776 ) ;
#3810 = ORIENTED_EDGE ( 'NONE', *, *, #1195, .T. ) ;
#3811 = CARTESIAN_POINT ( 'NONE',  ( 33.49829972217809626, -19.34441602242382885, -7.999999999999996447 ) ) ;
#3812 = CARTESIAN_POINT ( 'NONE',  ( 38.60000000000000853, 4.727136644708784450E-15, -21.00000000000002487 ) ) ;
#3813 = CARTESIAN_POINT ( 'NONE',  ( 31.42703358313258377, 28.78110756672012371, 2.602085213965211036E-15 ) ) ;
#3814 = CARTESIAN_POINT ( 'NONE',  ( -42.32539665628529235, -5.576258017536778411, 3.469446951953614189E-15 ) ) ;
#3815 = DIRECTION ( 'NONE',  ( 1.000000000000000000, 0.000000000000000000, 0.000000000000000000 ) ) ;
#3816 = AXIS2_PLACEMENT_3D ( 'NONE', #585, #5161, #2627 ) ;
#3817 = ORIENTED_EDGE ( 'NONE', *, *, #3403, .T. ) ;
#3818 = CARTESIAN_POINT ( 'NONE',  ( 30.23178942252117807, 30.71886892957383708, -3.999999999999994671 ) ) ;
#3819 = CARTESIAN_POINT ( 'NONE',  ( 7.687115712076168172, -40.00000000000000711, -8.732580530968848009 ) ) ;
#3820 = CARTESIAN_POINT ( 'NONE',  ( -17.14000392953357732, -38.99999994343081511, 3.035766082959412415E-15 ) ) ;
#3821 = CARTESIAN_POINT ( 'NONE',  ( 22.92187319438924575, -35.44105119636474654, -5.809228155108670855 ) ) ;
#3822 = DIRECTION ( 'NONE',  ( 1.000000000000000000, 0.000000000000000000, 0.000000000000000000 ) ) ;
#3823 = ADVANCED_FACE ( 'NONE', ( #4555 ), #16, .F. ) ;
#3824 = ORIENTED_EDGE ( 'NONE', *, *, #3447, .F. ) ;
#3825 = CARTESIAN_POINT ( 'NONE',  ( -6.954135460285507442, -40.00000000000000000, 0.000000000000000000 ) ) ;
#3826 = AXIS2_PLACEMENT_3D ( 'NONE', #2625, #1375, #4685 ) ;
#3827 = CARTESIAN_POINT ( 'NONE',  ( 30.53170665601170342, -29.82459987482598152, -4.430000222756689254 ) ) ;
#3828 = VERTEX_POINT ( 'NONE', #2936 ) ;
#3829 = AXIS2_PLACEMENT_3D ( 'NONE', #1128, #4813, #4087 ) ;
#3830 = ADVANCED_FACE ( 'NONE', ( #1300 ), #4610, .T. ) ;
#3831 = EDGE_CURVE ( 'NONE', #2942, #683, #865, .T. ) ;
#3832 = CARTESIAN_POINT ( 'NONE',  ( -29.29568277835046786, -30.00278955953541882, -20.33333220206242231 ) ) ;
#3833 = CARTESIAN_POINT ( 'NONE',  ( -39.00000000000000711, 14.41962792608322630, -23.90573187607557415 ) ) ;
#3834 = VERTEX_POINT ( 'NONE', #4173 ) ;
#3835 = CARTESIAN_POINT ( 'NONE',  ( -17.82224342995111499, 37.09044856109844090, -0.5400751940908803395 ) ) ;
#3836 = AXIS2_PLACEMENT_3D ( 'NONE', #4235, #4701, #2173 ) ;
#3837 = ORIENTED_EDGE ( 'NONE', *, *, #2898, .F. ) ;
#3838 = CARTESIAN_POINT ( 'NONE',  ( -38.60000000000000853, -2.526364092043150489, -7.999999999999996447 ) ) ;
#3839 = CARTESIAN_POINT ( 'NONE',  ( -15.14449152578672653, 40.00000000000000711, -4.346382426592496628 ) ) ;
#3840 = PLANE ( 'NONE',  #1631 ) ;
#3841 = CARTESIAN_POINT ( 'NONE',  ( -34.69495227279496419, -17.10563656559253332, 3.469446951953614189E-15 ) ) ;
#3842 = AXIS2_PLACEMENT_3D ( 'NONE', #3444, #4201, #2969 ) ;
#3843 = LINE ( 'NONE', #113, #5220 ) ;
#3844 = EDGE_CURVE ( 'NONE', #2190, #968, #121, .T. ) ;
#3845 = ORIENTED_EDGE ( 'NONE', *, *, #1337, .F. ) ;
#3846 = PLANE ( 'NONE',  #2566 ) ;
#3847 = CARTESIAN_POINT ( 'NONE',  ( -28.35280479013118793, -29.05991157131614955, -10.49999999999999467 ) ) ;
#3848 = CARTESIAN_POINT ( 'NONE',  ( 39.00000000000002132, 11.63100460044359430, -22.99967896975015691 ) ) ;
#3849 = CARTESIAN_POINT ( 'NONE',  ( 32.01005050633803961, -32.71715728752543129, -21.00000000000000000 ) ) ;
#3850 = AXIS2_PLACEMENT_3D ( 'NONE', #993, #2893, #2922 ) ;
#3851 = CARTESIAN_POINT ( 'NONE',  ( 32.43431457505078441, 32.29289321881343966, -4.000000000000000000 ) ) ;
#3852 = ADVANCED_FACE ( 'NONE', ( #64 ), #5055, .T. ) ;
#3853 = LINE ( 'NONE', #5037, #2678 ) ;
#3854 = ORIENTED_EDGE ( 'NONE', *, *, #1516, .F. ) ;
#3855 = CYLINDRICAL_SURFACE ( 'NONE', #1340, 4.200000000000009059 ) ;
#3856 = DIRECTION ( 'NONE',  ( 0.000000000000000000, 0.000000000000000000, -1.000000000000000000 ) ) ;
#3857 = ORIENTED_EDGE ( 'NONE', *, *, #2872, .T. ) ;
#3858 = AXIS2_PLACEMENT_3D ( 'NONE', #1330, #2582, #3018 ) ;
#3859 = CARTESIAN_POINT ( 'NONE',  ( 17.90994646113885480, -37.17646944486890703, -0.4538840959966579658 ) ) ;
#3860 = VERTEX_POINT ( 'NONE', #3366 ) ;
#3861 = VERTEX_POINT ( 'NONE', #5004 ) ;
#3862 = VECTOR ( 'NONE', #1450, 1000.000000000000000 ) ;
#3863 = CARTESIAN_POINT ( 'NONE',  ( -35.44105119636436285, 22.92187319438994919, -5.809228155108671743 ) ) ;
#3864 = VERTEX_POINT ( 'NONE', #2988 ) ;
#3865 = CARTESIAN_POINT ( 'NONE',  ( 28.48210055581058953, -29.18920733699797054, -8.423618799320486517 ) ) ;
#3866 = DIRECTION ( 'NONE',  ( -1.000000000000000000, 0.000000000000000000, 0.000000000000000000 ) ) ;
#3867 = EDGE_CURVE ( 'NONE', #4122, #2170, #1174, .T. ) ;
#3868 = CARTESIAN_POINT ( 'NONE',  ( -39.00000000000002842, -17.13942822850279413, -25.00000000000000000 ) ) ;
#3869 = CARTESIAN_POINT ( 'NONE',  ( -23.54560596670601313, 30.69115434756461269, 2.421815768813028957E-12 ) ) ;
#3870 = ORIENTED_EDGE ( 'NONE', *, *, #4757, .F. ) ;
#3871 = CYLINDRICAL_SURFACE ( 'NONE', #5138, 2.999999999999999112 ) ;
#3872 = ORIENTED_EDGE ( 'NONE', *, *, #2163, .T. ) ;
#3873 = CARTESIAN_POINT ( 'NONE',  ( 33.55000000000001847, 35.79999999999999716, -21.00000000000000000 ) ) ;
#3874 = CARTESIAN_POINT ( 'NONE',  ( 39.00000000000002132, 7.290959179190989126, -22.06917326464612117 ) ) ;
#3875 = EDGE_CURVE ( 'NONE', #322, #3882, #829, .T. ) ;
#3876 = CARTESIAN_POINT ( 'NONE',  ( 17.14000392954196883, 38.99999994343082932, 3.035766082959412415E-15 ) ) ;
#3877 = CARTESIAN_POINT ( 'NONE',  ( 15.06124857429772668, -38.62095163394745612, -7.974924713410731059 ) ) ;
#3878 = CYLINDRICAL_SURFACE ( 'NONE', #5351, 0.3999999999999975797 ) ;
#3879 = ORIENTED_EDGE ( 'NONE', *, *, #3797, .T. ) ;
#3880 = CARTESIAN_POINT ( 'NONE',  ( 35.80000000000001847, 35.79999999999999716, -21.00000000000000000 ) ) ;
#3881 = LINE ( 'NONE', #3476, #504 ) ;
#3882 = VERTEX_POINT ( 'NONE', #3318 ) ;
#3883 = CARTESIAN_POINT ( 'NONE',  ( 39.00000000000000000, 9.904088695220291783, -1.527973883242090158 ) ) ;
#3884 = APPROVAL_ROLE ( '' ) ;
#3885 = ORIENTED_EDGE ( 'NONE', *, *, #2721, .F. ) ;
#3886 = CARTESIAN_POINT ( 'NONE',  ( -29.46320306023743285, 28.99603343704427871, -5.809228155108670855 ) ) ;
#3887 = AXIS2_PLACEMENT_3D ( 'NONE', #3158, #4311, #3132 ) ;
#3888 = VERTEX_POINT ( 'NONE', #4955 ) ;
#3889 = CARTESIAN_POINT ( 'NONE',  ( 0.3535533905929041931, 0.3535533905929031384, -21.00000000000000000 ) ) ;
#3890 = EDGE_CURVE ( 'NONE', #3332, #3330, #1601, .T. ) ;
#3891 = VECTOR ( 'NONE', #2875, 1000.000000000000000 ) ;
#3892 = CARTESIAN_POINT ( 'NONE',  ( -7.687115712076162843, 40.00000000000000711, -8.732580530968867549 ) ) ;
#3893 = DIRECTION ( 'NONE',  ( 0.000000000000000000, 0.000000000000000000, -1.000000000000000000 ) ) ;
#3894 = CONICAL_SURFACE ( 'NONE', #5093, 42.60000000000000142, 0.7853981633974466137 ) ;
#3895 = CARTESIAN_POINT ( 'NONE',  ( 33.49829972217253982, 19.34441602241698632, -2.416611598385096516E-12 ) ) ;
#3896 = ORIENTED_EDGE ( 'NONE', *, *, #3278, .F. ) ;
#3897 = CIRCLE ( 'NONE', #1550, 43.10000000000000853 ) ;
#3898 = CARTESIAN_POINT ( 'NONE',  ( 42.60000000000001563, 5.216995364367726620E-15, 3.469446951953614189E-15 ) ) ;
#3899 = EDGE_CURVE ( 'NONE', #4887, #5241, #2710, .T. ) ;
#3900 = EDGE_CURVE ( 'NONE', #443, #2130, #2825, .T. ) ;
#3901 = VERTEX_POINT ( 'NONE', #1853 ) ;
#3902 = CARTESIAN_POINT ( 'NONE',  ( 6.954135460285507442, -40.00000000000000000, 0.000000000000000000 ) ) ;
#3903 = CARTESIAN_POINT ( 'NONE',  ( -2.106985117663507712, 16.21476805285735523, 2.602085213965210642E-15 ) ) ;
#3904 = MANIFOLD_SOLID_BREP ( 'Fillet4', #1843 ) ;
#3905 = LINE ( 'NONE', #1378, #2165 ) ;
#3906 = CARTESIAN_POINT ( 'NONE',  ( -39.99999999999997868, 9.931500473169444732, -6.906545586027142747 ) ) ;
#3907 = AXIS2_PLACEMENT_3D ( 'NONE', #1376, #2266, #3442 ) ;
#3908 = CARTESIAN_POINT ( 'NONE',  ( -38.99999999999998579, 11.31976207102718135, -1.053112882173037557 ) ) ;
#3909 = ORIENTED_EDGE ( 'NONE', *, *, #1932, .T. ) ;
#3910 = CARTESIAN_POINT ( 'NONE',  ( 32.29289321881265096, -33.00000000000004974, -22.00000000000000000 ) ) ;
#3911 = DIRECTION ( 'NONE',  ( 0.000000000000000000, 0.000000000000000000, 1.000000000000000000 ) ) ;
#3912 = VERTEX_POINT ( 'NONE', #1772 ) ;
#3913 = LINE ( 'NONE', #185, #501 ) ;
#3914 = DATE_TIME_ROLE ( 'creation_date' ) ;
#3915 = ORIENTED_EDGE ( 'NONE', *, *, #3315, .F. ) ;
#3916 = VECTOR ( 'NONE', #970, 1000.000000000000000 ) ;
#3917 = CARTESIAN_POINT ( 'NONE',  ( 0.000000000000000000, 0.000000000000000000, -21.00000000000000355 ) ) ;
#3918 = AXIS2_PLACEMENT_3D ( 'NONE', #3069, #2238, #4712 ) ;
#3919 = EDGE_LOOP ( 'NONE', ( #4210, #4515, #5217, #4511 ) ) ;
#3920 = CARTESIAN_POINT ( 'NONE',  ( 34.69495227279229255, 17.10563656559390466, -7.999999999999996447 ) ) ;
#3921 = DIRECTION ( 'NONE',  ( 1.000000000000000000, 0.000000000000000000, 0.000000000000000000 ) ) ;
#3922 = LINE ( 'NONE', #3032, #423 ) ;
#3923 = CARTESIAN_POINT ( 'NONE',  ( -30.69115434757427963, -23.54560596669633910, 2.420081045337052553E-12 ) ) ;
#3924 = EDGE_LOOP ( 'NONE', ( #2993, #5092 ) ) ;
#3925 = CARTESIAN_POINT ( 'NONE',  ( -40.42425205543234057, 13.72638704646741203, 3.469446951953614189E-15 ) ) ;
#3926 = ORIENTED_EDGE ( 'NONE', *, *, #3387, .F. ) ;
#3927 = DIRECTION ( 'NONE',  ( 1.000000000000000000, 0.000000000000000000, 0.000000000000000000 ) ) ;
#3928 = DIRECTION ( 'NONE',  ( -0.000000000000000000, -0.000000000000000000, 1.000000000000000000 ) ) ;
#3929 = CARTESIAN_POINT ( 'NONE',  ( 37.95473118423695524, 18.70342719053961744, -0.01573781926129036099 ) ) ;
#3930 = CARTESIAN_POINT ( 'NONE',  ( -39.99999999999995737, 10.34590320833617660, -6.655966007017586783 ) ) ;
#3931 = DIRECTION ( 'NONE',  ( 0.000000000000000000, 0.000000000000000000, 1.000000000000000000 ) ) ;
#3932 = VERTEX_POINT ( 'NONE', #3467 ) ;
#3933 = AXIS2_PLACEMENT_3D ( 'NONE', #840, #4148, #19 ) ;
#3934 = DIRECTION ( 'NONE',  ( 0.000000000000000000, 0.000000000000000000, 1.000000000000000000 ) ) ;
#3935 = EDGE_CURVE ( 'NONE', #1965, #2232, #636, .T. ) ;
#3936 = CARTESIAN_POINT ( 'NONE',  ( 28.38200119576723779, 29.08910797695375194, -9.304778941867747122 ) ) ;
#3937 = ORIENTED_EDGE ( 'NONE', *, *, #1113, .T. ) ;
#3938 = PLANE ( 'NONE',  #4580 ) ;
#3939 = CARTESIAN_POINT ( 'NONE',  ( -39.00000000644924114, -16.39184790929231283, -2.309858847162476236E-15 ) ) ;
#3940 = EDGE_LOOP ( 'NONE', ( #114, #3451, #1005, #3345 ) ) ;
#3941 = CARTESIAN_POINT ( 'NONE',  ( -34.97166087999618611, -19.94634679341547212, -1.497655591233386874 ) ) ;
#3942 = AXIS2_PLACEMENT_3D ( 'NONE', #4412, #2794, #4438 ) ;
#3943 = ORIENTED_EDGE ( 'NONE', *, *, #4846, .T. ) ;
#3944 = CYLINDRICAL_SURFACE ( 'NONE', #3319, 4.200000000000001954 ) ;
#3945 = CIRCLE ( 'NONE', #2478, 43.10000000000000853 ) ;
#3946 = DIRECTION ( 'NONE',  ( -0.000000000000000000, -0.000000000000000000, 1.000000000000000000 ) ) ;
#3947 = ADVANCED_FACE ( 'NONE', ( #4355 ), #4247, .F. ) ;
#3948 = CARTESIAN_POINT ( 'NONE',  ( -34.23545561203174969, -25.37653677168668764, 2.602085213965212219E-15 ) ) ;
#3949 = CARTESIAN_POINT ( 'NONE',  ( 5.052665715420540771, 38.35118100781438955, 3.469446951953614189E-15 ) ) ;
#3950 = VERTEX_POINT ( 'NONE', #2681 ) ;
#3951 = CARTESIAN_POINT ( 'NONE',  ( -5.576258017536788181, 42.32539665628529235, 3.469446951953614189E-15 ) ) ;
#3952 = FACE_OUTER_BOUND ( 'NONE', #1850, .T. ) ;
#3953 = CARTESIAN_POINT ( 'NONE',  ( 13.35333839647029386, 4.205752449842021790, 0.000000000000000000 ) ) ;
#3954 = DIRECTION ( 'NONE',  ( 0.000000000000000000, 1.000000000000000000, 0.000000000000000000 ) ) ;
#3955 = CARTESIAN_POINT ( 'NONE',  ( -39.99999999999998579, 14.24795906952783753, -4.714983365793121273 ) ) ;
#3956 = CARTESIAN_POINT ( 'NONE',  ( -38.07342171106910200, 19.14307412585741375, 2.602085213965210247E-15 ) ) ;
#3957 = EDGE_LOOP ( 'NONE', ( #874, #2668, #5175, #4273 ) ) ;
#3958 = CARTESIAN_POINT ( 'NONE',  ( 35.80000000000001847, 35.79999999999999716, -25.00000000000000000 ) ) ;
#3959 = CARTESIAN_POINT ( 'NONE',  ( -30.12069803581547589, 30.82780481700282493, -3.999999999999994671 ) ) ;
#3960 = VECTOR ( 'NONE', #2270, 999.9999999999998863 ) ;
#3961 = DIRECTION ( 'NONE',  ( 0.000000000000000000, -0.000000000000000000, -1.000000000000000000 ) ) ;
#3962 = DIRECTION ( 'NONE',  ( 0.7139201425183882010, -0.7002271275140118378, 0.000000000000000000 ) ) ;
#3963 = APPROVAL_DATE_TIME ( #157, #3688 ) ;
#3964 = ORIENTED_EDGE ( 'NONE', *, *, #3900, .T. ) ;
#3965 = EDGE_CURVE ( 'NONE', #1206, #3860, #474, .T. ) ;
#3966 = CARTESIAN_POINT ( 'NONE',  ( 0.000000000000000000, 0.000000000000000000, -10.49999999999999467 ) ) ;
#3967 = B_SPLINE_CURVE_WITH_KNOTS ( 'NONE', 3,
 ( #5312, #4543, #2897, #1781, #4917, #1182, #2425, #3421, #2012, #1606, #3827, #4513 ),
 .UNSPECIFIED., .F., .F.,
 ( 4, 2, 2, 2, 2, 4 ),
 ( 0.000000000000000000, 0.001791941957164218564, 0.003583883914328437129, 0.004479854892910547712, 0.005375825871492659162, 0.007167767828656872522 ),
 .UNSPECIFIED. ) ;
#3968 = ORIENTED_EDGE ( 'NONE', *, *, #1434, .T. ) ;
#3969 = DIRECTION ( 'NONE',  ( -1.000000000000000000, 0.000000000000000000, -0.000000000000000000 ) ) ;
#3970 = CARTESIAN_POINT ( 'NONE',  ( 38.99999999999999289, -9.912455759119554344, -1.533971698125150107 ) ) ;
#3971 = DIRECTION ( 'NONE',  ( 0.000000000000000000, 0.000000000000000000, -1.000000000000000000 ) ) ;
#3972 = CARTESIAN_POINT ( 'NONE',  ( -37.36544263932066912, -10.00830714422447087, -7.999999999999996447 ) ) ;
#3973 = ORIENTED_EDGE ( 'NONE', *, *, #1509, .F. ) ;
#3974 = CONICAL_SURFACE ( 'NONE', #239, 42.60000000000000142, 0.7853981633974466137 ) ;
#3975 = CARTESIAN_POINT ( 'NONE',  ( -42.32539665628529235, -5.576258017536778411, 3.469446951953614189E-15 ) ) ;
#3976 = AXIS2_PLACEMENT_3D ( 'NONE', #60, #1714, #2018 ) ;
#3977 = DIRECTION ( 'NONE',  ( 0.000000000000000000, 0.000000000000000000, -1.000000000000000000 ) ) ;
#3978 = CIRCLE ( 'NONE', #4589, 0.3999999999999975797 ) ;
#3979 = FACE_BOUND ( 'NONE', #15, .T. ) ;
#3980 = CIRCLE ( 'NONE', #3730, 2.999999999999999112 ) ;
#3981 = DIRECTION ( 'NONE',  ( -1.000000000000000000, 0.000000000000000000, 0.000000000000000000 ) ) ;
#3982 = DIRECTION ( 'NONE',  ( -0.000000000000000000, -0.000000000000000000, -1.000000000000000000 ) ) ;
#3983 = DIRECTION ( 'NONE',  ( 0.000000000000000000, 0.000000000000000000, -1.000000000000000000 ) ) ;
#3984 = EDGE_LOOP ( 'NONE', ( #1649, #2604, #4617 ) ) ;
#3985 = DIRECTION ( 'NONE',  ( 0.000000000000000000, 0.000000000000000000, 1.000000000000000000 ) ) ;
#3986 = CARTESIAN_POINT ( 'NONE',  ( 28.92324404518898362, 29.63035082637551199, -6.442301122749181097 ) ) ;
#3987 = CARTESIAN_POINT ( 'NONE',  ( -37.36544263927536491, -10.00830714445218916, -7.999999999999994671 ) ) ;
#3988 = EDGE_CURVE ( 'NONE', #4478, #3584, #1797, .T. ) ;
#3989 = LINE ( 'NONE', #2747, #5173 ) ;
#3990 = PERSON_AND_ORGANIZATION ( #1455, #1050 ) ;
#3991 = ORIENTED_EDGE ( 'NONE', *, *, #671, .F. ) ;
#3992 = CARTESIAN_POINT ( 'NONE',  ( -9.994881995257436813, 9.803179785196165952, -2.000000000000000000 ) ) ;
#3993 = ADVANCED_FACE ( 'NONE', ( #3095, #4330 ), #3846, .F. ) ;
#3994 = ADVANCED_FACE ( 'NONE', ( #3952 ), #224, .F. ) ;
#3995 = ORIENTED_EDGE ( 'NONE', *, *, #5238, .T. ) ;
#3996 = CARTESIAN_POINT ( 'NONE',  ( -38.73657374398864306, -17.74043900498045900, 2.602085213965210642E-15 ) ) ;
#3997 = LINE ( 'NONE', #1066, #4779 ) ;
#3998 = AXIS2_PLACEMENT_3D ( 'NONE', #2063, #2508, #4566 ) ;
#3999 = DIRECTION ( 'NONE',  ( -0.000000000000000000, 0.000000000000000000, 1.000000000000000000 ) ) ;
#4000 = CARTESIAN_POINT ( 'NONE',  ( -38.60000000000000853, 2.526364092043150489, -7.999999999999996447 ) ) ;
#4001 = VERTEX_POINT ( 'NONE', #3543 ) ;
#4002 = EDGE_CURVE ( 'NONE', #3777, #4156, #4344, .T. ) ;
#4003 = AXIS2_PLACEMENT_3D ( 'NONE', #4867, #2017, #4432 ) ;
#4004 = CARTESIAN_POINT ( 'NONE',  ( 11.04543741823984959, -41.23750923406995383, 3.469446951953614189E-15 ) ) ;
#4005 = LOCAL_TIME ( 20, 30, 7.000000000000000000, #3480 ) ;
#4006 = LINE ( 'NONE', #4379, #4695 ) ;
#4007 = DIRECTION ( 'NONE',  ( -0.000000000000000000, -0.000000000000000000, 1.000000000000000000 ) ) ;
#4008 = EDGE_CURVE ( 'NONE', #5090, #1815, #996, .T. ) ;
#4009 = CARTESIAN_POINT ( 'NONE',  ( -28.52515672573331784, 29.23226350692063136, -8.129379289557833843 ) ) ;
#4010 = ADVANCED_FACE ( 'NONE', ( #3440 ), #1374, .T. ) ;
#4011 = DIRECTION ( 'NONE',  ( 1.000000000000000000, 0.000000000000000000, 0.000000000000000000 ) ) ;
#4012 = DIRECTION ( 'NONE',  ( -0.000000000000000000, -0.000000000000000000, 1.000000000000000000 ) ) ;
#4013 = EDGE_LOOP ( 'NONE', ( #1538, #3137, #3493 ) ) ;
#4014 = DIRECTION ( 'NONE',  ( -0.000000000000000000, -0.000000000000000000, 1.000000000000000000 ) ) ;
#4015 = EDGE_CURVE ( 'NONE', #171, #3864, #4274, .T. ) ;
#4016 = CARTESIAN_POINT ( 'NONE',  ( 0.7329776380286149307, -39.00000000000007105, -4.513053534062767547 ) ) ;
#4017 = VERTEX_POINT ( 'NONE', #3873 ) ;
#4018 = DIRECTION ( 'NONE',  ( 0.000000000000000000, 0.000000000000000000, -1.000000000000000000 ) ) ;
#4019 = DIRECTION ( 'NONE',  ( 0.000000000000000000, 0.000000000000000000, -1.000000000000000000 ) ) ;
#4020 = ORIENTED_EDGE ( 'NONE', *, *, #2898, .T. ) ;
#4021 = LINE ( 'NONE', #700, #824 ) ;
#4022 = FACE_OUTER_BOUND ( 'NONE', #4013, .T. ) ;
#4023 = ORIENTED_EDGE ( 'NONE', *, *, #1298, .F. ) ;
#4024 = VECTOR ( 'NONE', #1204, 1000.000000000000000 ) ;
#4025 = DIRECTION ( 'NONE',  ( -0.000000000000000000, -0.000000000000000000, 1.000000000000000000 ) ) ;
#4026 = DIRECTION ( 'NONE',  ( -0.000000000000000000, -0.000000000000000000, 1.000000000000000000 ) ) ;
#4027 = PLANE ( 'NONE',  #945 ) ;
#4028 = CARTESIAN_POINT ( 'NONE',  ( 38.60000000000000853, 4.727136644708785238E-15, -7.999999999999996447 ) ) ;
#4029 = ORIENTED_EDGE ( 'NONE', *, *, #1045, .F. ) ;
#4030 = AXIS2_PLACEMENT_3D ( 'NONE', #3263, #3181, #4094 ) ;
#4031 = CARTESIAN_POINT ( 'NONE',  ( 19.34441602241698988, -33.49829972217253982, -2.414876874909119709E-12 ) ) ;
#4032 = EDGE_CURVE ( 'NONE', #4104, #698, #451, .T. ) ;
#4033 = CARTESIAN_POINT ( 'NONE',  ( -39.99999999999998579, 35.79999999999999716, -4.000000000000000000 ) ) ;
#4034 = FACE_BOUND ( 'NONE', #1659, .T. ) ;
#4035 = DIRECTION ( 'NONE',  ( -0.000000000000000000, -0.000000000000000000, 1.000000000000000000 ) ) ;
#4036 = CARTESIAN_POINT ( 'NONE',  ( 9.803179785195043294, 9.994881995258682039, -2.000000000000000000 ) ) ;
#4037 = CARTESIAN_POINT ( 'NONE',  ( -28.82424422358012350, 29.53135100476746899, -19.66666547966193335 ) ) ;
#4038 = ORIENTED_EDGE ( 'NONE', *, *, #5342, .T. ) ;
#4039 = CARTESIAN_POINT ( 'NONE',  ( 40.00000000000001421, -12.12549805111745194, -20.12993991249940962 ) ) ;
#4040 = CARTESIAN_POINT ( 'NONE',  ( 15.65319017221246689, -39.00000000000000000, -0.06690352959217217566 ) ) ;
#4041 = ORIENTED_EDGE ( 'NONE', *, *, #2805, .T. ) ;
#4042 = DIRECTION ( 'NONE',  ( -0.000000000000000000, 0.000000000000000000, 1.000000000000000000 ) ) ;
#4043 = DIRECTION ( 'NONE',  ( 0.000000000000000000, 0.000000000000000000, -1.000000000000000000 ) ) ;
#4044 = PERSON_AND_ORGANIZATION_ROLE ( 'creator' ) ;
#4045 = ORIENTED_EDGE ( 'NONE', *, *, #1932, .F. ) ;
#4046 = CARTESIAN_POINT ( 'NONE',  ( 36.62854763716633499, 12.43752441278034304, -7.999999999999998224 ) ) ;
#4047 = CARTESIAN_POINT ( 'NONE',  ( -33.55000000000001847, -35.80000000000000426, -21.00000000000000000 ) ) ;
#4048 = ORIENTED_EDGE ( 'NONE', *, *, #3875, .F. ) ;
#4049 = CARTESIAN_POINT ( 'NONE',  ( 33.55000000000001847, 35.79999999999999716, -21.00000000000000000 ) ) ;
#4050 = CYLINDRICAL_SURFACE ( 'NONE', #1142, 14.00000000000000000 ) ;
#4051 = DIRECTION ( 'NONE',  ( -1.000000000000000000, 0.000000000000000000, 0.000000000000000000 ) ) ;
#4052 = CARTESIAN_POINT ( 'NONE',  ( 32.01005050633884963, 32.71715728752537444, -4.000000000000000000 ) ) ;
#4053 = CARTESIAN_POINT ( 'NONE',  ( -36.62854763707875350, 12.43752441299178990, -7.999999999999996447 ) ) ;
#4054 = EDGE_LOOP ( 'NONE', ( #3698, #977, #3870, #2723 ) ) ;
#4055 = EDGE_CURVE ( 'NONE', #4449, #4212, #4301, .T. ) ;
#4056 = CARTESIAN_POINT ( 'NONE',  ( -25.50791257258292433, 29.08073093500889073, 2.421815768813029360E-12 ) ) ;
#4057 = DIRECTION ( 'NONE',  ( 0.000000000000000000, 1.000000000000000000, 0.000000000000000000 ) ) ;
#4058 = DIRECTION ( 'NONE',  ( -1.000000000000000000, 0.000000000000000000, 0.000000000000000000 ) ) ;
#4059 = CARTESIAN_POINT ( 'NONE',  ( 35.80000000000001137, -35.80000000000000426, -21.00000000000000000 ) ) ;
#4060 = CIRCLE ( 'NONE', #1971, 4.200000000000001954 ) ;
#4061 = ADVANCED_FACE ( 'NONE', ( #172 ), #4275, .F. ) ;
#4062 = CARTESIAN_POINT ( 'NONE',  ( 0.000000000000000000, 0.000000000000000000, -10.49999999999999467 ) ) ;
#4063 = CARTESIAN_POINT ( 'NONE',  ( -17.13942822850282965, 39.00000000000001421, -25.00000000000000000 ) ) ;
#4064 = EDGE_LOOP ( 'NONE', ( #98, #852, #4663, #4667 ) ) ;
#4065 = CIRCLE ( 'NONE', #1461, 4.200000000000009059 ) ;
#4066 = CARTESIAN_POINT ( 'NONE',  ( 30.26678116484085379, 29.55967438365426503, -4.894090684036286554 ) ) ;
#4067 = AXIS2_PLACEMENT_3D ( 'NONE', #3336, #2076, #2519 ) ;
#4068 = CARTESIAN_POINT ( 'NONE',  ( -0.3698107590980643233, -39.00000000000006395, -4.512794109986389302 ) ) ;
#4069 = ORIENTED_EDGE ( 'NONE', *, *, #2003, .T. ) ;
#4070 = CARTESIAN_POINT ( 'NONE',  ( -5.052665715192934393, -38.35118100785403783, -7.999999999999994671 ) ) ;
#4071 = CARTESIAN_POINT ( 'NONE',  ( -38.04999999999999005, -35.79999999999999005, -4.000000000000000000 ) ) ;
#4072 = DATE_AND_TIME ( #1170, #2796 ) ;
#4073 = ORIENTED_EDGE ( 'NONE', *, *, #4405, .T. ) ;
#4074 = CARTESIAN_POINT ( 'NONE',  ( -38.05000000000001847, -35.80000000000000426, -25.00000000000000000 ) ) ;
#4075 = CARTESIAN_POINT ( 'NONE',  ( 10.34667946085023083, -40.00000000000001421, -6.655508270712000574 ) ) ;
#4076 = ORIENTED_EDGE ( 'NONE', *, *, #3367, .F. ) ;
#4077 = EDGE_CURVE ( 'NONE', #258, #26, #3324, .T. ) ;
#4078 = CIRCLE ( 'NONE', #768, 0.3999999999999975797 ) ;
#4079 = DIRECTION ( 'NONE',  ( 1.000000000000000000, 0.000000000000000000, 0.000000000000000000 ) ) ;
#4080 = DIRECTION ( 'NONE',  ( 1.000000000000000000, 0.000000000000000000, 0.000000000000000000 ) ) ;
#4081 = LINE ( 'NONE', #680, #1738 ) ;
#4082 = FACE_OUTER_BOUND ( 'NONE', #1225, .T. ) ;
#4083 = CARTESIAN_POINT ( 'NONE',  ( -17.10563656559109447, -34.69495227279346494, -7.999999999999996447 ) ) ;
#4084 = VERTEX_POINT ( 'NONE', #3570 ) ;
#4085 = CARTESIAN_POINT ( 'NONE',  ( -37.36544263931503451, 10.00830714422453838, 3.469446951953614189E-15 ) ) ;
#4086 = APPROVAL_PERSON_ORGANIZATION ( #5170, #3688, #3884 ) ;
#4087 = DIRECTION ( 'NONE',  ( -1.000000000000000000, 0.000000000000000000, 0.000000000000000000 ) ) ;
#4088 = CARTESIAN_POINT ( 'NONE',  ( -38.16791124357969522, -18.92077598718449494, 3.035766082959412415E-15 ) ) ;
#4089 = DIRECTION ( 'NONE',  ( 0.000000000000000000, 0.000000000000000000, -1.000000000000000000 ) ) ;
#4090 = AXIS2_PLACEMENT_3D ( 'NONE', #2903, #3311, #4629 ) ;
#4091 = CARTESIAN_POINT ( 'NONE',  ( 7.286073432663068949, 38.99999999999999289, -22.06826902211480146 ) ) ;
#4092 = DIRECTION ( 'NONE',  ( 1.000000000000000000, 0.000000000000000000, 0.000000000000000000 ) ) ;
#4093 = VERTEX_POINT ( 'NONE', #1504 ) ;
#4094 = DIRECTION ( 'NONE',  ( 1.000000000000000000, 0.000000000000000000, 0.000000000000000000 ) ) ;
#4095 = CARTESIAN_POINT ( 'NONE',  ( -0.7381841971758787979, -38.99999999999996447, -4.490936739554365786 ) ) ;
#4096 = B_SPLINE_CURVE_WITH_KNOTS ( 'NONE', 3,
 ( #677, #4479, #3996, #4914 ),
 .UNSPECIFIED., .F., .F.,
 ( 4, 4 ),
 ( 0.8744108413005310387, 0.9276359641802269795 ),
 .UNSPECIFIED. ) ;
#4097 = ORIENTED_EDGE ( 'NONE', *, *, #1795, .T. ) ;
#4098 = CARTESIAN_POINT ( 'NONE',  ( -17.10563656580462322, -34.69495227270500948, -7.999999999999996447 ) ) ;
#4099 = CYLINDRICAL_SURFACE ( 'NONE', #4230, 2.250000000000001776 ) ;
#4100 = VERTEX_POINT ( 'NONE', #4033 ) ;
#4101 = EDGE_CURVE ( 'NONE', #4084, #3777, #1586, .T. ) ;
#4102 = CARTESIAN_POINT ( 'NONE',  ( -17.14000392953357732, -38.99999994343081511, 3.035766082959412415E-15 ) ) ;
#4103 = CARTESIAN_POINT ( 'NONE',  ( -22.51252100524409983, -34.80812422002868090, -7.974924713410730170 ) ) ;
#4104 = VERTEX_POINT ( 'NONE', #2373 ) ;
#4105 = LINE ( 'NONE', #1578, #1072 ) ;
#4106 = DIRECTION ( 'NONE',  ( -0.7071067811865493491, 0.000000000000000000, -0.7071067811865456854 ) ) ;
#4107 = EDGE_LOOP ( 'NONE', ( #2449, #3065 ) ) ;
#4108 = CARTESIAN_POINT ( 'NONE',  ( 40.00000000000002132, -15.14437890843646350, -4.346425494779682097 ) ) ;
#4109 = DIRECTION ( 'NONE',  ( -1.000000000000000000, 0.000000000000000000, 0.000000000000000000 ) ) ;
#4110 = DIRECTION ( 'NONE',  ( -0.000000000000000000, -0.000000000000000000, 1.000000000000000000 ) ) ;
#4111 = VERTEX_POINT ( 'NONE', #4895 ) ;
#4112 = CARTESIAN_POINT ( 'NONE',  ( 38.60000000000000853, -2.526364092029770969, 6.938893903907228378E-15 ) ) ;
#4113 = CARTESIAN_POINT ( 'NONE',  ( -9.124626556402116506, -40.00000000000000711, -7.446766312614605532 ) ) ;
#4114 = CARTESIAN_POINT ( 'NONE',  ( -33.54999999999998295, 35.79999999999999716, -4.000000000000000000 ) ) ;
#4115 = AXIS2_PLACEMENT_3D ( 'NONE', #940, #560, #1774 ) ;
#4116 = DIRECTION ( 'NONE',  ( -0.000000000000000000, -0.000000000000000000, 1.000000000000000000 ) ) ;
#4117 = CARTESIAN_POINT ( 'NONE',  ( -30.47422735383731762, -29.76712057264917277, -21.00000000000000355 ) ) ;
#4118 = VERTEX_POINT ( 'NONE', #2759 ) ;
#4119 = AXIS2_PLACEMENT_3D ( 'NONE', #3791, #2108, #1696 ) ;
#4120 = DIRECTION ( 'NONE',  ( -0.000000000000000000, 0.000000000000000000, 1.000000000000000000 ) ) ;
#4121 = CARTESIAN_POINT ( 'NONE',  ( 3.637883050577924049, -39.00000000000000000, -3.889618239327675475 ) ) ;
#4122 = VERTEX_POINT ( 'NONE', #3620 ) ;
#4123 = FACE_BOUND ( 'NONE', #1594, .T. ) ;
#4124 = CARTESIAN_POINT ( 'NONE',  ( -39.99999999999998579, 6.954135460285585602, -19.00000000000000355 ) ) ;
#4125 = EDGE_CURVE ( 'NONE', #63, #2924, #972, .T. ) ;
#4126 = ORIENTED_EDGE ( 'NONE', *, *, #2766, .F. ) ;
#4127 = DIRECTION ( 'NONE',  ( 1.000000000000000000, 0.000000000000000000, 0.000000000000000000 ) ) ;
#4128 = CARTESIAN_POINT ( 'NONE',  ( -22.92187319439025117, -35.44105119636424206, -5.809228155108672631 ) ) ;
#4129 = VERTEX_POINT ( 'NONE', #2786 ) ;
#4130 = EDGE_CURVE ( 'NONE', #758, #2615, #4406, .T. ) ;
#4131 = DIRECTION ( 'NONE',  ( -1.000000000000000000, 0.000000000000000000, 0.000000000000000000 ) ) ;
#4132 = CARTESIAN_POINT ( 'NONE',  ( -30.12069803581668737, -30.82780481700164543, -3.999999999999994671 ) ) ;
#4133 = ORIENTED_EDGE ( 'NONE', *, *, #392, .T. ) ;
#4134 = CARTESIAN_POINT ( 'NONE',  ( -29.63035082637515316, 28.92324404518934955, -6.442301122749183762 ) ) ;
#4135 = VERTEX_POINT ( 'NONE', #333 ) ;
#4136 = VERTEX_POINT ( 'NONE', #1187 ) ;
#4137 = CARTESIAN_POINT ( 'NONE',  ( 34.69495227278531502, -17.10563656559248713, 3.469446951953614189E-15 ) ) ;
#4138 =( BOUNDED_SURFACE ( )  B_SPLINE_SURFACE ( 3, 3, ( 
 ( #1285, #2951, #1732, #3400 ),
 ( #5044, #1335, #4594, #877 ),
 ( #464, #2120, #3780, #51 ),
 ( #1707, #5020, #2976, #1060 ) ),
 .UNSPECIFIED., .F., .F., .T. ) 
 B_SPLINE_SURFACE_WITH_KNOTS ( ( 4, 4 ),
 ( 4, 4 ),
 ( 0.000000000000000000, 1.000000000000000000 ),
 ( 0.000000000000000000, 1.000000000000000000 ),
 .UNSPECIFIED. ) 
 GEOMETRIC_REPRESENTATION_ITEM ( )  RATIONAL_B_SPLINE_SURFACE ( (
 ( 1.000000000000000000, 0.9693429082191320489, 0.9693429082191320489, 1.000000000000000000),
 ( 1.000000000000000000, 0.9693429082191320489, 0.9693429082191320489, 1.000000000000000000),
 ( 1.000000000000000000, 0.9693429082191320489, 0.9693429082191320489, 1.000000000000000000),
 ( 1.000000000000000000, 0.9693429082191320489, 0.9693429082191320489, 1.000000000000000000) ) ) 
 REPRESENTATION_ITEM ( '' )  SURFACE ( )  );
#4139 = CARTESIAN_POINT ( 'NONE',  ( -11.60987976253625931, -40.00000000000000711, -5.941217092636410513 ) ) ;
#4140 = CARTESIAN_POINT ( 'NONE',  ( -21.67913016185288910, 36.67120930406396440, 3.035766082959412415E-15 ) ) ;
#4141 = CARTESIAN_POINT ( 'NONE',  ( 11.04543741823734315, 41.23750923406996804, 3.469446951953614189E-15 ) ) ;
#4142 = CARTESIAN_POINT ( 'NONE',  ( -7.702498402652959264, -7.853121567701079719, 0.000000000000000000 ) ) ;
#4143 = CARTESIAN_POINT ( 'NONE',  ( -36.84286170605501809, -17.56981498796028518, -0.8217467049419479030 ) ) ;
#4144 = ORIENTED_EDGE ( 'NONE', *, *, #1830, .F. ) ;
#4145 = CARTESIAN_POINT ( 'NONE',  ( 29.05991157131651903, -28.35280479013080068, -19.00000000000000355 ) ) ;
#4146 = CARTESIAN_POINT ( 'NONE',  ( 39.00000000000002132, -2.929121052708853146, -21.48262562406311460 ) ) ;
#4147 = EDGE_LOOP ( 'NONE', ( #3477, #3991, #820, #1542 ) ) ;
#4148 = DIRECTION ( 'NONE',  ( -0.000000000000000000, -0.000000000000000000, 1.000000000000000000 ) ) ;
#4149 = LINE ( 'NONE', #1257, #674 ) ;
#4150 = ORIENTED_EDGE ( 'NONE', *, *, #414, .F. ) ;
#4151 = CIRCLE ( 'NONE', #4670, 4.200000000000009059 ) ;
#4152 = CARTESIAN_POINT ( 'NONE',  ( -38.99999999999998579, -39.00000000000000000, 0.000000000000000000 ) ) ;
#4153 = DIRECTION ( 'NONE',  ( -0.000000000000000000, 0.000000000000000000, 1.000000000000000000 ) ) ;
#4154 = ADVANCED_FACE ( 'NONE', ( #363 ), #3195, .T. ) ;
#4155 = VECTOR ( 'NONE', #4743, 1000.000000000000000 ) ;
#4156 = VERTEX_POINT ( 'NONE', #2318 ) ;
#4157 = LINE ( 'NONE', #4049, #4715 ) ;
#4158 = CARTESIAN_POINT ( 'NONE',  ( -39.00000000000002132, 7.290959179190987349, -22.06917326464611406 ) ) ;
#4159 = ORIENTED_EDGE ( 'NONE', *, *, #776, .F. ) ;
#4160 = CARTESIAN_POINT ( 'NONE',  ( -29.22364353182297592, 28.51653675063723981, -8.121691822199865740 ) ) ;
#4161 = ADVANCED_FACE ( 'NONE', ( #4487 ), #2888, .T. ) ;
#4162 = CIRCLE ( 'NONE', #1813, 42.60000000000000142 ) ;
#4163 = ORIENTED_EDGE ( 'NONE', *, *, #1795, .F. ) ;
#4164 = ORIENTED_EDGE ( 'NONE', *, *, #3714, .F. ) ;
#4165 = CARTESIAN_POINT ( 'NONE',  ( 2.526364092029745656, -38.60000000000000853, -7.999999999999996447 ) ) ;
#4166 = CARTESIAN_POINT ( 'NONE',  ( -10.34590320833610377, -40.00000000000000711, -6.655966007017574348 ) ) ;
#4167 = EDGE_CURVE ( 'NONE', #389, #1133, #4860, .T. ) ;
#4168 = ADVANCED_FACE ( 'NONE', ( #685 ), #3652, .T. ) ;
#4169 = CARTESIAN_POINT ( 'NONE',  ( -35.79999999999998295, 35.79999999999999716, -4.000000000000000000 ) ) ;
#4170 = CARTESIAN_POINT ( 'NONE',  ( -42.60000000000001563, 2.788163479819642188, 3.469446951953614189E-15 ) ) ;
#4171 = DIRECTION ( 'NONE',  ( -0.000000000000000000, -0.000000000000000000, 1.000000000000000000 ) ) ;
#4172 = ORIENTED_EDGE ( 'NONE', *, *, #341, .T. ) ;
#4173 = CARTESIAN_POINT ( 'NONE',  ( -16.05023364315923473, -40.00000000000000000, -4.000000000000000000 ) ) ;
#4174 = AXIS2_PLACEMENT_3D ( 'NONE', #3225, #3977, #1988 ) ;
#4175 = AXIS2_PLACEMENT_3D ( 'NONE', #761, #2337, #734 ) ;
#4176 = CARTESIAN_POINT ( 'NONE',  ( 3.653187712523791042, 39.00000000000001421, -3.891940217865187623 ) ) ;
#4177 = EDGE_LOOP ( 'NONE', ( #4326, #4414, #3112, #3506, #3626, #1255 ) ) ;
#4178 = CARTESIAN_POINT ( 'NONE',  ( 17.10563656580460901, -34.69495227270500948, -7.999999999999998224 ) ) ;
#4179 = FACE_BOUND ( 'NONE', #904, .T. ) ;
#4180 = VECTOR ( 'NONE', #2777, 1000.000000000000114 ) ;
#4181 = VERTEX_POINT ( 'NONE', #3283 ) ;
#4182 = CARTESIAN_POINT ( 'NONE',  ( 21.67913016185021391, -36.67120930405874901, 3.035766082959412415E-15 ) ) ;
#4183 = EDGE_CURVE ( 'NONE', #183, #1441, #1529, .T. ) ;
#4184 = ORIENTED_EDGE ( 'NONE', *, *, #957, .T. ) ;
#4185 = CARTESIAN_POINT ( 'NONE',  ( 40.00000000000005684, 8.015752016843167738, -8.376255239369029937 ) ) ;
#4186 = ORIENTED_EDGE ( 'NONE', *, *, #38, .T. ) ;
#4187 = FACE_OUTER_BOUND ( 'NONE', #854, .T. ) ;
#4188 = ORIENTED_EDGE ( 'NONE', *, *, #2399, .F. ) ;
#4189 = DIRECTION ( 'NONE',  ( -1.000000000000000000, 0.000000000000000000, 0.000000000000000000 ) ) ;
#4190 = ORIENTED_EDGE ( 'NONE', *, *, #2169, .T. ) ;
#4191 = CARTESIAN_POINT ( 'NONE',  ( 5.052665715420540771, 38.35118100781438955, 3.469446951953614189E-15 ) ) ;
#4192 = CARTESIAN_POINT ( 'NONE',  ( -39.99999999999997868, -6.995563555471691508, -10.01391417451252330 ) ) ;
#4193 = DIRECTION ( 'NONE',  ( 0.000000000000000000, -0.000000000000000000, -1.000000000000000000 ) ) ;
#4194 = CARTESIAN_POINT ( 'NONE',  ( -21.34901871903792170, 36.96962611826761957, 3.469446951953614189E-15 ) ) ;
#4195 = CARTESIAN_POINT ( 'NONE',  ( -32.71715728752538865, 32.57573593128887524, -21.00000000000000000 ) ) ;
#4196 = EDGE_CURVE ( 'NONE', #1103, #63, #4006, .T. ) ;
#4197 = ADVANCED_FACE ( 'NONE', ( #3594 ), #5235, .T. ) ;
#4198 = ORIENTED_EDGE ( 'NONE', *, *, #2673, .F. ) ;
#4199 = CARTESIAN_POINT ( 'NONE',  ( 6.933513821201216842, 40.75262783848651793, -5.809228155108670855 ) ) ;
#4200 = CARTESIAN_POINT ( 'NONE',  ( 39.00000000000002132, -1.463389306263081613, -21.40000000000004121 ) ) ;
#4201 = DIRECTION ( 'NONE',  ( -0.000000000000000000, -0.000000000000000000, 1.000000000000000000 ) ) ;
#4202 = CARTESIAN_POINT ( 'NONE',  ( 0.000000000000000000, 0.000000000000000000, -10.49999999999999467 ) ) ;
#4203 = VECTOR ( 'NONE', #2158, 1000.000000000000000 ) ;
#4204 = VERTEX_POINT ( 'NONE', #2545 ) ;
#4205 = CARTESIAN_POINT ( 'NONE',  ( 21.15821875225013571, -36.16028908938451281, -0.1203346444273229732 ) ) ;
#4206 = CARTESIAN_POINT ( 'NONE',  ( 35.79999999999997584, 35.79999999999999716, 0.000000000000000000 ) ) ;
#4207 = LINE ( 'NONE', #513, #1541 ) ;
#4208 = ORIENTED_EDGE ( 'NONE', *, *, #4742, .F. ) ;
#4209 = CARTESIAN_POINT ( 'NONE',  ( -32.57573593128889655, -32.71715728752460706, -21.00000000000000000 ) ) ;
#4210 = ORIENTED_EDGE ( 'NONE', *, *, #175, .F. ) ;
#4211 = DIRECTION ( 'NONE',  ( 0.000000000000000000, 0.000000000000000000, -1.000000000000000000 ) ) ;
#4212 = VERTEX_POINT ( 'NONE', #1713 ) ;
#4213 = CARTESIAN_POINT ( 'NONE',  ( 36.62854763707962036, -12.43752441298967426, -7.999999999999996447 ) ) ;
#4214 =( BOUNDED_CURVE ( )  B_SPLINE_CURVE ( 3, ( #4364, #1385, #620, #2274 ),
 .UNSPECIFIED., .F., .T. ) 
 B_SPLINE_CURVE_WITH_KNOTS ( ( 4, 4 ),
 ( 0.007145586578830557048, 0.01034175139485542586 ),
 .UNSPECIFIED. ) 
 CURVE ( )  GEOMETRIC_REPRESENTATION_ITEM ( )  RATIONAL_B_SPLINE_CURVE ( ( 0.8543918654643847255, 0.8543918654643846144, 0.8543918654643847255, 0.8543918654643848365 ) ) 
 REPRESENTATION_ITEM ( '' )  );
#4215 = CARTESIAN_POINT ( 'NONE',  ( -39.99999999999998579, -8.015752016843336492, -8.376255239369042371 ) ) ;
#4216 = LINE ( 'NONE', #1344, #3459 ) ;
#4217 = CARTESIAN_POINT ( 'NONE',  ( -36.96962611825792777, 21.34901871904760640, 3.469446951953614189E-15 ) ) ;
#4218 = EDGE_CURVE ( 'NONE', #1869, #381, #4429, .T. ) ;
#4219 = FACE_OUTER_BOUND ( 'NONE', #3957, .T. ) ;
#4220 = EDGE_LOOP ( 'NONE', ( #1521, #2829, #2764, #980 ) ) ;
#4221 = DIRECTION ( 'NONE',  ( 0.000000000000000000, 1.000000000000000000, 0.000000000000000000 ) ) ;
#4222 = EDGE_CURVE ( 'NONE', #3695, #482, #1620, .T. ) ;
#4223 = EDGE_CURVE ( 'NONE', #2190, #3211, #3786, .T. ) ;
#4224 = CARTESIAN_POINT ( 'NONE',  ( 11.32047363535516027, 39.00000000000001421, -1.052885776254202099 ) ) ;
#4225 = DIRECTION ( 'NONE',  ( 0.000000000000000000, 0.000000000000000000, 1.000000000000000000 ) ) ;
#4226 = CARTESIAN_POINT ( 'NONE',  ( -38.99999999999999289, 5.750923830823857053, -3.145096581568709748 ) ) ;
#4227 = VERTEX_POINT ( 'NONE', #2518 ) ;
#4228 = CARTESIAN_POINT ( 'NONE',  ( 21.26052951526822810, -36.26063752814577157, -0.07553744719701160903 ) ) ;
#4229 = CARTESIAN_POINT ( 'NONE',  ( 10.34590320833610733, 40.00000000000002842, -6.655966007017569019 ) ) ;
#4230 = AXIS2_PLACEMENT_3D ( 'NONE', #1970, #374, #3636 ) ;
#4231 = CARTESIAN_POINT ( 'NONE',  ( 39.99999999999999289, 7.153009938310370686, -9.548478826821751753 ) ) ;
#4232 = EDGE_LOOP ( 'NONE', ( #1448, #3667, #5149, #3058, #2631, #2798, #2034, #1947 ) ) ;
#4233 = CARTESIAN_POINT ( 'NONE',  ( -28.35280479013119148, -29.05991157131614955, -9.900707914779498964 ) ) ;
#4234 = ORIENTED_EDGE ( 'NONE', *, *, #1287, .F. ) ;
#4235 = CARTESIAN_POINT ( 'NONE',  ( 9.803179785196308060, 9.994881995257584251, -2.000000000000000000 ) ) ;
#4236 = CIRCLE ( 'NONE', #70, 13.23820004496838720 ) ;
#4237 = ADVANCED_FACE ( 'NONE', ( #886 ), #3060, .T. ) ;
#4238 = ORIENTED_EDGE ( 'NONE', *, *, #3563, .T. ) ;
#4239 = CARTESIAN_POINT ( 'NONE',  ( -36.62854763707819217, -12.43752441299313816, -7.999999999999996447 ) ) ;
#4240 = CARTESIAN_POINT ( 'NONE',  ( -11.61044496192369913, 40.00000000000000711, -5.940935100629630483 ) ) ;
#4241 = CC_DESIGN_PERSON_AND_ORGANIZATION_ASSIGNMENT ( #3990, #4392, ( #1658 ) ) ;
#4242 = EDGE_CURVE ( 'NONE', #5080, #3912, #1292, .T. ) ;
#4243 = CARTESIAN_POINT ( 'NONE',  ( -39.00000000000002132, -1.463389306263081613, -21.40000000000004121 ) ) ;
#4244 = CARTESIAN_POINT ( 'NONE',  ( -19.34441602242662483, -33.49829972218224583, 2.423550492289005764E-12 ) ) ;
#4245 = DIRECTION ( 'NONE',  ( 1.000000000000000000, 0.000000000000000000, 0.000000000000000000 ) ) ;
#4246 = ORIENTED_EDGE ( 'NONE', *, *, #3470, .T. ) ;
#4247 = CYLINDRICAL_SURFACE ( 'NONE', #4554, 2.250000000000001776 ) ;
#4248 = CARTESIAN_POINT ( 'NONE',  ( 4.205752449842208307, -13.35333839647023702, -2.000000000000000000 ) ) ;
#4249 = CARTESIAN_POINT ( 'NONE',  ( 6.954135460285507442, 40.00000000000000000, -19.00000000000000355 ) ) ;
#4250 = CARTESIAN_POINT ( 'NONE',  ( -6.954135460285505665, 40.00000000000000000, -19.00000000000000000 ) ) ;
#4251 = LINE ( 'NONE', #531, #4474 ) ;
#4252 = FACE_BOUND ( 'NONE', #3924, .T. ) ;
#4253 = VERTEX_POINT ( 'NONE', #4922 ) ;
#4254 = CYLINDRICAL_SURFACE ( 'NONE', #3592, 0.3999999999999975797 ) ;
#4255 = AXIS2_PLACEMENT_3D ( 'NONE', #2309, #4293, #3969 ) ;
#4256 = DIRECTION ( 'NONE',  ( 0.000000000000000000, 0.000000000000000000, -1.000000000000000000 ) ) ;
#4257 = VERTEX_POINT ( 'NONE', #1215 ) ;
#4258 = CIRCLE ( 'NONE', #4346, 42.60000000000000142 ) ;
#4259 = CARTESIAN_POINT ( 'NONE',  ( 17.14610111041924867, -36.42727467651205586, -1.496574108677372061 ) ) ;
#4260 = EDGE_CURVE ( 'NONE', #3834, #3758, #2005, .T. ) ;
#4261 = CARTESIAN_POINT ( 'NONE',  ( -38.99999999999998579, -7.130158774034429214, -2.606440940972735820 ) ) ;
#4262 = ORIENTED_EDGE ( 'NONE', *, *, #2075, .F. ) ;
#4263 = PLANE ( 'NONE',  #3836 ) ;
#4264 = ORIENTED_EDGE ( 'NONE', *, *, #817, .F. ) ;
#4265 = CARTESIAN_POINT ( 'NONE',  ( 25.50791257258290301, -29.08073093501858253, -7.999999999999996447 ) ) ;
#4266 = ADVANCED_FACE ( 'NONE', ( #9 ), #4976, .F. ) ;
#4267 = CARTESIAN_POINT ( 'NONE',  ( 40.00000000000001421, 9.558424586246559329, -19.44607338324340517 ) ) ;
#4268 = CARTESIAN_POINT ( 'NONE',  ( -33.54999999999998295, -35.79999999999999005, -4.000000000000000000 ) ) ;
#4269 = CARTESIAN_POINT ( 'NONE',  ( -33.49829972218223872, -19.34441602241696145, -2.416611598385099343E-12 ) ) ;
#4270 = VERTEX_POINT ( 'NONE', #4999 ) ;
#4271 = VECTOR ( 'NONE', #3391, 1000.000000000000000 ) ;
#4272 = DIRECTION ( 'NONE',  ( 1.000000000000000000, 0.000000000000000000, 0.000000000000000000 ) ) ;
#4273 = ORIENTED_EDGE ( 'NONE', *, *, #917, .T. ) ;
#4274 = LINE ( 'NONE', #557, #3229 ) ;
#4275 =( BOUNDED_SURFACE ( )  B_SPLINE_SURFACE ( 3, 3, ( 
 ( #611, #3255, #253, #5211 ),
 ( #1097, #5260, #2400, #772 ),
 ( #1157, #3172, #2430, #2846 ),
 ( #4461, #742, #2818, #1958 ) ),
 .UNSPECIFIED., .F., .F., .F. ) 
 B_SPLINE_SURFACE_WITH_KNOTS ( ( 4, 4 ),
 ( 4, 4 ),
 ( 0.000000000000000000, 1.000000000000000000 ),
 ( 0.000000000000000000, 1.000000000000000000 ),
 .UNSPECIFIED. ) 
 GEOMETRIC_REPRESENTATION_ITEM ( )  RATIONAL_B_SPLINE_SURFACE ( (
 ( 1.000000000000000000, 0.9693429082191306057, 0.9693429082191306057, 1.000000000000000000),
 ( 1.000000000000000000, 0.9693429082191306057, 0.9693429082191306057, 1.000000000000000000),
 ( 1.000000000000000000, 0.9693429082191306057, 0.9693429082191306057, 1.000000000000000000),
 ( 1.000000000000000000, 0.9693429082191306057, 0.9693429082191306057, 1.000000000000000000) ) ) 
 REPRESENTATION_ITEM ( '' )  SURFACE ( )  );
#4276 = CARTESIAN_POINT ( 'NONE',  ( 32.99999999999920419, -32.29289321881349650, -22.00000000000000000 ) ) ;
#4277 = CARTESIAN_POINT ( 'NONE',  ( 37.35674795034866236, 18.09375033172269198, -0.2996631535647502065 ) ) ;
#4278 = AXIS2_PLACEMENT_3D ( 'NONE', #936, #2129, #553 ) ;
#4279 = CARTESIAN_POINT ( 'NONE',  ( 15.98866535842936187, -40.99908904983092128, -3.999999999999995115 ) ) ;
#4280 = CARTESIAN_POINT ( 'NONE',  ( -38.99999999999998579, 15.65217810064660853, -0.06708970149025497709 ) ) ;
#4281 = ORIENTED_EDGE ( 'NONE', *, *, #442, .F. ) ;
#4282 = CARTESIAN_POINT ( 'NONE',  ( 18.92077598718242726, -38.16791124357527565, 3.035766082959412415E-15 ) ) ;
#4283 = DIRECTION ( 'NONE',  ( 0.000000000000000000, 0.000000000000000000, -1.000000000000000000 ) ) ;
#4284 = ORIENTED_EDGE ( 'NONE', *, *, #2393, .F. ) ;
#4285 = CIRCLE ( 'NONE', #5226, 2.250000000000001776 ) ;
#4286 = EDGE_CURVE ( 'NONE', #2938, #4288, #4258, .T. ) ;
#4287 = CARTESIAN_POINT ( 'NONE',  ( 39.00000000000000000, 1.467005240298089097, -4.423747865370457610 ) ) ;
#4288 = VERTEX_POINT ( 'NONE', #1846 ) ;
#4289 = ORIENTED_EDGE ( 'NONE', *, *, #609, .F. ) ;
#4290 = CARTESIAN_POINT ( 'NONE',  ( -17.56981498914510809, 36.84286170721740206, -0.8217467033330729809 ) ) ;
#4291 = EDGE_CURVE ( 'NONE', #4181, #2500, #2789, .T. ) ;
#4292 = ORIENTED_EDGE ( 'NONE', *, *, #3668, .F. ) ;
#4293 = DIRECTION ( 'NONE',  ( 0.000000000000000000, 0.000000000000000000, -1.000000000000000000 ) ) ;
#4294 = CARTESIAN_POINT ( 'NONE',  ( 38.99999999999998579, 4.776122516674676300E-15, -4.512880845167546617 ) ) ;
#4295 = DIRECTION ( 'NONE',  ( 0.000000000000000000, 0.000000000000000000, -1.000000000000000000 ) ) ;
#4296 = CARTESIAN_POINT ( 'NONE',  ( 36.62854763708607919, -12.43752441299234768, 3.469446951953614189E-15 ) ) ;
#4297 = ORIENTED_EDGE ( 'NONE', *, *, #4454, .F. ) ;
#4298 = FACE_OUTER_BOUND ( 'NONE', #664, .T. ) ;
#4299 = CARTESIAN_POINT ( 'NONE',  ( -33.87158484991893204, 25.98556513422253289, 3.469446951953614189E-15 ) ) ;
#4300 = ORIENTED_EDGE ( 'NONE', *, *, #1011, .F. ) ;
#4301 = LINE ( 'NONE', #583, #3568 ) ;
#4302 = CARTESIAN_POINT ( 'NONE',  ( -34.74887402186393359, -19.71920331487916300, -2.000000000000000888 ) ) ;
#4303 = DIRECTION ( 'NONE',  ( 0.7071067811865466846, -0.7071067811865483499, 0.000000000000000000 ) ) ;
#4304 = DIRECTION ( 'NONE',  ( 1.000000000000000000, 0.000000000000000000, 0.000000000000000000 ) ) ;
#4305 = DIRECTION ( 'NONE',  ( 0.000000000000000000, 0.000000000000000000, 1.000000000000000000 ) ) ;
#4306 = EDGE_LOOP ( 'NONE', ( #2921, #2097, #1317, #2623 ) ) ;
#4307 = CARTESIAN_POINT ( 'NONE',  ( 38.60000000000000853, 2.363568322354392619E-15, -7.999999999999996447 ) ) ;
#4308 = B_SPLINE_CURVE_WITH_KNOTS ( 'NONE', 3,
 ( #4249, #173, #5136, #2599 ),
 .UNSPECIFIED., .F., .F.,
 ( 4, 4 ),
 ( 0.02181336887358435381, 0.02972557279073495540 ),
 .UNSPECIFIED. ) ;
#4309 = CARTESIAN_POINT ( 'NONE',  ( 40.00000000000002132, 16.05023364315919565, -4.000000000000000000 ) ) ;
#4310 = ORIENTED_EDGE ( 'NONE', *, *, #3176, .F. ) ;
#4311 = DIRECTION ( 'NONE',  ( -0.000000000000000000, -0.000000000000000000, 1.000000000000000000 ) ) ;
#4312 = ORIENTED_EDGE ( 'NONE', *, *, #3055, .T. ) ;
#4313 = CARTESIAN_POINT ( 'NONE',  ( -39.00000000000002842, -0.7350938140597232939, -4.512880845167388522 ) ) ;
#4314 = ORIENTED_EDGE ( 'NONE', *, *, #217, .T. ) ;
#4315 = FACE_OUTER_BOUND ( 'NONE', #3306, .T. ) ;
#4316 = EDGE_CURVE ( 'NONE', #4804, #3834, #4704, .T. ) ;
#4317 = AXIS2_PLACEMENT_3D ( 'NONE', #3079, #2250, #595 ) ;
#4318 = ORIENTED_EDGE ( 'NONE', *, *, #4507, .T. ) ;
#4319 = CARTESIAN_POINT ( 'NONE',  ( 2.526364092029770525, 38.60000000000000853, -7.999999999999996447 ) ) ;
#4320 = CIRCLE ( 'NONE', #3816, 42.60000000000000142 ) ;
#4321 = EDGE_CURVE ( 'NONE', #5294, #4672, #1238, .T. ) ;
#4322 = AXIS2_PLACEMENT_3D ( 'NONE', #1873, #3971, #1953 ) ;
#4323 = PLANE ( 'NONE',  #2001 ) ;
#4324 = DIRECTION ( 'NONE',  ( -1.000000000000000000, 0.000000000000000000, 0.000000000000000000 ) ) ;
#4325 = CARTESIAN_POINT ( 'NONE',  ( -38.35118100781438955, 5.052665715420568304, 3.469446951953614189E-15 ) ) ;
#4326 = ORIENTED_EDGE ( 'NONE', *, *, #4853, .T. ) ;
#4327 = CARTESIAN_POINT ( 'NONE',  ( 38.29028411452933511, -18.87824139104302290, 3.469446951953614189E-15 ) ) ;
#4328 = ADVANCED_FACE ( 'NONE', ( #2178 ), #4323, .F. ) ;
#4329 = EDGE_LOOP ( 'NONE', ( #3216, #2261 ) ) ;
#4330 = FACE_OUTER_BOUND ( 'NONE', #985, .T. ) ;
#4331 = DIRECTION ( 'NONE',  ( 0.000000000000000000, 0.000000000000000000, 1.000000000000000000 ) ) ;
#4332 = DIRECTION ( 'NONE',  ( -0.7071067811865479058, -0.7071067811865472397, 0.000000000000000000 ) ) ;
#4333 = CARTESIAN_POINT ( 'NONE',  ( 38.55619126301595401, -18.15106376797318433, 2.602085213965211825E-15 ) ) ;
#4334 = CARTESIAN_POINT ( 'NONE',  ( -38.55619126301530031, 18.15106376796148169, 2.602085213965210642E-15 ) ) ;
#4335 = ORIENTED_EDGE ( 'NONE', *, *, #1181, .T. ) ;
#4336 = DIRECTION ( 'NONE',  ( -0.000000000000000000, 0.000000000000000000, 1.000000000000000000 ) ) ;
#4337 = FACE_OUTER_BOUND ( 'NONE', #4735, .T. ) ;
#4338 = DIRECTION ( 'NONE',  ( 0.000000000000000000, 0.000000000000000000, 1.000000000000000000 ) ) ;
#4339 = FACE_OUTER_BOUND ( 'NONE', #2264, .T. ) ;
#4340 =( NAMED_UNIT ( * ) PLANE_ANGLE_UNIT ( ) SI_UNIT ( $, .RADIAN. ) );
#4341 = ORIENTED_EDGE ( 'NONE', *, *, #1410, .F. ) ;
#4342 = EDGE_CURVE ( 'NONE', #4593, #3159, #795, .T. ) ;
#4343 = CIRCLE ( 'NONE', #447, 2.250000000000001776 ) ;
#4344 = B_SPLINE_CURVE_WITH_KNOTS ( 'NONE', 3,
 ( #525, #1479, #3147, #4790 ),
 .UNSPECIFIED., .F., .F.,
 ( 4, 4 ),
 ( 0.8744108413005375890, 0.9276359641803740841 ),
 .UNSPECIFIED. ) ;
#4345 = DIRECTION ( 'NONE',  ( -0.7002271275140118378, -0.7139201425183883121, 0.000000000000000000 ) ) ;
#4346 = AXIS2_PLACEMENT_3D ( 'NONE', #988, #5048, #191 ) ;
#4347 = APPROVAL_PERSON_ORGANIZATION ( #954, #1983, #4417 ) ;
#4348 = VERTEX_POINT ( 'NONE', #961 ) ;
#4349 = CARTESIAN_POINT ( 'NONE',  ( -5.052665715418355852, 38.35118100780920969, -7.999999999999996447 ) ) ;
#4350 = AXIS2_PLACEMENT_3D ( 'NONE', #1761, #2669, #3054 ) ;
#4351 = CARTESIAN_POINT ( 'NONE',  ( 40.00000000000002842, 14.65469208137784207, -21.00000000000000000 ) ) ;
#4352 = LINE ( 'NONE', #706, #1118 ) ;
#4353 = CARTESIAN_POINT ( 'NONE',  ( -36.62854763708605788, 12.43752441299481859, 3.469446951953614189E-15 ) ) ;
#4354 = ORIENTED_EDGE ( 'NONE', *, *, #2853, .F. ) ;
#4355 = FACE_OUTER_BOUND ( 'NONE', #2535, .T. ) ;
#4356 = DIRECTION ( 'NONE',  ( -0.7071067811865474617, 0.7071067811865474617, 0.000000000000000000 ) ) ;
#4357 = DIRECTION ( 'NONE',  ( 0.000000000000000000, 0.000000000000000000, -1.000000000000000000 ) ) ;
#4358 = EDGE_CURVE ( 'NONE', #4204, #1652, #3194, .T. ) ;
#4359 = EDGE_CURVE ( 'NONE', #1969, #1303, #990, .T. ) ;
#4360 = CARTESIAN_POINT ( 'NONE',  ( 33.34343045132883532, -26.60722896902954915, 2.602085213965211036E-15 ) ) ;
#4361 = CARTESIAN_POINT ( 'NONE',  ( -28.78110756676858983, 31.42703358310128792, 2.602085213965210642E-15 ) ) ;
#4362 = ORIENTED_EDGE ( 'NONE', *, *, #2512, .F. ) ;
#4363 = DIRECTION ( 'NONE',  ( 0.000000000000000000, 0.000000000000000000, -1.000000000000000000 ) ) ;
#4364 = CARTESIAN_POINT ( 'NONE',  ( -36.19812535941412790, -16.91247075436168856, -2.000000000000000000 ) ) ;
#4365 = DIRECTION ( 'NONE',  ( 1.000000000000000000, 0.000000000000000000, 0.000000000000000000 ) ) ;
#4366 = DIRECTION ( 'NONE',  ( 1.000000000000000000, 0.000000000000000000, 0.000000000000000000 ) ) ;
#4367 = DIRECTION ( 'NONE',  ( 1.000000000000000000, 0.000000000000000000, 0.000000000000000000 ) ) ;
#4368 = ORIENTED_EDGE ( 'NONE', *, *, #1387, .F. ) ;
#4369 = DIRECTION ( 'NONE',  ( 1.000000000000000000, 0.000000000000000000, 0.000000000000000000 ) ) ;
#4370 = AXIS2_PLACEMENT_3D ( 'NONE', #4419, #2833, #2386 ) ;
#4371 = ORIENTED_EDGE ( 'NONE', *, *, #2495, .F. ) ;
#4372 = FACE_OUTER_BOUND ( 'NONE', #2465, .T. ) ;
#4373 = AXIS2_PLACEMENT_3D ( 'NONE', #2265, #198, #3494 ) ;
#4374 = CARTESIAN_POINT ( 'NONE',  ( 29.76712057264955291, -30.47422735383694459, -21.00000000000000355 ) ) ;
#4375 = CARTESIAN_POINT ( 'NONE',  ( -0.3535533905940366206, 0.3535533905940374533, -21.00000000000000000 ) ) ;
#4376 = CARTESIAN_POINT ( 'NONE',  ( -12.43752441299386469, -36.62854763707789374, -7.999999999999996447 ) ) ;
#4377 = VERTEX_POINT ( 'NONE', #109 ) ;
#4378 = CARTESIAN_POINT ( 'NONE',  ( -5.576258017536722456, -42.32539665628530656, 3.469446951953614189E-15 ) ) ;
#4379 = CARTESIAN_POINT ( 'NONE',  ( -40.00000000000002842, 0.000000000000000000, -21.00000000000000000 ) ) ;
#4380 = CARTESIAN_POINT ( 'NONE',  ( -38.60000000000000853, 0.000000000000000000, 2.602085213965210642E-15 ) ) ;
#4381 = EDGE_CURVE ( 'NONE', #5241, #316, #1914, .T. ) ;
#4382 = FACE_OUTER_BOUND ( 'NONE', #992, .T. ) ;
#4383 = LINE ( 'NONE', #2321, #1014 ) ;
#4384 = CARTESIAN_POINT ( 'NONE',  ( -35.79999999999998295, 35.79999999999999716, -4.000000000000000000 ) ) ;
#4385 = ORIENTED_EDGE ( 'NONE', *, *, #2721, .T. ) ;
#4386 = FACE_OUTER_BOUND ( 'NONE', #5257, .T. ) ;
#4387 = ADVANCED_FACE ( 'NONE', ( #2257 ), #3407, .T. ) ;
#4388 = CARTESIAN_POINT ( 'NONE',  ( 0.000000000000000000, 0.000000000000000000, 0.000000000000000000 ) ) ;
#4389 = CIRCLE ( 'NONE', #3610, 2.250000000000001776 ) ;
#4390 = DIRECTION ( 'NONE',  ( 1.000000000000000000, 0.000000000000000000, 0.000000000000000000 ) ) ;
#4391 = DIRECTION ( 'NONE',  ( -0.7139201425183883121, 0.7002271275140119489, 0.000000000000000000 ) ) ;
#4392 = PERSON_AND_ORGANIZATION_ROLE ( 'design_supplier' ) ;
#4393 = ORIENTED_EDGE ( 'NONE', *, *, #4854, .F. ) ;
#4394 = EDGE_CURVE ( 'NONE', #995, #2198, #1369, .T. ) ;
#4395 = CARTESIAN_POINT ( 'NONE',  ( 0.000000000000000000, 0.000000000000000000, -25.00000000000000000 ) ) ;
#4396 = ORIENTED_EDGE ( 'NONE', *, *, #2066, .F. ) ;
#4397 = DIRECTION ( 'NONE',  ( 0.000000000000000000, 0.000000000000000000, -1.000000000000000000 ) ) ;
#4398 = EDGE_CURVE ( 'NONE', #698, #4104, #529, .T. ) ;
#4399 = DIRECTION ( 'NONE',  ( -0.000000000000000000, -0.000000000000000000, 1.000000000000000000 ) ) ;
#4400 = CARTESIAN_POINT ( 'NONE',  ( -4.205752449840535867, 13.35333839647076104, -2.000000000000000000 ) ) ;
#4401 = CARTESIAN_POINT ( 'NONE',  ( -29.08073093502098416, 25.50791257258050493, -7.999999999999996447 ) ) ;
#4402 = ORIENTED_EDGE ( 'NONE', *, *, #3899, .T. ) ;
#4403 = CARTESIAN_POINT ( 'NONE',  ( 28.15121957492154081, -32.09427818217232442, 3.469446951953614189E-15 ) ) ;
#4404 = AXIS2_PLACEMENT_3D ( 'NONE', #5051, #167, #2619 ) ;
#4405 = EDGE_CURVE ( 'NONE', #2026, #606, #2147, .T. ) ;
#4406 = LINE ( 'NONE', #1557, #4950 ) ;
#4407 = DIRECTION ( 'NONE',  ( -0.000000000000000000, -0.000000000000000000, 1.000000000000000000 ) ) ;
#4408 = CARTESIAN_POINT ( 'NONE',  ( 6.954135460285507442, 40.00000000000000000, -19.00000000000000355 ) ) ;
#4409 = CARTESIAN_POINT ( 'NONE',  ( 30.37543826453568840, -29.88829688092954129, 2.602085213965211430E-15 ) ) ;
#4410 = LINE ( 'NONE', #2377, #2417 ) ;
#4411 = ORIENTED_EDGE ( 'NONE', *, *, #3631, .T. ) ;
#4412 = CARTESIAN_POINT ( 'NONE',  ( 0.000000000000000000, 0.000000000000000000, -25.00000000000000000 ) ) ;
#4413 = CARTESIAN_POINT ( 'NONE',  ( 7.128943132256969406, -39.00000000000002132, -2.606923495489921638 ) ) ;
#4414 = ORIENTED_EDGE ( 'NONE', *, *, #4521, .T. ) ;
#4415 = DIRECTION ( 'NONE',  ( -0.000000000000000000, -1.000000000000000000, -0.000000000000000000 ) ) ;
#4416 = DIRECTION ( 'NONE',  ( -0.7002271275140118378, -0.7139201425183882010, 0.000000000000000000 ) ) ;
#4417 = APPROVAL_ROLE ( '' ) ;
#4418 = ORIENTED_EDGE ( 'NONE', *, *, #826, .T. ) ;
#4419 = CARTESIAN_POINT ( 'NONE',  ( -5.106985117663508156, 16.21476805285735523, 2.602085213965210642E-15 ) ) ;
#4420 = CARTESIAN_POINT ( 'NONE',  ( 35.79999999999997584, 35.79999999999999716, -4.000000000000000000 ) ) ;
#4421 = ORIENTED_EDGE ( 'NONE', *, *, #3630, .F. ) ;
#4422 = EDGE_CURVE ( 'NONE', #5122, #2249, #2394, .T. ) ;
#4423 = FACE_OUTER_BOUND ( 'NONE', #518, .T. ) ;
#4424 = DIRECTION ( 'NONE',  ( 1.000000000000000000, 0.000000000000000000, 0.000000000000000000 ) ) ;
#4425 = AXIS2_PLACEMENT_3D ( 'NONE', #1979, #4397, #1626 ) ;
#4426 = CARTESIAN_POINT ( 'NONE',  ( -32.71715728752538865, 32.57573593128887524, -22.00000000000000000 ) ) ;
#4427 = CARTESIAN_POINT ( 'NONE',  ( -36.62854763707819217, -12.43752441299313816, -7.999999999999996447 ) ) ;
#4428 = EDGE_LOOP ( 'NONE', ( #4292, #4534, #4368, #3430 ) ) ;
#4429 = CIRCLE ( 'NONE', #2973, 0.3999999999999975797 ) ;
#4430 = EDGE_CURVE ( 'NONE', #516, #4377, #3562, .T. ) ;
#4431 = CARTESIAN_POINT ( 'NONE',  ( 36.96962611825790646, 21.34901871904762771, 3.469446951953614189E-15 ) ) ;
#4432 = DIRECTION ( 'NONE',  ( 0.7139201425183882010, -0.7002271275140118378, 0.000000000000000000 ) ) ;
#4433 = CARTESIAN_POINT ( 'NONE',  ( -32.01005050633965254, -32.71715728752460706, -22.00000000000000000 ) ) ;
#4434 = DIRECTION ( 'NONE',  ( 0.7071067811865474617, 0.7071067811865474617, 0.000000000000000000 ) ) ;
#4435 = CARTESIAN_POINT ( 'NONE',  ( -2.936153032370883320, 39.00000000000001421, -21.48318011644054693 ) ) ;
#4436 = CARTESIAN_POINT ( 'NONE',  ( -27.13279951912272026, 32.89850744140551342, 2.602085213965210642E-15 ) ) ;
#4437 = ORIENTED_EDGE ( 'NONE', *, *, #442, .T. ) ;
#4438 = DIRECTION ( 'NONE',  ( -1.000000000000000000, 0.000000000000000000, 0.000000000000000000 ) ) ;
#4439 = CARTESIAN_POINT ( 'NONE',  ( -9.216557336309882942, -38.99999999999999289, -1.793028025699463068 ) ) ;
#4440 = ORIENTED_EDGE ( 'NONE', *, *, #2815, .T. ) ;
#4441 = CARTESIAN_POINT ( 'NONE',  ( -39.00000000000002132, 0.000000000000000000, -25.00000000000000000 ) ) ;
#4442 = AXIS2_PLACEMENT_3D ( 'NONE', #289, #3554, #3208 ) ;
#4443 = CARTESIAN_POINT ( 'NONE',  ( 38.62095163394744901, 15.06124857429785102, -7.974924713410731947 ) ) ;
#4444 = APPROVAL_DATE_TIME ( #4072, #1882 ) ;
#4445 = VERTEX_POINT ( 'NONE', #1180 ) ;
#4446 = CARTESIAN_POINT ( 'NONE',  ( -25.50791257241623100, 29.08073093518525809, -7.999999999999996447 ) ) ;
#4447 = DIRECTION ( 'NONE',  ( 1.000000000000000000, 0.000000000000000000, 0.000000000000000000 ) ) ;
#4448 = EDGE_CURVE ( 'NONE', #3662, #3604, #3139, .T. ) ;
#4449 = VERTEX_POINT ( 'NONE', #1981 ) ;
#4450 = CARTESIAN_POINT ( 'NONE',  ( 28.93703198470258542, -28.47820534928947467, -10.49999999999999467 ) ) ;
#4451 = DIRECTION ( 'NONE',  ( 0.000000000000000000, 0.000000000000000000, -1.000000000000000000 ) ) ;
#4452 = EDGE_LOOP ( 'NONE', ( #2137, #898, #1069, #2851, #2859, #789, #3353, #4190, #2023, #4264, #2423 ) ) ;
#4453 = DIRECTION ( 'NONE',  ( -0.000000000000000000, -0.000000000000000000, 1.000000000000000000 ) ) ;
#4454 = EDGE_CURVE ( 'NONE', #3662, #758, #3752, .T. ) ;
#4455 = ADVANCED_FACE ( 'NONE', ( #4783 ), #1926, .T. ) ;
#4456 = FACE_OUTER_BOUND ( 'NONE', #4761, .T. ) ;
#4457 = CARTESIAN_POINT ( 'NONE',  ( 38.35118100780898942, -5.052665715419458969, -7.999999999999996447 ) ) ;
#4458 = VERTEX_POINT ( 'NONE', #735 ) ;
#4459 = CIRCLE ( 'NONE', #3686, 14.00000000000000000 ) ;
#4460 = CARTESIAN_POINT ( 'NONE',  ( -29.08073093502342132, -25.50791257257806421, 3.469446951953614189E-15 ) ) ;
#4461 = CARTESIAN_POINT ( 'NONE',  ( -7.229007038352544434, 42.48942759369028721, -3.999999999999994671 ) ) ;
#4462 = LINE ( 'NONE', #4433, #4587 ) ;
#4463 = LINE ( 'NONE', #1531, #5099 ) ;
#4464 = DIRECTION ( 'NONE',  ( -1.000000000000000000, 0.000000000000000000, 0.000000000000000000 ) ) ;
#4465 = CYLINDRICAL_SURFACE ( 'NONE', #1546, 40.60000000000000142 ) ;
#4466 = ORIENTED_EDGE ( 'NONE', *, *, #2488, .F. ) ;
#4467 = CARTESIAN_POINT ( 'NONE',  ( -33.54999999999998295, -35.79999999999999005, 0.000000000000000000 ) ) ;
#4468 = CARTESIAN_POINT ( 'NONE',  ( 14.18848852677064798, -38.99999999999997868, -0.2925858337542796006 ) ) ;
#4469 = ORIENTED_EDGE ( 'NONE', *, *, #2202, .F. ) ;
#4470 = LINE ( 'NONE', #3266, #2280 ) ;
#4471 = DIRECTION ( 'NONE',  ( 0.000000000000000000, 0.000000000000000000, 1.000000000000000000 ) ) ;
#4472 = VERTEX_POINT ( 'NONE', #3165 ) ;
#4473 = CARTESIAN_POINT ( 'NONE',  ( 38.35118100785403072, 5.052665715192916629, -7.999999999999996447 ) ) ;
#4474 = VECTOR ( 'NONE', #1507, 1000.000000000000000 ) ;
#4475 = CARTESIAN_POINT ( 'NONE',  ( 7.531811502727500773, -40.00000000000000711, -8.924423628834006195 ) ) ;
#4476 = VERTEX_POINT ( 'NONE', #326 ) ;
#4477 = LINE ( 'NONE', #759, #3724 ) ;
#4478 = VERTEX_POINT ( 'NONE', #1122 ) ;
#4479 = CARTESIAN_POINT ( 'NONE',  ( -38.45925868526574476, -18.33405147083335507, 2.602085213965210642E-15 ) ) ;
#4480 = ORIENTED_EDGE ( 'NONE', *, *, #2228, .F. ) ;
#4481 = DIRECTION ( 'NONE',  ( 0.000000000000000000, 0.000000000000000000, -1.000000000000000000 ) ) ;
#4482 = DIRECTION ( 'NONE',  ( -0.000000000000000000, 0.000000000000000000, 1.000000000000000000 ) ) ;
#4483 = CARTESIAN_POINT ( 'NONE',  ( -10.00830714422680501, 37.36544263932020726, -7.999999999999996447 ) ) ;
#4484 = ORIENTED_EDGE ( 'NONE', *, *, #1723, .F. ) ;
#4485 = CARTESIAN_POINT ( 'NONE',  ( 17.10563656559017431, -34.69495227280462757, 3.469446951953614189E-15 ) ) ;
#4486 = ADVANCED_FACE ( 'NONE', ( #2838 ), #5179, .T. ) ;
#4487 = FACE_OUTER_BOUND ( 'NONE', #4147, .T. ) ;
#4488 = DIRECTION ( 'NONE',  ( -0.7071067811865481278, -0.7071067811865470176, 0.000000000000000000 ) ) ;
#4489 = DIRECTION ( 'NONE',  ( 0.000000000000000000, -1.000000000000000000, 0.000000000000000000 ) ) ;
#4490 = AXIS2_PLACEMENT_3D ( 'NONE', #1892, #3555, #5197 ) ;
#4491 = ORIENTED_EDGE ( 'NONE', *, *, #1897, .F. ) ;
#4492 = FACE_OUTER_BOUND ( 'NONE', #2391, .T. ) ;
#4493 = EDGE_CURVE ( 'NONE', #349, #1731, #599, .T. ) ;
#4494 = CARTESIAN_POINT ( 'NONE',  ( -25.37653677162592913, 34.23545561206534416, 2.602085213965211825E-15 ) ) ;
#4495 = EDGE_LOOP ( 'NONE', ( #355, #573, #4466, #2183 ) ) ;
#4496 = AXIS2_PLACEMENT_3D ( 'NONE', #1831, #3497, #1431 ) ;
#4497 = DIRECTION ( 'NONE',  ( -1.000000000000000000, 0.000000000000000000, -0.000000000000000000 ) ) ;
#4498 = CARTESIAN_POINT ( 'NONE',  ( 5.742546231495991194, -39.00000000000000711, -3.148320723281007094 ) ) ;
#4499 = ORIENTED_EDGE ( 'NONE', *, *, #3170, .T. ) ;
#4500 = CARTESIAN_POINT ( 'NONE',  ( 14.65469208137788115, -40.00000000000001421, -21.00000000000000000 ) ) ;
#4501 = CARTESIAN_POINT ( 'NONE',  ( 40.99908904983091418, 15.98866535842949332, -3.999999999999995115 ) ) ;
#4502 = COORDINATED_UNIVERSAL_TIME_OFFSET ( 1, 0, .AHEAD. ) ;
#4503 = ORIENTED_EDGE ( 'NONE', *, *, #2195, .F. ) ;
#4504 = CARTESIAN_POINT ( 'NONE',  ( 38.60000000000001563, 2.526364092261793370, -7.999999999999996447 ) ) ;
#4505 = CARTESIAN_POINT ( 'NONE',  ( 8.190432824124824762, -39.99999999999999289, -8.209821757904860462 ) ) ;
#4506 = ORIENTED_EDGE ( 'NONE', *, *, #2115, .T. ) ;
#4507 = EDGE_CURVE ( 'NONE', #1680, #2889, #3397, .T. ) ;
#4508 = CIRCLE ( 'NONE', #3135, 2.250000000000001776 ) ;
#4509 = CARTESIAN_POINT ( 'NONE',  ( 0.000000000000000000, 40.00000000000000711, -21.00000000000000000 ) ) ;
#4510 = DIRECTION ( 'NONE',  ( -1.000000000000000000, 0.000000000000000000, 0.000000000000000000 ) ) ;
#4511 = ORIENTED_EDGE ( 'NONE', *, *, #1454, .T. ) ;
#4512 = CARTESIAN_POINT ( 'NONE',  ( 5.101756521647062392, -39.00000000000000711, -21.72560257064044009 ) ) ;
#4513 = CARTESIAN_POINT ( 'NONE',  ( 30.82780481700201491, -30.12069803581630367, -3.999999999999994671 ) ) ;
#4514 = DIRECTION ( 'NONE',  ( 0.000000000000000000, 0.000000000000000000, 1.000000000000000000 ) ) ;
#4515 = ORIENTED_EDGE ( 'NONE', *, *, #3808, .F. ) ;
#4516 = CARTESIAN_POINT ( 'NONE',  ( -5.052665715420532777, -38.35118100780472616, 6.938893903907228378E-15 ) ) ;
#4517 = AXIS2_PLACEMENT_3D ( 'NONE', #1235, #3275, #4830 ) ;
#4518 = CARTESIAN_POINT ( 'NONE',  ( -14.24795906952779134, -40.00000000000000000, -4.714983365793122161 ) ) ;
#4519 = DIRECTION ( 'NONE',  ( 0.000000000000000000, 0.000000000000000000, 1.000000000000000000 ) ) ;
#4520 = CARTESIAN_POINT ( 'NONE',  ( 21.34901871904763127, -36.96962611825790646, 3.469446951953614189E-15 ) ) ;
#4521 = EDGE_CURVE ( 'NONE', #2272, #389, #4081, .T. ) ;
#4522 = VECTOR ( 'NONE', #4424, 1000.000000000000000 ) ;
#4523 = DIRECTION ( 'NONE',  ( 0.000000000000000000, -0.000000000000000000, -1.000000000000000000 ) ) ;
#4524 = LOCAL_TIME ( 20, 30, 7.000000000000000000, #754 ) ;
#4525 = DIRECTION ( 'NONE',  ( 0.000000000000000000, 0.000000000000000000, -1.000000000000000000 ) ) ;
#4526 = VERTEX_POINT ( 'NONE', #2338 ) ;
#4527 = CARTESIAN_POINT ( 'NONE',  ( 15.06124857429791675, 38.62095163394742059, -10.49999999999999467 ) ) ;
#4528 = AXIS2_PLACEMENT_3D ( 'NONE', #5311, #4, #4189 ) ;
#4529 = EDGE_CURVE ( 'NONE', #453, #3608, #3997, .T. ) ;
#4530 = DIRECTION ( 'NONE',  ( 1.000000000000000000, 0.000000000000000000, 0.000000000000000000 ) ) ;
#4531 = ORIENTED_EDGE ( 'NONE', *, *, #4572, .T. ) ;
#4532 = CARTESIAN_POINT ( 'NONE',  ( -30.82780481700321573, -30.12069803581507088, -3.999999999999994671 ) ) ;
#4533 = CARTESIAN_POINT ( 'NONE',  ( -35.80000000000001847, 40.00000000000000711, -21.00000000000000000 ) ) ;
#4534 = ORIENTED_EDGE ( 'NONE', *, *, #4944, .T. ) ;
#4535 = CARTESIAN_POINT ( 'NONE',  ( -30.69115434744801973, 23.54560596688463647, -7.999999999999996447 ) ) ;
#4536 = PLANE ( 'NONE',  #2349 ) ;
#4537 = AXIS2_PLACEMENT_3D ( 'NONE', #4850, #4018, #210 ) ;
#4538 = ORIENTED_EDGE ( 'NONE', *, *, #1728, .F. ) ;
#4539 = CARTESIAN_POINT ( 'NONE',  ( 34.80812422002884432, -22.51252100524376232, -10.49999999999999645 ) ) ;
#4540 = CARTESIAN_POINT ( 'NONE',  ( -28.51653675063761995, -29.22364353182257446, -8.121691822199856858 ) ) ;
#4541 = VERTEX_POINT ( 'NONE', #4374 ) ;
#4542 = CARTESIAN_POINT ( 'NONE',  ( -29.92424415786706859, 29.21713737668129340, -5.647303474583155847 ) ) ;
#4543 = CARTESIAN_POINT ( 'NONE',  ( 29.05991157131652258, -28.35280479013081845, -9.900707914779498964 ) ) ;
#4544 = ORIENTED_EDGE ( 'NONE', *, *, #5115, .T. ) ;
#4545 = EDGE_LOOP ( 'NONE', ( #194, #2162, #783, #2899 ) ) ;
#4546 = CARTESIAN_POINT ( 'NONE',  ( -33.49829972218223872, -19.34441602241696145, -2.416611598385099343E-12 ) ) ;
#4547 = CARTESIAN_POINT ( 'NONE',  ( -39.99999999999998579, -8.734943625907297005, -7.733688831329118329 ) ) ;
#4548 = CARTESIAN_POINT ( 'NONE',  ( 38.60000000000000853, 2.363568322354392619E-15, -7.999999999999996447 ) ) ;
#4549 = CARTESIAN_POINT ( 'NONE',  ( 42.32539665629497705, -5.576258017536721567, 3.469446951953614189E-15 ) ) ;
#4550 = CIRCLE ( 'NONE', #3511, 14.00000000000000000 ) ;
#4551 = FACE_OUTER_BOUND ( 'NONE', #5152, .T. ) ;
#4552 = CARTESIAN_POINT ( 'NONE',  ( -37.09044855943374586, -17.82224342825414709, -0.5400751958446893264 ) ) ;
#4553 = ORIENTED_EDGE ( 'NONE', *, *, #554, .F. ) ;
#4554 = AXIS2_PLACEMENT_3D ( 'NONE', #5159, #2624, #3120 ) ;
#4555 = FACE_OUTER_BOUND ( 'NONE', #3419, .T. ) ;
#4556 = EDGE_CURVE ( 'NONE', #2769, #4478, #654, .T. ) ;
#4557 = CARTESIAN_POINT ( 'NONE',  ( 1.476395939413570169, 39.00000000000000711, -4.406193807873981960 ) ) ;
#4558 = ORIENTED_EDGE ( 'NONE', *, *, #2877, .F. ) ;
#4559 = CARTESIAN_POINT ( 'NONE',  ( 9.803179785195043294, 9.994881995258682039, -2.000000000000000000 ) ) ;
#4560 = ORIENTED_EDGE ( 'NONE', *, *, #2300, .F. ) ;
#4561 = DIRECTION ( 'NONE',  ( -0.000000000000000000, 0.000000000000000000, 1.000000000000000000 ) ) ;
#4562 = CARTESIAN_POINT ( 'NONE',  ( 7.265510861814689747, -40.00000000000000711, -9.331456483968501914 ) ) ;
#4563 = ORIENTED_EDGE ( 'NONE', *, *, #4291, .T. ) ;
#4564 = CARTESIAN_POINT ( 'NONE',  ( 7.853121567701223604, -7.702498402653104925, 0.000000000000000000 ) ) ;
#4565 = EDGE_CURVE ( 'NONE', #4919, #625, #3144, .T. ) ;
#4566 = DIRECTION ( 'NONE',  ( 1.000000000000000000, 0.000000000000000000, 0.000000000000000000 ) ) ;
#4567 = ORIENTED_EDGE ( 'NONE', *, *, #1915, .T. ) ;
#4568 = CARTESIAN_POINT ( 'NONE',  ( 40.00000000000001421, -7.266957941505499896, -9.329108063531990069 ) ) ;
#4569 = ORIENTED_EDGE ( 'NONE', *, *, #43, .T. ) ;
#4570 = ORIENTED_EDGE ( 'NONE', *, *, #2066, .T. ) ;
#4571 = CARTESIAN_POINT ( 'NONE',  ( -25.50791257258050493, 29.08073093502098416, -7.999999999999996447 ) ) ;
#4572 = EDGE_CURVE ( 'NONE', #4578, #2418, #5184, .T. ) ;
#4573 = CARTESIAN_POINT ( 'NONE',  ( -39.99999999999998579, -16.05023364315927026, -4.000000000000000000 ) ) ;
#4574 = DIRECTION ( 'NONE',  ( 1.000000000000000000, 0.000000000000000000, 0.000000000000000000 ) ) ;
#4575 = CARTESIAN_POINT ( 'NONE',  ( -41.23750923406996094, -11.04543741823739467, 3.469446951953614189E-15 ) ) ;
#4576 = DIRECTION ( 'NONE',  ( 0.000000000000000000, 0.000000000000000000, -1.000000000000000000 ) ) ;
#4577 = EDGE_CURVE ( 'NONE', #372, #4893, #1503, .T. ) ;
#4578 = VERTEX_POINT ( 'NONE', #2978 ) ;
#4579 = DIRECTION ( 'NONE',  ( -1.000000000000000000, 0.000000000000000000, 0.000000000000000000 ) ) ;
#4580 = AXIS2_PLACEMENT_3D ( 'NONE', #211, #4366, #1863 ) ;
#4581 = CARTESIAN_POINT ( 'NONE',  ( -2.922255940754707293, 39.00000000000000711, -4.096972257826255515 ) ) ;
#4582 = ORIENTED_EDGE ( 'NONE', *, *, #1545, .T. ) ;
#4583 = CARTESIAN_POINT ( 'NONE',  ( -10.00830714445220337, -37.36544263927535781, -7.999999999999996447 ) ) ;
#4584 = B_SPLINE_CURVE_WITH_KNOTS ( 'NONE', 3,
 ( #5308, #4592, #3779, #485, #1359, #4991, #3883, #3021, #5018, #2637, #875, #4619, #2998, #5091, #2609, #4287, #540, #1705 ),
 .UNSPECIFIED., .F., .F.,
 ( 4, 2, 2, 2, 2, 2, 2, 2, 4 ),
 ( 0.000000000000000000, 0.002222322409477792485, 0.004444644818955584969, 0.008889289637911173408, 0.01111161204738896936, 0.01333393445686676532, 0.01444509566160566243, 0.01555625686634455780, 0.01777857927582235029 ),
 .UNSPECIFIED. ) ;
#4585 = CARTESIAN_POINT ( 'NONE',  ( 0.000000000000000000, 0.000000000000000000, -19.00000000000000355 ) ) ;
#4586 = ORIENTED_EDGE ( 'NONE', *, *, #4788, .T. ) ;
#4587 = VECTOR ( 'NONE', #4791, 1000.000000000000000 ) ;
#4588 = CARTESIAN_POINT ( 'NONE',  ( 20.35610707967550326, -35.37356194865543557, -0.8269122837038271889 ) ) ;
#4589 = AXIS2_PLACEMENT_3D ( 'NONE', #4798, #4283, #979 ) ;
#4590 = VECTOR ( 'NONE', #2603, 1000.000000000000000 ) ;
#4591 = ORIENTED_EDGE ( 'NONE', *, *, #234, .F. ) ;
#4592 = CARTESIAN_POINT ( 'NONE',  ( 38.99999999033879305, 16.39184797998193588, -2.302235550637187533E-15 ) ) ;
#4593 = VERTEX_POINT ( 'NONE', #3735 ) ;
#4594 = CARTESIAN_POINT ( 'NONE',  ( -34.80812422002930617, -22.51252100524281730, -7.974924713410730170 ) ) ;
#4595 = ORIENTED_EDGE ( 'NONE', *, *, #3315, .T. ) ;
#4596 = B_SPLINE_CURVE_WITH_KNOTS ( 'NONE', 3,
 ( #1722, #922, #432, #3392, #3751, #1675, #2992, #2580, #4226, #505, #1751, #5061, #5191, #3908, #1483, #1833, #1051, #4280, #178, #257 ),
 .UNSPECIFIED., .F., .F.,
 ( 4, 2, 2, 2, 2, 2, 2, 2, 2, 4 ),
 ( 0.01777857920297406039, 0.01889001936947487179, 0.02000145953597567972, 0.02222433986897729905, 0.02444722020197891837, 0.02667010053498054117, 0.02889298086798215703, 0.03111586120098377983, 0.03333874153398540263, 0.03556162186698701849 ),
 .UNSPECIFIED. ) ;
#4597 = CARTESIAN_POINT ( 'NONE',  ( 11.62832868438937162, -39.00000000000000711, -22.99880746643210117 ) ) ;
#4598 = EDGE_CURVE ( 'NONE', #1889, #1779, #2555, .T. ) ;
#4599 = EDGE_CURVE ( 'NONE', #4804, #1329, #356, .T. ) ;
#4600 = CIRCLE ( 'NONE', #592, 4.200000000000009059 ) ;
#4601 = ORIENTED_EDGE ( 'NONE', *, *, #847, .F. ) ;
#4602 = CARTESIAN_POINT ( 'NONE',  ( -37.36544263932044174, 10.00830714422561485, -7.999999999999996447 ) ) ;
#4603 = CARTESIAN_POINT ( 'NONE',  ( -40.00000000000022027, -14.24816901081817022, -4.714896582073849984 ) ) ;
#4604 = DIRECTION ( 'NONE',  ( 0.000000000000000000, -1.000000000000000000, 0.000000000000000000 ) ) ;
#4605 = CARTESIAN_POINT ( 'NONE',  ( -21.34901871904758153, -36.96962611825794198, 3.469446951953614189E-15 ) ) ;
#4606 = ADVANCED_FACE ( 'NONE', ( #3676 ), #2484, .F. ) ;
#4607 = DIRECTION ( 'NONE',  ( -0.000000000000000000, 0.000000000000000000, 1.000000000000000000 ) ) ;
#4608 = CIRCLE ( 'NONE', #3057, 38.60000000000000853 ) ;
#4609 = ORIENTED_EDGE ( 'NONE', *, *, #2661, .T. ) ;
#4610 = CYLINDRICAL_SURFACE ( 'NONE', #5315, 4.200000000000009059 ) ;
#4611 = VECTOR ( 'NONE', #1269, 1000.000000000000000 ) ;
#4612 = CARTESIAN_POINT ( 'NONE',  ( 0.000000000000000000, 0.000000000000000000, -20.99999999999999645 ) ) ;
#4613 = ORIENTED_EDGE ( 'NONE', *, *, #1155, .F. ) ;
#4614 = CARTESIAN_POINT ( 'NONE',  ( 28.99603343704347580, -29.46320306023823576, -5.809228155108670855 ) ) ;
#4615 = DIRECTION ( 'NONE',  ( 1.000000000000000000, 0.000000000000000000, 0.000000000000000000 ) ) ;
#4616 = CIRCLE ( 'NONE', #3402, 42.60000000000000142 ) ;
#4617 = ORIENTED_EDGE ( 'NONE', *, *, #2744, .F. ) ;
#4618 = CARTESIAN_POINT ( 'NONE',  ( 9.803179785196308060, 9.994881995257584251, -2.000000000000000000 ) ) ;
#4619 = CARTESIAN_POINT ( 'NONE',  ( 39.00000000000000711, 3.993693080035643383, -3.775108163173185982 ) ) ;
#4620 = ORIENTED_EDGE ( 'NONE', *, *, #3277, .F. ) ;
#4621 = CARTESIAN_POINT ( 'NONE',  ( -39.00000000000002842, 8.019908326868415926, -22.20982647033677537 ) ) ;
#4622 = EDGE_LOOP ( 'NONE', ( #1002, #291, #1138, #1676 ) ) ;
#4623 = CARTESIAN_POINT ( 'NONE',  ( -29.54705476808317144, 28.83994798689743178, -6.714188349114101229 ) ) ;
#4624 = ADVANCED_FACE ( 'NONE', ( #1657 ), #4995, .T. ) ;
#4625 = ORIENTED_EDGE ( 'NONE', *, *, #4964, .T. ) ;
#4626 = CARTESIAN_POINT ( 'NONE',  ( -2.526364092029775410, 38.60000000000000853, 6.938893903907228378E-15 ) ) ;
#4627 = CIRCLE ( 'NONE', #3157, 14.00000000000000000 ) ;
#4628 = EDGE_CURVE ( 'NONE', #836, #2889, #1288, .T. ) ;
#4629 = DIRECTION ( 'NONE',  ( 1.000000000000000000, 0.000000000000000000, 0.000000000000000000 ) ) ;
#4630 = AXIS2_PLACEMENT_3D ( 'NONE', #4062, #4116, #3744 ) ;
#4631 = CARTESIAN_POINT ( 'NONE',  ( -19.71920331487885392, 34.74887402186391938, -2.000000000000001332 ) ) ;
#4632 = CARTESIAN_POINT ( 'NONE',  ( 18.87824139103825871, 38.29028411453898428, 3.469446951953614189E-15 ) ) ;
#4633 = CARTESIAN_POINT ( 'NONE',  ( 0.000000000000000000, 0.000000000000000000, -19.00000000000000355 ) ) ;
#4634 = EDGE_LOOP ( 'NONE', ( #793, #4538, #5063, #4981 ) ) ;
#4635 = CARTESIAN_POINT ( 'NONE',  ( 0.000000000000000000, 0.000000000000000000, -3.999999999999994671 ) ) ;
#4636 = VECTOR ( 'NONE', #3670, 1000.000000000000114 ) ;
#4637 = CARTESIAN_POINT ( 'NONE',  ( 7.137741092990622427, 39.00000000000000000, -2.603432091465491816 ) ) ;
#4638 = CARTESIAN_POINT ( 'NONE',  ( 15.06124857429772668, -38.62095163394745612, -10.49999999999999645 ) ) ;
#4639 = DIRECTION ( 'NONE',  ( -0.000000000000000000, -0.000000000000000000, 1.000000000000000000 ) ) ;
#4640 = EDGE_LOOP ( 'NONE', ( #2141, #3995, #2406, #610, #2389, #2967 ) ) ;
#4641 = EDGE_CURVE ( 'NONE', #2814, #5087, #1010, .T. ) ;
#4642 = LINE ( 'NONE', #4618, #731 ) ;
#4643 = DIRECTION ( 'NONE',  ( 1.000000000000000000, 0.000000000000000000, 0.000000000000000000 ) ) ;
#4644 = CARTESIAN_POINT ( 'NONE',  ( 18.39085060825705398, -37.64814983247957514, -0.1188031022796807862 ) ) ;
#4645 = CARTESIAN_POINT ( 'NONE',  ( -28.38200119576800162, -29.08910797695296679, -9.304778941867747122 ) ) ;
#4646 = ADVANCED_FACE ( 'NONE', ( #5070 ), #3180, .F. ) ;
#4647 = CARTESIAN_POINT ( 'NONE',  ( 32.83431457505078299, 32.29289321881343966, -22.00000000000000000 ) ) ;
#4648 = ORIENTED_EDGE ( 'NONE', *, *, #5125, .T. ) ;
#4649 = CARTESIAN_POINT ( 'NONE',  ( -19.34441602242049996, -33.49829972218032026, -7.999999999999996447 ) ) ;
#4650 = CARTESIAN_POINT ( 'NONE',  ( 0.000000000000000000, -40.00000000000000000, -4.000000000000000000 ) ) ;
#4651 = DIRECTION ( 'NONE',  ( 0.000000000000000000, 0.000000000000000000, 1.000000000000000000 ) ) ;
#4652 = VECTOR ( 'NONE', #3015, 1000.000000000000114 ) ;
#4653 = CARTESIAN_POINT ( 'NONE',  ( -38.60000000000000853, 2.526364092043150489, 6.938893903907228378E-15 ) ) ;
#4654 = CARTESIAN_POINT ( 'NONE',  ( -40.00000000000002842, 35.79999999999999716, -21.00000000000000000 ) ) ;
#4655 = ORIENTED_EDGE ( 'NONE', *, *, #3536, .T. ) ;
#4656 = DIRECTION ( 'NONE',  ( 1.000000000000000000, 0.000000000000000000, 0.000000000000000000 ) ) ;
#4657 = CARTESIAN_POINT ( 'NONE',  ( 12.48139895843888425, -40.00000000000022737, -5.512719177525907455 ) ) ;
#4658 = PLANE ( 'NONE',  #4115 ) ;
#4659 = CARTESIAN_POINT ( 'NONE',  ( 5.752317186929030157, 39.00000000000000000, -3.144560098083599708 ) ) ;
#4660 = ADVANCED_FACE ( 'NONE', ( #5151 ), #5124, .T. ) ;
#4661 = CARTESIAN_POINT ( 'NONE',  ( 0.000000000000000000, 0.000000000000000000, -2.000000000000000000 ) ) ;
#4662 = DIRECTION ( 'NONE',  ( -0.000000000000000000, -0.000000000000000000, -1.000000000000000000 ) ) ;
#4663 = ORIENTED_EDGE ( 'NONE', *, *, #2268, .T. ) ;
#4664 = CARTESIAN_POINT ( 'NONE',  ( 19.82695510480691325, -34.85455912843315218, -1.744075051015845146 ) ) ;
#4665 = EDGE_CURVE ( 'NONE', #5322, #1103, #2448, .T. ) ;
#4666 = CARTESIAN_POINT ( 'NONE',  ( -35.79999999999998295, -35.79999999999999005, 0.000000000000000000 ) ) ;
#4667 = ORIENTED_EDGE ( 'NONE', *, *, #4032, .T. ) ;
#4668 = CIRCLE ( 'NONE', #3623, 40.60000000000000142 ) ;
#4669 = EDGE_CURVE ( 'NONE', #2232, #2802, #184, .T. ) ;
#4670 = AXIS2_PLACEMENT_3D ( 'NONE', #1791, #111, #4324 ) ;
#4671 = DIRECTION ( 'NONE',  ( -0.7071067811865474617, -0.7071067811865474617, 0.000000000000000000 ) ) ;
#4672 = VERTEX_POINT ( 'NONE', #3401 ) ;
#4673 = PERSON_AND_ORGANIZATION_ROLE ( 'creator' ) ;
#4674 = VERTEX_POINT ( 'NONE', #5045 ) ;
#4675 = AXIS2_PLACEMENT_3D ( 'NONE', #1411, #1916, #645 ) ;
#4676 = CARTESIAN_POINT ( 'NONE',  ( -40.75262783848650372, 6.933513821201289673, -5.809228155108670855 ) ) ;
#4677 = EDGE_LOOP ( 'NONE', ( #4396, #1366, #3737, #4163, #3296, #3457, #3083, #5144, #2950, #4300, #2123, #5285, #2100, #1396, #4506, #514 ) ) ;
#4678 = CARTESIAN_POINT ( 'NONE',  ( -17.10563656559109447, -34.69495227279346494, -7.999999999999996447 ) ) ;
#4679 = DIRECTION ( 'NONE',  ( 1.000000000000000000, 0.000000000000000000, 0.000000000000000000 ) ) ;
#4680 = CARTESIAN_POINT ( 'NONE',  ( 4.205752449842208307, -13.35333839647023702, -2.000000000000000000 ) ) ;
#4681 = CARTESIAN_POINT ( 'NONE',  ( 17.10563656559017431, -34.69495227280462757, 3.469446951953614189E-15 ) ) ;
#4682 = DIRECTION ( 'NONE',  ( -1.000000000000000000, 0.000000000000000000, 0.000000000000000000 ) ) ;
#4683 = ORIENTED_EDGE ( 'NONE', *, *, #4964, .F. ) ;
#4684 = DIRECTION ( 'NONE',  ( 1.000000000000000000, 0.000000000000000000, 0.000000000000000000 ) ) ;
#4685 = DIRECTION ( 'NONE',  ( -1.000000000000000000, 0.000000000000000000, 0.000000000000000000 ) ) ;
#4686 = CARTESIAN_POINT ( 'NONE',  ( 0.000000000000000000, 0.000000000000000000, -19.00000000000000355 ) ) ;
#4687 = ADVANCED_FACE ( 'NONE', ( #3456 ), #3084, .T. ) ;
#4688 = PLANE ( 'NONE',  #2522 ) ;
#4689 = CARTESIAN_POINT ( 'NONE',  ( -35.80000000000001847, 40.00000000000000711, -25.00000000000000000 ) ) ;
#4690 = DIRECTION ( 'NONE',  ( 0.000000000000000000, 0.000000000000000000, -1.000000000000000000 ) ) ;
#4691 = ORIENTED_EDGE ( 'NONE', *, *, #1495, .F. ) ;
#4692 = DIRECTION ( 'NONE',  ( -1.000000000000000000, 0.000000000000000000, 0.000000000000000000 ) ) ;
#4693 = ADVANCED_FACE ( 'NONE', ( #4315 ), #4263, .T. ) ;
#4694 = ORIENTED_EDGE ( 'NONE', *, *, #2544, .T. ) ;
#4695 = VECTOR ( 'NONE', #278, 1000.000000000000000 ) ;
#4696 = LOCAL_TIME ( 20, 30, 7.000000000000000000, #2412 ) ;
#4697 = CARTESIAN_POINT ( 'NONE',  ( 18.70342718703376050, -37.95473118079800656, -0.01573781994544957638 ) ) ;
#4698 = CARTESIAN_POINT ( 'NONE',  ( 0.000000000000000000, 0.000000000000000000, 0.000000000000000000 ) ) ;
#4699 = ORIENTED_EDGE ( 'NONE', *, *, #4218, .T. ) ;
#4700 = ADVANCED_BREP_SHAPE_REPRESENTATION ( '80mm case fan', ( #3904, #4777 ), #352 ) ;
#4701 = DIRECTION ( 'NONE',  ( 0.7002271275140117268, 0.7139201425183884231, -0.000000000000000000 ) ) ;
#4702 = ORIENTED_EDGE ( 'NONE', *, *, #4758, .F. ) ;
#4703 = CARTESIAN_POINT ( 'NONE',  ( 10.00830714422558820, 37.36544263932044174, -7.999999999999996447 ) ) ;
#4704 = LINE ( 'NONE', #4650, #2795 ) ;
#4705 = CARTESIAN_POINT ( 'NONE',  ( 32.89850744147580741, 27.13279951902489984, 2.602085213965211036E-15 ) ) ;
#4706 = CARTESIAN_POINT ( 'NONE',  ( 25.50791257257810685, 29.08073093501855055, 1.734723475976807094E-15 ) ) ;
#4707 = ORIENTED_EDGE ( 'NONE', *, *, #2892, .T. ) ;
#4708 = AXIS2_PLACEMENT_3D ( 'NONE', #46, #3471, #5008 ) ;
#4709 = DIRECTION ( 'NONE',  ( -0.7139201425183883121, 0.7002271275140118378, 0.000000000000000000 ) ) ;
#4710 = CARTESIAN_POINT ( 'NONE',  ( 40.42425205543236189, -13.72638704646252172, 3.469446951953614189E-15 ) ) ;
#4711 = ORIENTED_EDGE ( 'NONE', *, *, #3056, .F. ) ;
#4712 = DIRECTION ( 'NONE',  ( -1.000000000000000000, 0.000000000000000000, 0.000000000000000000 ) ) ;
#4713 = FACE_OUTER_BOUND ( 'NONE', #5066, .T. ) ;
#4714 = CARTESIAN_POINT ( 'NONE',  ( 32.83431457505078299, 32.29289321881343966, -21.00000000000000000 ) ) ;
#4715 = VECTOR ( 'NONE', #4967, 1000.000000000000000 ) ;
#4716 = DIRECTION ( 'NONE',  ( 1.000000000000000000, 0.000000000000000000, 0.000000000000000000 ) ) ;
#4717 = CARTESIAN_POINT ( 'NONE',  ( 32.43431457505078441, 32.29289321881343966, -22.00000000000000000 ) ) ;
#4718 = ORIENTED_EDGE ( 'NONE', *, *, #149, .T. ) ;
#4719 = FACE_BOUND ( 'NONE', #2927, .T. ) ;
#4720 = CARTESIAN_POINT ( 'NONE',  ( 7.682772394080402023, 39.99999999999998579, -8.737810347550048817 ) ) ;
#4721 = ORIENTED_EDGE ( 'NONE', *, *, #713, .F. ) ;
#4722 = VECTOR ( 'NONE', #1855, 1000.000000000000000 ) ;
#4723 = ADVANCED_FACE ( 'NONE', ( #1814 ), #544, .T. ) ;
#4724 = CARTESIAN_POINT ( 'NONE',  ( 40.00000000000024869, 14.24816901081810094, -4.714896582073862419 ) ) ;
#4725 =( NAMED_UNIT ( * ) SI_UNIT ( $, .STERADIAN. ) SOLID_ANGLE_UNIT ( ) );
#4726 = EDGE_LOOP ( 'NONE', ( #2456, #1796, #2332, #1994 ) ) ;
#4727 = CARTESIAN_POINT ( 'NONE',  ( -38.62095163394735664, 15.06124857429814767, -7.974924713410731059 ) ) ;
#4728 = ORIENTED_EDGE ( 'NONE', *, *, #3799, .T. ) ;
#4729 = EDGE_CURVE ( 'NONE', #3828, #5297, #1186, .T. ) ;
#4730 = EDGE_CURVE ( 'NONE', #276, #3068, #3077, .T. ) ;
#4731 = CARTESIAN_POINT ( 'NONE',  ( 28.69416316167832193, -29.40126994286569584, -7.267845903257162732 ) ) ;
#4732 = CARTESIAN_POINT ( 'NONE',  ( -9.932335993178572409, 40.00000000000002132, -6.906026256953983200 ) ) ;
#4733 = CARTESIAN_POINT ( 'NONE',  ( -39.00000000000001421, -5.867951818575189549, -21.83241408349477197 ) ) ;
#4734 = CARTESIAN_POINT ( 'NONE',  ( -17.10563656558771584, -34.69495227278529370, 3.469446951953614189E-15 ) ) ;
#4735 = EDGE_LOOP ( 'NONE', ( #1466, #440, #512, #1866 ) ) ;
#4736 = CARTESIAN_POINT ( 'NONE',  ( 21.34901871904763127, -36.96962611825790646, 3.469446951953614189E-15 ) ) ;
#4737 = ORIENTED_EDGE ( 'NONE', *, *, #797, .T. ) ;
#4738 = DIRECTION ( 'NONE',  ( 0.000000000000000000, 0.000000000000000000, 1.000000000000000000 ) ) ;
#4739 = DIRECTION ( 'NONE',  ( 0.7071067811865464625, -0.7071067811865486830, 0.000000000000000000 ) ) ;
#4740 = CARTESIAN_POINT ( 'NONE',  ( 36.42727467687272025, 17.14610111078660637, -1.496574107933280606 ) ) ;
#4741 = CARTESIAN_POINT ( 'NONE',  ( -39.99999999999997158, 8.009302868940297415, -8.382744098909958197 ) ) ;
#4742 = EDGE_CURVE ( 'NONE', #4943, #3758, #2007, .T. ) ;
#4743 = DIRECTION ( 'NONE',  ( 0.000000000000000000, 1.000000000000000000, 0.000000000000000000 ) ) ;
#4744 = ORIENTED_EDGE ( 'NONE', *, *, #2815, .F. ) ;
#4745 = B_SPLINE_CURVE_WITH_KNOTS ( 'NONE', 3,
 ( #135, #1423, #3461, #5100, #1394, #2151, #3063, #1017, #2675, #3813, #4705, #83, #3408, #989, #1740 ),
 .UNSPECIFIED., .F., .F.,
 ( 4, 2, 2, 2, 2, 1, 2, 4 ),
 ( 0.07237027906867234128, 0.1620098584668626385, 0.2516494378650529495, 0.4309285966614329610, 0.5205681760596231333, 0.6102077554578131391, 0.6998473348560032559, 0.7894869142541932616 ),
 .UNSPECIFIED. ) ;
#4746 = DIRECTION ( 'NONE',  ( -0.7071067811865464625, 0.7071067811865486830, 0.000000000000000000 ) ) ;
#4747 = FACE_OUTER_BOUND ( 'NONE', #2867, .T. ) ;
#4748 = CARTESIAN_POINT ( 'NONE',  ( 0.000000000000000000, 0.000000000000000000, -21.00000000000002487 ) ) ;
#4749 = CYLINDRICAL_SURFACE ( 'NONE', #3887, 40.60000000000000142 ) ;
#4750 = EDGE_LOOP ( 'NONE', ( #732, #1752, #1116, #3078, #3582, #2172, #329 ) ) ;
#4751 = CARTESIAN_POINT ( 'NONE',  ( -18.81185694607776071, 38.06108125301545897, -1.674541785074380220E-14 ) ) ;
#4752 = VECTOR ( 'NONE', #2222, 1000.000000000000000 ) ;
#4753 = ORIENTED_EDGE ( 'NONE', *, *, #2630, .T. ) ;
#4754 = CARTESIAN_POINT ( 'NONE',  ( 19.34441602241936309, 33.49829972218108054, -7.999999999999996447 ) ) ;
#4755 = AXIS2_PLACEMENT_3D ( 'NONE', #2880, #3656, #719 ) ;
#4756 = CARTESIAN_POINT ( 'NONE',  ( -12.48139895843888780, 40.00000000000023448, -5.512719177525908343 ) ) ;
#4757 = EDGE_CURVE ( 'NONE', #4804, #3745, #2540, .T. ) ;
#4758 = EDGE_CURVE ( 'NONE', #1013, #3591, #3215, .T. ) ;
#4759 = CARTESIAN_POINT ( 'NONE',  ( -39.00000000000002132, -2.929121052708853146, -21.48262562406311460 ) ) ;
#4760 = CARTESIAN_POINT ( 'NONE',  ( 42.60000000000001563, 2.788163479804886880, 3.469446951953614189E-15 ) ) ;
#4761 = EDGE_LOOP ( 'NONE', ( #2413, #2200 ) ) ;
#4762 = CARTESIAN_POINT ( 'NONE',  ( 39.99999999999997868, 35.79999999999999716, -4.000000000000000000 ) ) ;
#4763 = DIRECTION ( 'NONE',  ( -0.000000000000000000, 0.000000000000000000, 1.000000000000000000 ) ) ;
#4764 = PLANE ( 'NONE',  #4888 ) ;
#4765 = EDGE_CURVE ( 'NONE', #183, #1912, #2360, .T. ) ;
#4766 = FACE_BOUND ( 'NONE', #1258, .T. ) ;
#4767 = LINE ( 'NONE', #2687, #747 ) ;
#4768 = CIRCLE ( 'NONE', #2697, 14.00000000000000000 ) ;
#4769 = CARTESIAN_POINT ( 'NONE',  ( -30.37543826448903772, 29.88829688097484905, 2.602085213965210642E-15 ) ) ;
#4770 = ORIENTED_EDGE ( 'NONE', *, *, #2474, .T. ) ;
#4771 = CARTESIAN_POINT ( 'NONE',  ( -39.00000000000002842, -17.13942822850279413, -25.00000000000000000 ) ) ;
#4772 = CARTESIAN_POINT ( 'NONE',  ( 39.99999999999998579, -35.79999999999999005, -4.000000000000000000 ) ) ;
#4773 = PLANE ( 'NONE',  #4442 ) ;
#4774 = CARTESIAN_POINT ( 'NONE',  ( 18.92077598718242726, -38.16791124357527565, 3.035766082959412415E-15 ) ) ;
#4775 = CARTESIAN_POINT ( 'NONE',  ( -38.99999999999996447, -15.65337559896625841, -0.06688693744354376469 ) ) ;
#4776 = ORIENTED_EDGE ( 'NONE', *, *, #445, .F. ) ;
#4777 = AXIS2_PLACEMENT_3D ( 'NONE', #4698, #3052, #4367 ) ;
#4778 = DIRECTION ( 'NONE',  ( 0.000000000000000000, 0.000000000000000000, 1.000000000000000000 ) ) ;
#4779 = VECTOR ( 'NONE', #2730, 1000.000000000000114 ) ;
#4780 = ORIENTED_EDGE ( 'NONE', *, *, #1287, .T. ) ;
#4781 = DIRECTION ( 'NONE',  ( 1.000000000000000000, 0.000000000000000000, 0.000000000000000000 ) ) ;
#4782 = ADVANCED_FACE ( 'NONE', ( #4022 ), #2307, .F. ) ;
#4783 = FACE_OUTER_BOUND ( 'NONE', #2663, .T. ) ;
#4784 = CARTESIAN_POINT ( 'NONE',  ( 33.55000000000001137, -35.80000000000000426, -21.00000000000000000 ) ) ;
#4785 = CARTESIAN_POINT ( 'NONE',  ( -29.08073093502341777, -25.50791257257806421, -7.999999999999996447 ) ) ;
#4786 = ORIENTED_EDGE ( 'NONE', *, *, #5219, .F. ) ;
#4787 = CARTESIAN_POINT ( 'NONE',  ( -32.09427818217230310, 28.15121957492640448, 3.469446951953614189E-15 ) ) ;
#4788 = EDGE_CURVE ( 'NONE', #606, #4156, #3558, .T. ) ;
#4789 = ADVANCED_FACE ( 'NONE', ( #3611 ), #3639, .F. ) ;
#4790 = CARTESIAN_POINT ( 'NONE',  ( 38.99999993959342248, 17.14002334301952857, 3.035766082959412415E-15 ) ) ;
#4791 = DIRECTION ( 'NONE',  ( -0.000000000000000000, -0.000000000000000000, -1.000000000000000000 ) ) ;
#4792 = CARTESIAN_POINT ( 'NONE',  ( 27.93071785686864672, 28.63782463805517153, -22.00000000000000000 ) ) ;
#4793 = CARTESIAN_POINT ( 'NONE',  ( 22.63166613527624449, -36.10795428948981822, 2.602085213965211036E-15 ) ) ;
#4794 = DIRECTION ( 'NONE',  ( 1.000000000000000000, 0.000000000000000000, 0.000000000000000000 ) ) ;
#4795 = EDGE_LOOP ( 'NONE', ( #2778, #4553, #5054, #1178 ) ) ;
#4796 = CARTESIAN_POINT ( 'NONE',  ( 32.43431457504996729, -32.29289321881349650, -21.00000000000000000 ) ) ;
#4797 = AXIS2_PLACEMENT_3D ( 'NONE', #2986, #4607, #39 ) ;
#4798 = CARTESIAN_POINT ( 'NONE',  ( 32.43431457504996729, -32.29289321881349650, -21.00000000000000000 ) ) ;
#4799 = CARTESIAN_POINT ( 'NONE',  ( -13.00000000000000178, 0.000000000000000000, -19.99999999999999645 ) ) ;
#4800 = CARTESIAN_POINT ( 'NONE',  ( 17.74043900497055049, -38.73657374398690934, 2.602085213965210642E-15 ) ) ;
#4801 = EDGE_CURVE ( 'NONE', #1736, #1408, #1489, .T. ) ;
#4802 = ORIENTED_EDGE ( 'NONE', *, *, #1890, .T. ) ;
#4803 = FACE_OUTER_BOUND ( 'NONE', #1660, .T. ) ;
#4804 = VERTEX_POINT ( 'NONE', #1492 ) ;
#4805 = EDGE_CURVE ( 'NONE', #5046, #868, #4616, .T. ) ;
#4806 = CARTESIAN_POINT ( 'NONE',  ( 28.91337586136054938, -29.62048264254792329, -6.435463849812585124 ) ) ;
#4807 = VECTOR ( 'NONE', #2550, 1000.000000000000000 ) ;
#4808 = DIRECTION ( 'NONE',  ( 1.000000000000000000, 0.000000000000000000, 0.000000000000000000 ) ) ;
#4809 = CARTESIAN_POINT ( 'NONE',  ( -22.04433513990976934, -36.46956197294287705, 2.602085213965210642E-15 ) ) ;
#4810 = CARTESIAN_POINT ( 'NONE',  ( 33.49829972217809626, -19.34441602242382885, -7.999999999999996447 ) ) ;
#4811 = EDGE_LOOP ( 'NONE', ( #3474, #3050, #2068, #2445, #1325, #552, #2469, #3512, #107, #95 ) ) ;
#4812 = CARTESIAN_POINT ( 'NONE',  ( -32.09427818217715611, -28.15121957491670912, 3.469446951953614189E-15 ) ) ;
#4813 = DIRECTION ( 'NONE',  ( 0.000000000000000000, 0.000000000000000000, -1.000000000000000000 ) ) ;
#4814 = CARTESIAN_POINT ( 'NONE',  ( -27.93071785686944608, -28.63782463805440415, -22.00000000000000000 ) ) ;
#4815 = DIRECTION ( 'NONE',  ( -1.000000000000000000, 0.000000000000000000, 0.000000000000000000 ) ) ;
#4816 = CARTESIAN_POINT ( 'NONE',  ( -39.99999999999999289, 7.266957941505651775, -9.329108063531975858 ) ) ;
#4817 = CYLINDRICAL_SURFACE ( 'NONE', #2690, 2.250000000000001776 ) ;
#4818 = VERTEX_POINT ( 'NONE', #4047 ) ;
#4819 = CARTESIAN_POINT ( 'NONE',  ( 6.809691084851792198, 40.02484362653888184, -10.49999999999999467 ) ) ;
#4820 = ADVANCED_FACE ( 'NONE', ( #4803 ), #2334, .T. ) ;
#4821 = FACE_OUTER_BOUND ( 'NONE', #2729, .T. ) ;
#4822 = ORIENTED_EDGE ( 'NONE', *, *, #2606, .T. ) ;
#4823 = CYLINDRICAL_SURFACE ( 'NONE', #4317, 14.00000000000000000 ) ;
#4824 = VERTEX_POINT ( 'NONE', #1921 ) ;
#4825 = DIRECTION ( 'NONE',  ( 0.000000000000000000, 1.000000000000000000, -0.000000000000000000 ) ) ;
#4826 = B_SPLINE_CURVE_WITH_KNOTS ( 'NONE', 3,
 ( #3344, #2051, #1645, #3792, #1327, #1351, #4983, #1670, #920, #1275, #1748, #2937, #2576, #4581, #65, #3320, #1720, #1697, #4956, #4557, #867, #2525, #4176, #3770, #4659, #4637, #3368, #1302, #943, #4224, #502, #2159, #2601, #838, #2187, #3876 ),
 .UNSPECIFIED., .F., .F.,
 ( 4, 2, 2, 2, 2, 2, 2, 2, 2, 2, 2, 2, 2, 2, 2, 2, 2, 4 ),
 ( 0.000000000000000000, 0.002222601366686562888, 0.004445202733373131848, 0.008890405466746274105, 0.01111300683343284523, 0.01333560820011941463, 0.01444690888346270019, 0.01555820956680598575, 0.01778081093349255515, 0.01889211161683583898, 0.02000341230017912975, 0.02222601366686569394, 0.02444861503355226159, 0.02667121640023882578, 0.02889381776692539344, 0.03111641913361196457, 0.03333902050029852876, 0.03556162186698509642 ),
 .UNSPECIFIED. ) ;
#4827 = LINE ( 'NONE', #1114, #4180 ) ;
#4828 = ADVANCED_FACE ( 'NONE', ( #1974 ), #3583, .F. ) ;
#4829 = ORIENTED_EDGE ( 'NONE', *, *, #2195, .T. ) ;
#4830 = DIRECTION ( 'NONE',  ( 1.000000000000000000, 0.000000000000000000, 0.000000000000000000 ) ) ;
#4831 = CARTESIAN_POINT ( 'NONE',  ( 38.99999999999997158, -2.940822322701508895, -4.108303920431007228 ) ) ;
#4832 = CARTESIAN_POINT ( 'NONE',  ( -29.88829688097775161, -30.37543826448343864, 2.602085213965211036E-15 ) ) ;
#4833 = CARTESIAN_POINT ( 'NONE',  ( 12.43752441299522538, 36.62854763707733241, -7.999999999999996447 ) ) ;
#4834 = ORIENTED_EDGE ( 'NONE', *, *, #479, .T. ) ;
#4835 = CARTESIAN_POINT ( 'NONE',  ( -2.526364092029800279, -38.60000000000000853, 6.938893903907228378E-15 ) ) ;
#4836 = CONICAL_SURFACE ( 'NONE', #2511, 42.60000000000000142, 0.7853981633974466137 ) ;
#4837 = DIRECTION ( 'NONE',  ( -1.000000000000000000, 0.000000000000000000, 0.000000000000000000 ) ) ;
#4838 = AXIS2_PLACEMENT_3D ( 'NONE', #2166, #3856, #2559 ) ;
#4839 = CARTESIAN_POINT ( 'NONE',  ( -33.55000000000001847, -35.80000000000000426, -21.00000000000000000 ) ) ;
#4840 = VECTOR ( 'NONE', #2322, 1000.000000000000000 ) ;
#4841 = CARTESIAN_POINT ( 'NONE',  ( 29.76712057264955291, -30.47422735383694459, -21.00000000000000355 ) ) ;
#4842 = CARTESIAN_POINT ( 'NONE',  ( -39.99999999999997868, 8.185483331929738426, -8.214349824054291815 ) ) ;
#4843 = FACE_OUTER_BOUND ( 'NONE', #1286, .T. ) ;
#4844 = ORIENTED_EDGE ( 'NONE', *, *, #1637, .F. ) ;
#4845 = CARTESIAN_POINT ( 'NONE',  ( 6.809691084851792198, 40.02484362653888184, -7.974924713410731059 ) ) ;
#4846 = EDGE_CURVE ( 'NONE', #345, #2774, #1868, .T. ) ;
#4847 = CARTESIAN_POINT ( 'NONE',  ( -2.942619896012915959, -39.00000000000000000, -4.107804527322699961 ) ) ;
#4848 = AXIS2_PLACEMENT_3D ( 'NONE', #428, #44, #2499 ) ;
#4849 = ORIENTED_EDGE ( 'NONE', *, *, #3831, .T. ) ;
#4850 = CARTESIAN_POINT ( 'NONE',  ( -32.29289321881427810, -32.43431457504998860, -21.00000000000000000 ) ) ;
#4851 = DIRECTION ( 'NONE',  ( 0.000000000000000000, 0.000000000000000000, -1.000000000000000000 ) ) ;
#4852 = VERTEX_POINT ( 'NONE', #3186 ) ;
#4853 = EDGE_CURVE ( 'NONE', #1147, #2272, #4827, .T. ) ;
#4854 = EDGE_CURVE ( 'NONE', #1822, #4818, #5286, .T. ) ;
#4855 = CARTESIAN_POINT ( 'NONE',  ( -34.69495227270501658, 17.10563656580460190, -7.999999999999996447 ) ) ;
#4856 = CARTESIAN_POINT ( 'NONE',  ( -36.16028908938582020, -21.15821875224903081, -0.1203346444273970667 ) ) ;
#4857 = VERTEX_POINT ( 'NONE', #2415 ) ;
#4858 = FACE_OUTER_BOUND ( 'NONE', #738, .T. ) ;
#4859 = CARTESIAN_POINT ( 'NONE',  ( 0.000000000000000000, -40.00000000000001421, -21.00000000000000000 ) ) ;
#4860 = CIRCLE ( 'NONE', #4174, 0.3999999999999975797 ) ;
#4861 = DIRECTION ( 'NONE',  ( -1.000000000000000000, 0.000000000000000000, 0.000000000000000000 ) ) ;
#4862 = CARTESIAN_POINT ( 'NONE',  ( -17.10563656559726553, 34.69495227279089988, -7.999999999999996447 ) ) ;
#4863 = ORIENTED_EDGE ( 'NONE', *, *, #775, .T. ) ;
#4864 = AXIS2_PLACEMENT_3D ( 'NONE', #626, #730, #3534 ) ;
#4865 = CARTESIAN_POINT ( 'NONE',  ( -23.54560596670601313, 30.69115434756461269, 2.421815768813028957E-12 ) ) ;
#4866 = CC_DESIGN_SECURITY_CLASSIFICATION ( #1239, ( #1658 ) ) ;
#4867 = CARTESIAN_POINT ( 'NONE',  ( 7.702498402654272880, 7.853121567702415540, -2.000000000000000000 ) ) ;
#4868 = CARTESIAN_POINT ( 'NONE',  ( 35.80000000000001847, 35.79999999999999716, -21.00000000000000000 ) ) ;
#4869 = FACE_OUTER_BOUND ( 'NONE', #1598, .T. ) ;
#4870 = FACE_OUTER_BOUND ( 'NONE', #197, .T. ) ;
#4871 = DIRECTION ( 'NONE',  ( 0.000000000000000000, 0.000000000000000000, 1.000000000000000000 ) ) ;
#4872 = ORIENTED_EDGE ( 'NONE', *, *, #3900, .F. ) ;
#4873 = CARTESIAN_POINT ( 'NONE',  ( 29.18920733699759396, 28.48210055581099098, -8.423618799320486517 ) ) ;
#4874 = DIRECTION ( 'NONE',  ( -0.000000000000000000, -0.000000000000000000, 1.000000000000000000 ) ) ;
#4875 = ORIENTED_EDGE ( 'NONE', *, *, #2301, .T. ) ;
#4876 = CARTESIAN_POINT ( 'NONE',  ( 5.052665715192919293, -38.35118100785404494, -7.999999999999996447 ) ) ;
#4877 = EDGE_CURVE ( 'NONE', #5182, #4458, #5062, .T. ) ;
#4878 = CIRCLE ( 'NONE', #1252, 13.23820004496838720 ) ;
#4879 = CARTESIAN_POINT ( 'NONE',  ( 28.93703198470299398, 28.47820534928905545, -7.974924713410731059 ) ) ;
#4880 = VERTEX_POINT ( 'NONE', #1600 ) ;
#4881 = CARTESIAN_POINT ( 'NONE',  ( -12.43752441278034304, 36.62854763716632078, -7.999999999999996447 ) ) ;
#4882 = CARTESIAN_POINT ( 'NONE',  ( -7.853121567702268102, 7.702498402654127219, -2.000000000000000000 ) ) ;
#4883 = ADVANCED_FACE ( 'NONE', ( #1747, #2006 ), #4536, .F. ) ;
#4884 = EDGE_LOOP ( 'NONE', ( #3738, #1839, #4491, #2441, #4911, #779, #2435, #3718, #3399, #3222, #4038, #2335, #3232, #2891, #4620, #2541 ) ) ;
#4885 = CARTESIAN_POINT ( 'NONE',  ( 28.82424422358053562, 29.53135100476706043, -19.66666547966193335 ) ) ;
#4886 = CYLINDRICAL_SURFACE ( 'NONE', #4425, 4.200000000000009059 ) ;
#4887 = VERTEX_POINT ( 'NONE', #939 ) ;
#4888 = AXIS2_PLACEMENT_3D ( 'NONE', #2711, #2239, #4356 ) ;
#4889 = CARTESIAN_POINT ( 'NONE',  ( 38.99999994343188092, -17.14000392953714424, 3.035766082959412415E-15 ) ) ;
#4890 = CARTESIAN_POINT ( 'NONE',  ( -31.42703358307832318, -28.78110756681090621, 2.602085213965210642E-15 ) ) ;
#4891 = EDGE_CURVE ( 'NONE', #758, #2362, #1260, .T. ) ;
#4892 = CARTESIAN_POINT ( 'NONE',  ( 10.00830714422558820, 37.36544263932044174, -7.999999999999996447 ) ) ;
#4893 = VERTEX_POINT ( 'NONE', #3671 ) ;
#4894 = CARTESIAN_POINT ( 'NONE',  ( 13.72638704646742625, 40.42425205542266298, 3.469446951953614189E-15 ) ) ;
#4895 = CARTESIAN_POINT ( 'NONE',  ( 33.54999999999997584, 35.79999999999999716, 0.000000000000000000 ) ) ;
#4896 = CARTESIAN_POINT ( 'NONE',  ( 0.000000000000000000, 0.000000000000000000, -25.00000000000000000 ) ) ;
#4897 = DIRECTION ( 'NONE',  ( 0.000000000000000000, 0.000000000000000000, 1.000000000000000000 ) ) ;
#4898 = DIRECTION ( 'NONE',  ( -0.000000000000000000, 0.000000000000000000, 1.000000000000000000 ) ) ;
#4899 = CARTESIAN_POINT ( 'NONE',  ( -36.19812535941412790, -16.91247075436168856, -2.000000000000000000 ) ) ;
#4900 = VERTEX_POINT ( 'NONE', #1349 ) ;
#4901 = CARTESIAN_POINT ( 'NONE',  ( -30.00278955953582027, 29.29568277835005929, -20.33333220206242586 ) ) ;
#4902 = ADVANCED_FACE ( 'NONE', ( #408 ), #2652, .F. ) ;
#4903 = DIRECTION ( 'NONE',  ( -0.7071067811865470176, 0.7071067811865481278, 0.000000000000000000 ) ) ;
#4904 = VERTEX_POINT ( 'NONE', #3327 ) ;
#4905 = DIRECTION ( 'NONE',  ( -0.7071067811865474617, 0.7071067811865474617, 0.000000000000000000 ) ) ;
#4906 = DIRECTION ( 'NONE',  ( 0.000000000000000000, 0.000000000000000000, -1.000000000000000000 ) ) ;
#4907 = SECURITY_CLASSIFICATION_LEVEL ( 'unclassified' ) ;
#4908 = ORIENTED_EDGE ( 'NONE', *, *, #1838, .T. ) ;
#4909 = CARTESIAN_POINT ( 'NONE',  ( 10.00830714445219272, 37.36544263927536491, -8.000000000000000000 ) ) ;
#4910 = CARTESIAN_POINT ( 'NONE',  ( -22.51252100524409983, -34.80812422002868090, -10.49999999999999645 ) ) ;
#4911 = ORIENTED_EDGE ( 'NONE', *, *, #4628, .T. ) ;
#4912 = CARTESIAN_POINT ( 'NONE',  ( 29.53135100476666253, -28.82424422358094418, -19.66666547966192979 ) ) ;
#4913 = ORIENTED_EDGE ( 'NONE', *, *, #3478, .T. ) ;
#4914 = CARTESIAN_POINT ( 'NONE',  ( -38.99999993959343669, -17.14002334302153585, 3.035766082959412415E-15 ) ) ;
#4915 = ORIENTED_EDGE ( 'NONE', *, *, #887, .F. ) ;
#4916 = CARTESIAN_POINT ( 'NONE',  ( 40.00000000000000711, -12.48103486337077861, -5.512891614740008883 ) ) ;
#4917 = CARTESIAN_POINT ( 'NONE',  ( 29.32823534183080838, -28.62112856064510780, -7.545352519806543867 ) ) ;
#4918 = CARTESIAN_POINT ( 'NONE',  ( 36.62854763707902350, 12.43752441299113620, -7.999999999999996447 ) ) ;
#4919 = VERTEX_POINT ( 'NONE', #3300 ) ;
#4920 = CARTESIAN_POINT ( 'NONE',  ( 2.788163479804875777, 42.60000000000001563, 3.469446951953614189E-15 ) ) ;
#4921 = EDGE_CURVE ( 'NONE', #5241, #171, #5123, .T. ) ;
#4922 = CARTESIAN_POINT ( 'NONE',  ( 35.79999999999997584, 40.00000000000000711, 0.000000000000000000 ) ) ;
#4923 = CARTESIAN_POINT ( 'NONE',  ( 35.80000000000001137, -40.00000000000001421, -21.00000000000000000 ) ) ;
#4924 = CARTESIAN_POINT ( 'NONE',  ( 32.43431457504996729, -32.29289321881349650, -22.00000000000000000 ) ) ;
#4925 = CARTESIAN_POINT ( 'NONE',  ( 17.13942822850282965, 39.00000000000001421, -25.00000000000000000 ) ) ;
#4926 = ORIENTED_EDGE ( 'NONE', *, *, #847, .T. ) ;
#4927 = AXIS2_PLACEMENT_3D ( 'NONE', #3141, #3999, #1123 ) ;
#4928 = CARTESIAN_POINT ( 'NONE',  ( 22.51252100524344968, 34.80812422002900774, -10.49999999999999467 ) ) ;
#4929 = VECTOR ( 'NONE', #4519, 1000.000000000000000 ) ;
#4930 = DIRECTION ( 'NONE',  ( -1.000000000000000000, 0.000000000000000000, 0.000000000000000000 ) ) ;
#4931 = ORIENTED_EDGE ( 'NONE', *, *, #609, .T. ) ;
#4932 = CARTESIAN_POINT ( 'NONE',  ( 30.69115434744801973, -23.54560596688464003, -7.999999999999996447 ) ) ;
#4933 = CARTESIAN_POINT ( 'NONE',  ( 35.80000000000001847, 40.00000000000000711, -21.00000000000000000 ) ) ;
#4934 = EDGE_LOOP ( 'NONE', ( #2568, #1442, #2532, #1264 ) ) ;
#4935 = DIRECTION ( 'NONE',  ( 1.000000000000000000, 0.000000000000000000, 0.000000000000000000 ) ) ;
#4936 = CARTESIAN_POINT ( 'NONE',  ( -35.80000000000001847, -35.80000000000000426, -21.00000000000000000 ) ) ;
#4937 = VERTEX_POINT ( 'NONE', #4248 ) ;
#4938 = DIRECTION ( 'NONE',  ( -0.000000000000000000, 0.000000000000000000, 1.000000000000000000 ) ) ;
#4939 = CARTESIAN_POINT ( 'NONE',  ( -39.99999999999998579, 6.954135460285589154, -10.49999999999999467 ) ) ;
#4940 = ORIENTED_EDGE ( 'NONE', *, *, #2630, .F. ) ;
#4941 = CARTESIAN_POINT ( 'NONE',  ( -8.055258201551616537, -39.00000000000000000, -22.21704665099466425 ) ) ;
#4942 = CYLINDRICAL_SURFACE ( 'NONE', #2070, 0.3999999999999975797 ) ;
#4943 = VERTEX_POINT ( 'NONE', #3847 ) ;
#4944 = EDGE_CURVE ( 'NONE', #221, #1222, #1233, .T. ) ;
#4945 = CARTESIAN_POINT ( 'NONE',  ( -30.69115434757427963, -23.54560596669633910, 2.420081045337052553E-12 ) ) ;
#4946 = CIRCLE ( 'NONE', #3826, 2.250000000000001776 ) ;
#4947 = CARTESIAN_POINT ( 'NONE',  ( -6.954135460285532311, -40.00000000000000711, -10.25372598931163459 ) ) ;
#4948 = PLANE ( 'NONE',  #1033 ) ;
#4949 = CARTESIAN_POINT ( 'NONE',  ( -42.60000000000001563, -2.788163479819642188, 3.469446951953614189E-15 ) ) ;
#4950 = VECTOR ( 'NONE', #4057, 1000.000000000000000 ) ;
#4951 = EDGE_CURVE ( 'NONE', #1303, #3438, #5329, .T. ) ;
#4952 = CARTESIAN_POINT ( 'NONE',  ( -32.57573593128807943, 32.71715728752618446, -22.00000000000000000 ) ) ;
#4953 = CARTESIAN_POINT ( 'NONE',  ( -23.56629667420369145, 35.50514093890294021, 2.602085213965209853E-15 ) ) ;
#4954 = ORIENTED_EDGE ( 'NONE', *, *, #2926, .F. ) ;
#4955 = CARTESIAN_POINT ( 'NONE',  ( 28.35280479012995869, -29.05991157131734681, -19.00000000000000355 ) ) ;
#4956 = CARTESIAN_POINT ( 'NONE',  ( 0.7381841971785797485, 39.00000000000002132, -4.490936739554391544 ) ) ;
#4957 = EDGE_LOOP ( 'NONE', ( #4418, #3128, #3768, #4234 ) ) ;
#4958 = CARTESIAN_POINT ( 'NONE',  ( 19.34441602222865342, -33.49829972230850217, -7.999999999999996447 ) ) ;
#4959 = EDGE_CURVE ( 'NONE', #4919, #5322, #3039, .T. ) ;
#4960 = CARTESIAN_POINT ( 'NONE',  ( 35.79999999999998295, -35.79999999999999005, -4.000000000000000000 ) ) ;
#4961 = VERTEX_POINT ( 'NONE', #1798 ) ;
#4962 = DIRECTION ( 'NONE',  ( -0.7139201425183884231, 0.7002271275140117268, 0.000000000000000000 ) ) ;
#4963 = CARTESIAN_POINT ( 'NONE',  ( 6.954135460285507442, -40.00000000000000711, -10.25327012558361872 ) ) ;
#4964 = EDGE_CURVE ( 'NONE', #4672, #5294, #4946, .T. ) ;
#4965 = ORIENTED_EDGE ( 'NONE', *, *, #3669, .T. ) ;
#4966 = EDGE_CURVE ( 'NONE', #3405, #4824, #809, .T. ) ;
#4967 = DIRECTION ( 'NONE',  ( 0.000000000000000000, 0.000000000000000000, -1.000000000000000000 ) ) ;
#4968 = CARTESIAN_POINT ( 'NONE',  ( -7.853121567702268102, 7.702498402654127219, 0.000000000000000000 ) ) ;
#4969 = ORIENTED_EDGE ( 'NONE', *, *, #1564, .F. ) ;
#4970 = CARTESIAN_POINT ( 'NONE',  ( 40.00000000000000000, -9.931500473169348808, -6.906545586027161399 ) ) ;
#4971 = VECTOR ( 'NONE', #2573, 1000.000000000000000 ) ;
#4972 = EDGE_CURVE ( 'NONE', #3612, #828, #2758, .T. ) ;
#4973 = EDGE_LOOP ( 'NONE', ( #1682, #632, #284, #4020, #1519, #4984 ) ) ;
#4974 = VERTEX_POINT ( 'NONE', #607 ) ;
#4975 = CARTESIAN_POINT ( 'NONE',  ( -30.69115434757842920, 23.54560596668945394, -7.999999999999996447 ) ) ;
#4976 = CYLINDRICAL_SURFACE ( 'NONE', #2262, 2.250000000000001776 ) ;
#4977 = CARTESIAN_POINT ( 'NONE',  ( -20.86375362508554687, 35.87147181436235854, -0.2906196997481024780 ) ) ;
#4978 = CARTESIAN_POINT ( 'NONE',  ( 40.42425205543236189, -13.72638704646252172, 3.469446951953614189E-15 ) ) ;
#4979 = AXIS2_PLACEMENT_3D ( 'NONE', #5193, #4336, #1835 ) ;
#4980 = CARTESIAN_POINT ( 'NONE',  ( -1.471116170022598979, 39.00000000000001421, -21.40031668392732911 ) ) ;
#4981 = ORIENTED_EDGE ( 'NONE', *, *, #3470, .F. ) ;
#4982 = DIRECTION ( 'NONE',  ( -0.000000000000000000, 1.000000000000000000, 0.000000000000000000 ) ) ;
#4983 = CARTESIAN_POINT ( 'NONE',  ( -9.903211599921954544, 38.99999999999999289, -1.528293895621311682 ) ) ;
#4984 = ORIENTED_EDGE ( 'NONE', *, *, #1766, .T. ) ;
#4985 = DIRECTION ( 'NONE',  ( -0.000000000000000000, 0.000000000000000000, 1.000000000000000000 ) ) ;
#4986 = FACE_BOUND ( 'NONE', #4329, .T. ) ;
#4987 = ORIENTED_EDGE ( 'NONE', *, *, #3244, .T. ) ;
#4988 = EDGE_CURVE ( 'NONE', #3901, #5080, #4608, .T. ) ;
#4989 = LINE ( 'NONE', #3825, #997 ) ;
#4990 = ORIENTED_EDGE ( 'NONE', *, *, #3146, .T. ) ;
#4991 = CARTESIAN_POINT ( 'NONE',  ( 39.00000000000000711, 11.30299455165518552, -1.024641348745940928 ) ) ;
#4992 = ORIENTED_EDGE ( 'NONE', *, *, #4801, .T. ) ;
#4993 = DIRECTION ( 'NONE',  ( 1.000000000000000000, 0.000000000000000000, 0.000000000000000000 ) ) ;
#4994 = ORIENTED_EDGE ( 'NONE', *, *, #3343, .T. ) ;
#4995 = CYLINDRICAL_SURFACE ( 'NONE', #1058, 4.200000000000009059 ) ;
#4996 = EDGE_CURVE ( 'NONE', #3790, #2085, #3484, .T. ) ;
#4997 = ORIENTED_EDGE ( 'NONE', *, *, #3432, .T. ) ;
#4998 = CARTESIAN_POINT ( 'NONE',  ( 23.54560596668835615, -30.69115434757916461, -7.999999999999996447 ) ) ;
#4999 = CARTESIAN_POINT ( 'NONE',  ( 32.71715728752540286, 32.57573593128805811, -21.00000000000000000 ) ) ;
#5000 = CARTESIAN_POINT ( 'NONE',  ( -38.99999999999999289, -1.886103783506458564E-13, -4.512880845167525301 ) ) ;
#5001 = CARTESIAN_POINT ( 'NONE',  ( -18.87824139103825871, -38.29028411452931380, 3.469446951953614189E-15 ) ) ;
#5002 = DIRECTION ( 'NONE',  ( 1.000000000000000000, 0.000000000000000000, 0.000000000000000000 ) ) ;
#5003 = ORIENTED_EDGE ( 'NONE', *, *, #4381, .F. ) ;
#5004 = CARTESIAN_POINT ( 'NONE',  ( -13.23820004496838720, 1.621211931154288312E-15, -3.000000000000000000 ) ) ;
#5005 = CIRCLE ( 'NONE', #3374, 40.60000000000000142 ) ;
#5006 = CARTESIAN_POINT ( 'NONE',  ( -35.80000000000001847, 35.79999999999999716, -25.00000000000000000 ) ) ;
#5007 = ORIENTED_EDGE ( 'NONE', *, *, #4742, .T. ) ;
#5008 = DIRECTION ( 'NONE',  ( 1.000000000000000000, 0.000000000000000000, 0.000000000000000000 ) ) ;
#5009 = CIRCLE ( 'NONE', #2079, 14.00000000000000000 ) ;
#5010 = DIRECTION ( 'NONE',  ( 0.000000000000000000, 0.000000000000000000, -1.000000000000000000 ) ) ;
#5011 = ADVANCED_FACE ( 'NONE', ( #222 ), #2092, .T. ) ;
#5012 = ORIENTED_EDGE ( 'NONE', *, *, #4565, .F. ) ;
#5013 = AXIS2_PLACEMENT_3D ( 'NONE', #4814, #3571, #4488 ) ;
#5014 = CARTESIAN_POINT ( 'NONE',  ( 20.21086261788457961, -35.23110328106777445, -1.039692612994474352 ) ) ;
#5015 = CIRCLE ( 'NONE', #1119, 2.250000000000001776 ) ;
#5016 = ADVANCED_FACE ( 'NONE', ( #986 ), #3944, .T. ) ;
#5017 = EDGE_CURVE ( 'NONE', #968, #1163, #2646, .T. ) ;
#5018 = CARTESIAN_POINT ( 'NONE',  ( 38.99999999999998579, 7.130158801741172780, -2.606440930003991241 ) ) ;
#5019 = ORIENTED_EDGE ( 'NONE', *, *, #1012, .F. ) ;
#5020 = CARTESIAN_POINT ( 'NONE',  ( -40.99908904983092839, -15.98866535842922509, -3.999999999999995115 ) ) ;
#5021 = VERTEX_POINT ( 'NONE', #1470 ) ;
#5022 = CARTESIAN_POINT ( 'NONE',  ( -1.471116170022609859, -39.00000000000000711, -21.40031668392733977 ) ) ;
#5023 = AXIS2_PLACEMENT_3D ( 'NONE', #4686, #2658, #3522 ) ;
#5024 = ORIENTED_EDGE ( 'NONE', *, *, #5288, .T. ) ;
#5025 = CARTESIAN_POINT ( 'NONE',  ( -5.052665715421804649, 38.35118100781438955, -4.833223196770197878E-12 ) ) ;
#5026 = CARTESIAN_POINT ( 'NONE',  ( -39.99999999999999289, -6.954135460285586490, -10.25327012558362760 ) ) ;
#5027 = CARTESIAN_POINT ( 'NONE',  ( 0.000000000000000000, 39.00000000000000711, -25.00000000000000000 ) ) ;
#5028 = CARTESIAN_POINT ( 'NONE',  ( -33.87158484991893204, 25.98556513422253289, 3.469446951953614189E-15 ) ) ;
#5029 = CYLINDRICAL_SURFACE ( 'NONE', #2116, 14.00000000000000000 ) ;
#5030 = ADVANCED_FACE ( 'NONE', ( #2284 ), #628, .T. ) ;
#5031 = ORIENTED_EDGE ( 'NONE', *, *, #4628, .F. ) ;
#5032 = DIRECTION ( 'NONE',  ( 0.000000000000000000, -0.000000000000000000, 1.000000000000000000 ) ) ;
#5033 = AXIS2_PLACEMENT_3D ( 'NONE', #548, #2206, #3866 ) ;
#5034 = CARTESIAN_POINT ( 'NONE',  ( 39.00000000000001421, -11.63997647495910570, -23.00346053482425646 ) ) ;
#5035 = PRODUCT_DEFINITION ( 'UNKNOWN', '', #1658, #1082 ) ;
#5036 = CARTESIAN_POINT ( 'NONE',  ( -5.106985117663508156, 16.21476805285735523, -2.000000000000000000 ) ) ;
#5037 = CARTESIAN_POINT ( 'NONE',  ( -32.71715728752538865, 32.01005050633963833, -22.00000000000000000 ) ) ;
#5038 = AXIS2_PLACEMENT_3D ( 'NONE', #1390, #4211, #597 ) ;
#5039 = EDGE_LOOP ( 'NONE', ( #1667, #627 ) ) ;
#5040 = CARTESIAN_POINT ( 'NONE',  ( -32.43431457505077020, 32.29289321881425678, -22.00000000000000000 ) ) ;
#5041 = CARTESIAN_POINT ( 'NONE',  ( 11.60987976253626464, 40.00000000000002842, -5.941217092636410513 ) ) ;
#5042 = CARTESIAN_POINT ( 'NONE',  ( 16.91247075436375624, -36.19812535941378684, -2.000000000000000000 ) ) ;
#5043 = VERTEX_POINT ( 'NONE', #2728 ) ;
#5044 = CARTESIAN_POINT ( 'NONE',  ( -40.02484362653887473, -6.809691084851885456, -7.974924713410731059 ) ) ;
#5045 = CARTESIAN_POINT ( 'NONE',  ( -28.35280479012998711, 29.05991157131733615, -10.49999999999999467 ) ) ;
#5046 = VERTEX_POINT ( 'NONE', #1817 ) ;
#5047 = CARTESIAN_POINT ( 'NONE',  ( -2.526364092029800279, -38.60000000000000853, -7.999999999999996447 ) ) ;
#5048 = DIRECTION ( 'NONE',  ( -0.000000000000000000, -0.000000000000000000, 1.000000000000000000 ) ) ;
#5049 = VECTOR ( 'NONE', #4576, 1000.000000000000000 ) ;
#5050 = ADVANCED_FACE ( 'NONE', ( #5153, #4372 ), #547, .F. ) ;
#5051 = CARTESIAN_POINT ( 'NONE',  ( 0.000000000000000000, 0.000000000000000000, -4.000000000000000000 ) ) ;
#5052 = CARTESIAN_POINT ( 'NONE',  ( 25.98556513422250447, 33.87158484990928287, 3.469446951953614189E-15 ) ) ;
#5053 = DIRECTION ( 'NONE',  ( 0.000000000000000000, 0.000000000000000000, 1.000000000000000000 ) ) ;
#5054 = ORIENTED_EDGE ( 'NONE', *, *, #3009, .F. ) ;
#5055 = PLANE ( 'NONE',  #4119 ) ;
#5056 = VECTOR ( 'NONE', #5113, 1000.000000000000000 ) ;
#5057 = CARTESIAN_POINT ( 'NONE',  ( 9.932335993178575961, -40.00000000000000000, -6.906026256953978759 ) ) ;
#5058 = CARTESIAN_POINT ( 'NONE',  ( 35.79999999999997584, 35.79999999999999716, 0.000000000000000000 ) ) ;
#5059 = DIRECTION ( 'NONE',  ( -1.000000000000000000, 0.000000000000000000, 0.000000000000000000 ) ) ;
#5060 = CARTESIAN_POINT ( 'NONE',  ( -9.803179785195428764, -9.994881995256987395, -2.000000000000000000 ) ) ;
#5061 = CARTESIAN_POINT ( 'NONE',  ( -39.00000000000002842, 9.215596447849430106, -1.793389241547416635 ) ) ;
#5062 = CIRCLE ( 'NONE', #1566, 0.3999999999999975797 ) ;
#5063 = ORIENTED_EDGE ( 'NONE', *, *, #1545, .F. ) ;
#5064 = CARTESIAN_POINT ( 'NONE',  ( 16.91247075436375624, -36.19812535941378684, -2.000000000000000000 ) ) ;
#5065 = CARTESIAN_POINT ( 'NONE',  ( 9.124626556402137822, 39.99999999999998579, -7.446766312614635730 ) ) ;
#5066 = EDGE_LOOP ( 'NONE', ( #4863, #1785, #4186, #1884 ) ) ;
#5067 = CARTESIAN_POINT ( 'NONE',  ( 40.00000000000004974, 7.687115712076036722, -8.732580530968837351 ) ) ;
#5068 = LINE ( 'NONE', #4968, #3564 ) ;
#5069 = ORIENTED_EDGE ( 'NONE', *, *, #14, .T. ) ;
#5070 = FACE_OUTER_BOUND ( 'NONE', #2421, .T. ) ;
#5071 = ORIENTED_EDGE ( 'NONE', *, *, #4577, .T. ) ;
#5072 = CARTESIAN_POINT ( 'NONE',  ( 34.69495227279177385, -17.10563656559516232, -7.999999999999996447 ) ) ;
#5073 = EDGE_CURVE ( 'NONE', #2725, #2841, #243, .T. ) ;
#5074 = CARTESIAN_POINT ( 'NONE',  ( -9.125544201170686875, 40.00000000000000711, -7.446111944357154400 ) ) ;
#5075 = LINE ( 'NONE', #604, #1463 ) ;
#5076 = VECTOR ( 'NONE', #3524, 1000.000000000000000 ) ;
#5077 = CARTESIAN_POINT ( 'NONE',  ( 19.34441602242177538, 33.49829972219193053, -2.414876874909119305E-12 ) ) ;
#5078 = LINE ( 'NONE', #1372, #1931 ) ;
#5079 = EDGE_CURVE ( 'NONE', #3584, #316, #3717, .T. ) ;
#5080 = VERTEX_POINT ( 'NONE', #3458 ) ;
#5081 = CARTESIAN_POINT ( 'NONE',  ( 32.29289321881265096, -33.00000000000004974, -4.000000000000000000 ) ) ;
#5082 = CARTESIAN_POINT ( 'NONE',  ( 40.00000000000001421, 6.954135460285430170, 0.000000000000000000 ) ) ;
#5083 = FACE_OUTER_BOUND ( 'NONE', #565, .T. ) ;
#5084 = CARTESIAN_POINT ( 'NONE',  ( 36.19812535941237286, 16.91247075436200120, -2.000000000000000000 ) ) ;
#5085 = CARTESIAN_POINT ( 'NONE',  ( 6.809691084851803744, -40.02484362653888184, -7.974924713410731059 ) ) ;
#5086 = DIRECTION ( 'NONE',  ( 0.000000000000000000, 0.000000000000000000, -1.000000000000000000 ) ) ;
#5087 = VERTEX_POINT ( 'NONE', #1392 ) ;
#5088 = CARTESIAN_POINT ( 'NONE',  ( -4.205752449840535867, 13.35333839647076104, 0.000000000000000000 ) ) ;
#5089 = CARTESIAN_POINT ( 'NONE',  ( 6.954135460285526094, 39.99999999999998579, -10.25372598931163282 ) ) ;
#5090 = VERTEX_POINT ( 'NONE', #3059 ) ;
#5091 = CARTESIAN_POINT ( 'NONE',  ( 39.00000000000000000, 2.924064325258838082, -4.096485513749670737 ) ) ;
#5092 = ORIENTED_EDGE ( 'NONE', *, *, #4669, .F. ) ;
#5093 = AXIS2_PLACEMENT_3D ( 'NONE', #358, #4256, #536 ) ;
#5094 = DIRECTION ( 'NONE',  ( -0.7139201425183884231, 0.7002271275140117268, 0.000000000000000000 ) ) ;
#5095 = CIRCLE ( 'NONE', #2516, 2.250000000000001776 ) ;
#5096 = EDGE_LOOP ( 'NONE', ( #3179, #3817, #4544, #807, #1211, #1633, #4992, #2563 ) ) ;
#5097 = CARTESIAN_POINT ( 'NONE',  ( 29.08073093502100548, 25.50791257258048361, -7.999999999999996447 ) ) ;
#5098 = CARTESIAN_POINT ( 'NONE',  ( 40.00000000000001421, 6.954135460285428394, -19.00000000000000000 ) ) ;
#5099 = VECTOR ( 'NONE', #4035, 1000.000000000000000 ) ;
#5100 = CARTESIAN_POINT ( 'NONE',  ( 21.08920218259095236, 37.03043021839328475, 2.602085213965210642E-15 ) ) ;
#5101 = CARTESIAN_POINT ( 'NONE',  ( 17.10563656559013168, 34.69495227279496419, 3.469446951953614189E-15 ) ) ;
#5102 = ORIENTED_EDGE ( 'NONE', *, *, #2169, .F. ) ;
#5103 = LINE ( 'NONE', #4654, #5049 ) ;
#5104 = CARTESIAN_POINT ( 'NONE',  ( -41.23750923406996094, 11.04543741823737335, 3.469446951953614189E-15 ) ) ;
#5105 = ORIENTED_EDGE ( 'NONE', *, *, #1012, .T. ) ;
#5106 = CARTESIAN_POINT ( 'NONE',  ( -32.43431457505158733, -32.29289321881267227, -22.00000000000000000 ) ) ;
#5107 = CARTESIAN_POINT ( 'NONE',  ( 39.00000000000002132, 5.835819448226425621, -21.82768076339493390 ) ) ;
#5108 = EDGE_CURVE ( 'NONE', #3159, #4253, #165, .T. ) ;
#5109 = FACE_OUTER_BOUND ( 'NONE', #4640, .T. ) ;
#5110 = DIRECTION ( 'NONE',  ( 1.000000000000000000, 0.000000000000000000, 0.000000000000000000 ) ) ;
#5111 = CYLINDRICAL_SURFACE ( 'NONE', #679, 2.250000000000001776 ) ;
#5112 = ORIENTED_EDGE ( 'NONE', *, *, #4801, .F. ) ;
#5113 = DIRECTION ( 'NONE',  ( -0.000000000000000000, -0.000000000000000000, 1.000000000000000000 ) ) ;
#5114 = VECTOR ( 'NONE', #4025, 1000.000000000000000 ) ;
#5115 = EDGE_CURVE ( 'NONE', #3901, #676, #2363, .T. ) ;
#5116 = CARTESIAN_POINT ( 'NONE',  ( 29.82459987482557295, 30.53170665601210132, -4.430000222756688366 ) ) ;
#5117 = ADVANCED_FACE ( 'NONE', ( #3188 ), #4886, .T. ) ;
#5118 = EDGE_LOOP ( 'NONE', ( #5012, #237, #918, #724 ) ) ;
#5119 = AXIS2_PLACEMENT_3D ( 'NONE', #1662, #1739, #802 ) ;
#5120 = LINE ( 'NONE', #2694, #2324 ) ;
#5121 = PERSON_AND_ORGANIZATION ( #1455, #1050 ) ;
#5122 = VERTEX_POINT ( 'NONE', #2451 ) ;
#5123 = B_SPLINE_CURVE_WITH_KNOTS ( 'NONE', 3,
 ( #2505, #4963, #527, #2920, #4562, #4475, #3819, #3700, #4505, #3413, #788, #5057, #4075, #3012, #4657, #2447, #380, #2598 ),
 .UNSPECIFIED., .F., .F.,
 ( 4, 2, 2, 2, 2, 2, 2, 2, 4 ),
 ( 0.000000000000000000, 0.0007287358697538115016, 0.001457471739507623003, 0.002186207609261434613, 0.002914943479015244272, 0.004372415218522865757, 0.005829886958030486808, 0.008744830437045728044, 0.01165977391606097188 ),
 .UNSPECIFIED. ) ;
#5124 = PLANE ( 'NONE',  #4350 ) ;
#5125 = EDGE_CURVE ( 'NONE', #4476, #4111, #2780, .T. ) ;
#5126 = ORIENTED_EDGE ( 'NONE', *, *, #3799, .F. ) ;
#5127 = CARTESIAN_POINT ( 'NONE',  ( 38.35118100780851336, 5.052665715421846393, -7.999999999999996447 ) ) ;
#5128 = CARTESIAN_POINT ( 'NONE',  ( 39.00000000000000000, -1.474354806325200995, -4.406503988659569160 ) ) ;
#5129 = ADVANCED_FACE ( 'NONE', ( #2037 ), #3674, .F. ) ;
#5130 = CARTESIAN_POINT ( 'NONE',  ( -2.106985117663507712, 16.21476805285735523, -2.000000000000000000 ) ) ;
#5131 = CARTESIAN_POINT ( 'NONE',  ( 34.69495227279494998, 17.10563656559500956, 3.469446951953614189E-15 ) ) ;
#5132 = VERTEX_POINT ( 'NONE', #3644 ) ;
#5133 = CARTESIAN_POINT ( 'NONE',  ( 2.788163479804848244, -42.60000000000001563, 3.469446951953614189E-15 ) ) ;
#5134 = ORIENTED_EDGE ( 'NONE', *, *, #1838, .F. ) ;
#5135 = DIRECTION ( 'NONE',  ( 0.000000000000000000, 0.000000000000000000, -1.000000000000000000 ) ) ;
#5136 = CARTESIAN_POINT ( 'NONE',  ( 12.12549805111749812, 40.00000000000000000, -20.12993991249941317 ) ) ;
#5137 = CARTESIAN_POINT ( 'NONE',  ( 37.74864281652737930, 18.49330874315960926, -0.07518861848665425729 ) ) ;
#5138 = AXIS2_PLACEMENT_3D ( 'NONE', #1693, #915, #2548 ) ;
#5139 = CARTESIAN_POINT ( 'NONE',  ( 35.79999999999998295, -35.79999999999999005, -4.000000000000000000 ) ) ;
#5140 = CARTESIAN_POINT ( 'NONE',  ( -35.80000000000001847, -35.80000000000000426, -21.00000000000000000 ) ) ;
#5141 = VERTEX_POINT ( 'NONE', #5309 ) ;
#5142 = CARTESIAN_POINT ( 'NONE',  ( 0.000000000000000000, 0.000000000000000000, 0.000000000000000000 ) ) ;
#5143 = DIRECTION ( 'NONE',  ( 0.7071067811865474617, 0.7071067811865474617, 0.000000000000000000 ) ) ;
#5144 = ORIENTED_EDGE ( 'NONE', *, *, #2708, .F. ) ;
#5145 = CIRCLE ( 'NONE', #2379, 2.250000000000001776 ) ;
#5146 = CARTESIAN_POINT ( 'NONE',  ( 0.000000000000000000, 0.000000000000000000, -19.00000000000000355 ) ) ;
#5147 = ADVANCED_FACE ( 'NONE', ( #4423 ), #323, .T. ) ;
#5148 = CARTESIAN_POINT ( 'NONE',  ( -38.99999999999997868, -1.467005233899973282, -4.423747866284841734 ) ) ;
#5149 = ORIENTED_EDGE ( 'NONE', *, *, #3448, .F. ) ;
#5150 = EDGE_CURVE ( 'NONE', #1680, #2057, #5333, .T. ) ;
#5151 = FACE_OUTER_BOUND ( 'NONE', #4884, .T. ) ;
#5152 = EDGE_LOOP ( 'NONE', ( #476, #1955, #2002, #4834 ) ) ;
#5153 = FACE_BOUND ( 'NONE', #5314, .T. ) ;
#5154 = CARTESIAN_POINT ( 'NONE',  ( -35.79999999999998295, 35.79999999999999716, 0.000000000000000000 ) ) ;
#5155 = DIRECTION ( 'NONE',  ( 0.000000000000000000, 1.000000000000000000, -0.000000000000000000 ) ) ;
#5156 = CARTESIAN_POINT ( 'NONE',  ( 12.43752441299486833, -36.62854763706669559, 3.469446951953614189E-15 ) ) ;
#5157 = VERTEX_POINT ( 'NONE', #5280 ) ;
#5158 = CARTESIAN_POINT ( 'NONE',  ( -13.72638704646255903, 40.42425205543234767, 3.469446951953614189E-15 ) ) ;
#5159 = CARTESIAN_POINT ( 'NONE',  ( -35.80000000000001847, -35.80000000000000426, -21.00000000000000000 ) ) ;
#5160 = CARTESIAN_POINT ( 'NONE',  ( 39.00000000000002842, 17.13942822850279413, -25.00000000000000000 ) ) ;
#5161 = DIRECTION ( 'NONE',  ( -0.000000000000000000, -0.000000000000000000, 1.000000000000000000 ) ) ;
#5162 = CARTESIAN_POINT ( 'NONE',  ( -38.04999999999999005, 35.79999999999999716, -4.000000000000000000 ) ) ;
#5163 = CARTESIAN_POINT ( 'NONE',  ( -34.67475354383562092, 24.84665119468241912, 2.602085213965211825E-15 ) ) ;
#5164 = ORIENTED_EDGE ( 'NONE', *, *, #4316, .T. ) ;
#5165 = DIRECTION ( 'NONE',  ( -1.000000000000000000, 0.000000000000000000, 0.000000000000000000 ) ) ;
#5166 = CARTESIAN_POINT ( 'NONE',  ( -33.00000000000000711, 32.29289321881425678, -4.000000000000000000 ) ) ;
#5167 = ORIENTED_EDGE ( 'NONE', *, *, #2082, .F. ) ;
#5168 = EDGE_CURVE ( 'NONE', #4129, #3330, #2258, .T. ) ;
#5169 = CARTESIAN_POINT ( 'NONE',  ( 7.702498402654272880, 7.853121567702415540, -2.000000000000000000 ) ) ;
#5170 = PERSON_AND_ORGANIZATION ( #1455, #1050 ) ;
#5171 = ORIENTED_EDGE ( 'NONE', *, *, #2489, .F. ) ;
#5172 = DIRECTION ( 'NONE',  ( 1.000000000000000000, 0.000000000000000000, 0.000000000000000000 ) ) ;
#5173 = VECTOR ( 'NONE', #4019, 1000.000000000000000 ) ;
#5174 = EDGE_CURVE ( 'NONE', #3518, #4578, #2791, .T. ) ;
#5175 = ORIENTED_EDGE ( 'NONE', *, *, #555, .T. ) ;
#5176 = CARTESIAN_POINT ( 'NONE',  ( 35.79999999999997584, 35.79999999999999716, -4.000000000000000000 ) ) ;
#5177 = AXIS2_PLACEMENT_3D ( 'NONE', #5221, #2828, #2440 ) ;
#5178 = AXIS2_PLACEMENT_3D ( 'NONE', #1590, #4012, #5265 ) ;
#5179 = CYLINDRICAL_SURFACE ( 'NONE', #357, 40.60000000000000142 ) ;
#5180 = CARTESIAN_POINT ( 'NONE',  ( 39.00000000000002132, 0.000000000000000000, -21.00000000000000000 ) ) ;
#5181 = CARTESIAN_POINT ( 'NONE',  ( 25.50791257258052624, 29.08073093502096995, -7.999999999999996447 ) ) ;
#5182 = VERTEX_POINT ( 'NONE', #383 ) ;
#5183 = CARTESIAN_POINT ( 'NONE',  ( -2.788163479804881106, 42.60000000000001563, 3.469446951953614189E-15 ) ) ;
#5184 = B_SPLINE_CURVE_WITH_KNOTS ( 'NONE', 3,
 ( #3706, #4108, #54, #4916, #1605, #466, #4970, #3276, #3782, #2925, #413, #1208, #1629, #4568, #3379, #879, #386, #2039 ),
 .UNSPECIFIED., .F., .F.,
 ( 4, 2, 2, 2, 2, 2, 2, 2, 4 ),
 ( 3.576224061345498009E-18, 0.002907443257430811917, 0.005814886514861620365, 0.007268608143577025456, 0.008722329772292430547, 0.009449190586650136128, 0.01017605140100783997, 0.01090291221536554556, 0.01162977302972324940 ),
 .UNSPECIFIED. ) ;
#5185 = CARTESIAN_POINT ( 'NONE',  ( 38.05000000000001847, 35.79999999999999716, -21.00000000000000000 ) ) ;
#5186 = CARTESIAN_POINT ( 'NONE',  ( -32.57573593128889655, -32.71715728752460706, -4.000000000000000000 ) ) ;
#5187 = FACE_OUTER_BOUND ( 'NONE', #2370, .T. ) ;
#5188 = EDGE_CURVE ( 'NONE', #4476, #2942, #4343, .T. ) ;
#5189 = CARTESIAN_POINT ( 'NONE',  ( 25.37653677154850840, -34.23545561213554578, 2.602085213965210642E-15 ) ) ;
#5190 = CONICAL_SURFACE ( 'NONE', #1975, 42.60000000000000142, 0.7853981633974466137 ) ;
#5191 = CARTESIAN_POINT ( 'NONE',  ( -38.99999999999999289, 9.912455719800872700, -1.533971712436850376 ) ) ;
#5192 = EDGE_LOOP ( 'NONE', ( #4335, #1591, #3587, #1609 ) ) ;
#5193 = CARTESIAN_POINT ( 'NONE',  ( 0.000000000000000000, 0.000000000000000000, -4.000000000000000000 ) ) ;
#5194 = ADVANCED_FACE ( 'NONE', ( #704 ), #4050, .T. ) ;
#5195 = CARTESIAN_POINT ( 'NONE',  ( 6.954135460285516324, 39.99999999999999289, -10.49999999999999467 ) ) ;
#5196 = DIRECTION ( 'NONE',  ( -1.000000000000000000, 0.000000000000000000, 0.000000000000000000 ) ) ;
#5197 = DIRECTION ( 'NONE',  ( -1.000000000000000000, 0.000000000000000000, 0.000000000000000000 ) ) ;
#5198 = VERTEX_POINT ( 'NONE', #4939 ) ;
#5199 = VECTOR ( 'NONE', #3218, 1000.000000000000000 ) ;
#5200 = DIRECTION ( 'NONE',  ( 0.000000000000000000, 0.000000000000000000, 1.000000000000000000 ) ) ;
#5201 = AXIS2_PLACEMENT_3D ( 'NONE', #1872, #4453, #4808 ) ;
#5202 = ORIENTED_EDGE ( 'NONE', *, *, #242, .T. ) ;
#5203 = CARTESIAN_POINT ( 'NONE',  ( 29.10118051936121475, -29.80828730054856734, -5.902511555014661404 ) ) ;
#5204 = AXIS2_PLACEMENT_3D ( 'NONE', #4882, #318, #266 ) ;
#5205 = CARTESIAN_POINT ( 'NONE',  ( -30.00278955953699622, -29.29568277834884782, -20.33333220206242231 ) ) ;
#5206 = DIRECTION ( 'NONE',  ( 0.000000000000000000, 0.000000000000000000, -1.000000000000000000 ) ) ;
#5207 = CARTESIAN_POINT ( 'NONE',  ( 19.34441602242501190, -33.49829972217730756, -7.999999999999996447 ) ) ;
#5208 = ORIENTED_EDGE ( 'NONE', *, *, #208, .T. ) ;
#5209 = CARTESIAN_POINT ( 'NONE',  ( -18.87824139103825871, -38.29028411452931380, 3.469446951953614189E-15 ) ) ;
#5210 = EDGE_CURVE ( 'NONE', #4093, #406, #4096, .T. ) ;
#5211 = CARTESIAN_POINT ( 'NONE',  ( -28.47820534928867175, 28.93703198470338123, -10.49999999999999467 ) ) ;
#5212 = CARTESIAN_POINT ( 'NONE',  ( 0.000000000000000000, 0.000000000000000000, -19.99999999999999645 ) ) ;
#5213 = AXIS2_PLACEMENT_3D ( 'NONE', #4748, #261, #3529 ) ;
#5214 = DIRECTION ( 'NONE',  ( 0.000000000000000000, 0.000000000000000000, -1.000000000000000000 ) ) ;
#5215 = CARTESIAN_POINT ( 'NONE',  ( -39.99999999999996447, 11.60987976253631970, -5.941217092636414066 ) ) ;
#5216 = CARTESIAN_POINT ( 'NONE',  ( 16.21476805285678680, 5.106985117665312046, 2.602085213965210642E-15 ) ) ;
#5217 = ORIENTED_EDGE ( 'NONE', *, *, #4222, .F. ) ;
#5218 = CARTESIAN_POINT ( 'NONE',  ( 0.000000000000000000, 0.000000000000000000, -3.000000000000000000 ) ) ;
#5219 = EDGE_CURVE ( 'NONE', #3438, #2354, #5278, .T. ) ;
#5220 = VECTOR ( 'NONE', #3437, 1000.000000000000114 ) ;
#5221 = CARTESIAN_POINT ( 'NONE',  ( 5.106985117665539420, -16.21476805285671574, -2.000000000000000000 ) ) ;
#5222 = DIRECTION ( 'NONE',  ( 0.000000000000000000, 0.000000000000000000, -1.000000000000000000 ) ) ;
#5223 = FACE_OUTER_BOUND ( 'NONE', #751, .T. ) ;
#5224 = ORIENTED_EDGE ( 'NONE', *, *, #2543, .F. ) ;
#5225 = DIRECTION ( 'NONE',  ( 1.000000000000000000, 0.000000000000000000, 0.000000000000000000 ) ) ;
#5226 = AXIS2_PLACEMENT_3D ( 'NONE', #5058, #3013, #4935 ) ;
#5227 = ORIENTED_EDGE ( 'NONE', *, *, #376, .F. ) ;
#5228 = DIRECTION ( 'NONE',  ( -0.000000000000000000, -0.000000000000000000, 1.000000000000000000 ) ) ;
#5229 = CARTESIAN_POINT ( 'NONE',  ( 32.01005050633803251, -32.71715728752543129, -22.00000000000000000 ) ) ;
#5230 = DIRECTION ( 'NONE',  ( -0.000000000000000000, -0.000000000000000000, 1.000000000000000000 ) ) ;
#5231 = CARTESIAN_POINT ( 'NONE',  ( -33.49829972218031315, -19.34441602242051417, -7.999999999999996447 ) ) ;
#5232 = EDGE_LOOP ( 'NONE', ( #3168, #3192, #5339, #3481 ) ) ;
#5233 = EDGE_CURVE ( 'NONE', #3518, #3950, #270, .T. ) ;
#5234 = CARTESIAN_POINT ( 'NONE',  ( 42.60000000000001563, 2.788163479804886880, 3.469446951953614189E-15 ) ) ;
#5235 = CYLINDRICAL_SURFACE ( 'NONE', #4090, 40.60000000000000142 ) ;
#5236 = LINE ( 'NONE', #4839, #3629 ) ;
#5237 = DIRECTION ( 'NONE',  ( 1.000000000000000000, 0.000000000000000000, 0.000000000000000000 ) ) ;
#5238 = EDGE_CURVE ( 'NONE', #4458, #3464, #1923, .T. ) ;
#5239 = CARTESIAN_POINT ( 'NONE',  ( 28.78110756671391712, -31.42703358314522788, 2.602085213965211036E-15 ) ) ;
#5240 = LINE ( 'NONE', #3716, #3209 ) ;
#5241 = VERTEX_POINT ( 'NONE', #2422 ) ;
#5242 = FACE_OUTER_BOUND ( 'NONE', #3701, .T. ) ;
#5243 = PLANE ( 'NONE',  #3806 ) ;
#5244 = ORIENTED_EDGE ( 'NONE', *, *, #1679, .F. ) ;
#5245 = CARTESIAN_POINT ( 'NONE',  ( -34.69495227270503079, -17.10563656580459480, -7.999999999999998224 ) ) ;
#5246 = DIRECTION ( 'NONE',  ( -0.000000000000000000, -0.000000000000000000, 1.000000000000000000 ) ) ;
#5247 = PERSON_AND_ORGANIZATION ( #1455, #1050 ) ;
#5248 = ORIENTED_EDGE ( 'NONE', *, *, #4291, .F. ) ;
#5249 = CARTESIAN_POINT ( 'NONE',  ( -23.54560596688462581, 30.69115434744801263, -7.999999999999994671 ) ) ;
#5250 = CARTESIAN_POINT ( 'NONE',  ( -35.23110328106931632, -20.21086261788377669, -1.039692612994631560 ) ) ;
#5251 = ORIENTED_EDGE ( 'NONE', *, *, #508, .T. ) ;
#5252 = CARTESIAN_POINT ( 'NONE',  ( 35.79999999999997584, 35.79999999999999716, -4.000000000000000000 ) ) ;
#5253 = VECTOR ( 'NONE', #4671, 1000.000000000000114 ) ;
#5254 = CARTESIAN_POINT ( 'NONE',  ( 39.00000000000000000, -16.39027265018534507, -2.302235550637178461E-15 ) ) ;
#5255 = DIRECTION ( 'NONE',  ( -0.7071067811865483499, -0.7071067811865466846, 0.000000000000000000 ) ) ;
#5256 = CARTESIAN_POINT ( 'NONE',  ( -38.35118100780874784, -5.052665715420673109, -7.999999999999996447 ) ) ;
#5257 = EDGE_LOOP ( 'NONE', ( #5, #5358, #4849, #1273 ) ) ;
#5258 = CARTESIAN_POINT ( 'NONE',  ( -37.36544263931503451, -10.00830714422092882, 4.840162090674103491E-12 ) ) ;
#5259 = VECTOR ( 'NONE', #2259, 1000.000000000000000 ) ;
#5260 = CARTESIAN_POINT ( 'NONE',  ( -15.06124857429772668, 38.62095163394745612, -7.974924713410731059 ) ) ;
#5261 = DIRECTION ( 'NONE',  ( 0.000000000000000000, 0.000000000000000000, -1.000000000000000000 ) ) ;
#5262 = AXIS2_PLACEMENT_3D ( 'NONE', #399, #1993, #337 ) ;
#5263 = CARTESIAN_POINT ( 'NONE',  ( -28.69416316167833614, 29.40126994286569939, -7.267845903257161844 ) ) ;
#5264 = LINE ( 'NONE', #4142, #2749 ) ;
#5265 = DIRECTION ( 'NONE',  ( 1.000000000000000000, 0.000000000000000000, 0.000000000000000000 ) ) ;
#5266 = ORIENTED_EDGE ( 'NONE', *, *, #267, .T. ) ;
#5267 = CARTESIAN_POINT ( 'NONE',  ( 29.23226350692025832, 28.52515672573369443, -8.129379289557832067 ) ) ;
#5268 = CARTESIAN_POINT ( 'NONE',  ( -1.847822749121721175, -38.99999999999998579, -4.342929517809914763 ) ) ;
#5269 = AXIS2_PLACEMENT_3D ( 'NONE', #1799, #4331, #117 ) ;
#5270 = ORIENTED_EDGE ( 'NONE', *, *, #3988, .T. ) ;
#5271 = CARTESIAN_POINT ( 'NONE',  ( 40.00000000000003553, 35.79999999999999716, -21.00000000000000000 ) ) ;
#5272 = LINE ( 'NONE', #4071, #3118 ) ;
#5273 = VERTEX_POINT ( 'NONE', #3586 ) ;
#5274 = ADVANCED_FACE ( 'NONE', ( #4858 ), #1910, .F. ) ;
#5275 = CARTESIAN_POINT ( 'NONE',  ( 35.79999999999997584, 35.79999999999999716, -4.000000000000000000 ) ) ;
#5276 = DIRECTION ( 'NONE',  ( 0.000000000000000000, 0.000000000000000000, -1.000000000000000000 ) ) ;
#5277 = VERTEX_POINT ( 'NONE', #792 ) ;
#5278 = CIRCLE ( 'NONE', #1819, 40.60000000000000142 ) ;
#5279 = CARTESIAN_POINT ( 'NONE',  ( 29.29568277834966850, 30.00278955953619331, -20.33333220206242586 ) ) ;
#5280 = CARTESIAN_POINT ( 'NONE',  ( 35.79999999999997584, 40.00000000000000711, -4.000000000000000000 ) ) ;
#5281 = CARTESIAN_POINT ( 'NONE',  ( -29.53135100476785979, -28.82424422357971494, -19.66666547966192979 ) ) ;
#5282 = VECTOR ( 'NONE', #302, 1000.000000000000000 ) ;
#5283 = CARTESIAN_POINT ( 'NONE',  ( 0.000000000000000000, -39.00000000000000711, -21.00000000000000000 ) ) ;
#5284 = CARTESIAN_POINT ( 'NONE',  ( -38.35118100780897521, 5.052665715419491832, -7.999999999999996447 ) ) ;
#5285 = ORIENTED_EDGE ( 'NONE', *, *, #3376, .F. ) ;
#5286 = CIRCLE ( 'NONE', #2979, 2.250000000000001776 ) ;
#5287 = CARTESIAN_POINT ( 'NONE',  ( 25.98556513422250447, 33.87158484990928287, 3.469446951953614189E-15 ) ) ;
#5288 = EDGE_CURVE ( 'NONE', #276, #1052, #5068, .T. ) ;
#5289 = DIRECTION ( 'NONE',  ( 0.000000000000000000, 0.000000000000000000, 1.000000000000000000 ) ) ;
#5290 = FACE_OUTER_BOUND ( 'NONE', #5039, .T. ) ;
#5291 = CARTESIAN_POINT ( 'NONE',  ( 9.803179785196308060, 9.994881995257584251, 0.000000000000000000 ) ) ;
#5292 = CARTESIAN_POINT ( 'NONE',  ( 2.914633771879281188, 39.00000000000001421, -21.48190734566759375 ) ) ;
#5293 = CARTESIAN_POINT ( 'NONE',  ( -38.60000000000000853, 2.363568322354392225E-15, -7.999999999999996447 ) ) ;
#5294 = VERTEX_POINT ( 'NONE', #1655 ) ;
#5295 = CARTESIAN_POINT ( 'NONE',  ( -32.64644660940712839, 32.64644660940712839, -21.00000000000000000 ) ) ;
#5296 = CARTESIAN_POINT ( 'NONE',  ( -28.63782463805518930, 27.93071785686942832, -22.00000000000000000 ) ) ;
#5297 = VERTEX_POINT ( 'NONE', #2586 ) ;
#5298 = CARTESIAN_POINT ( 'NONE',  ( 23.54560596688461516, -30.69115434744802329, -7.999999999999998224 ) ) ;
#5299 = CIRCLE ( 'NONE', #2902, 0.3999999999999975797 ) ;
#5300 = CYLINDRICAL_SURFACE ( 'NONE', #857, 2.250000000000001776 ) ;
#5301 = VERTEX_POINT ( 'NONE', #4209 ) ;
#5302 = CIRCLE ( 'NONE', #3340, 40.60000000000000142 ) ;
#5303 = CARTESIAN_POINT ( 'NONE',  ( 34.69495227270503079, 17.10563656580460190, -7.999999999999998224 ) ) ;
#5304 = DIRECTION ( 'NONE',  ( -1.000000000000000000, 0.000000000000000000, 0.000000000000000000 ) ) ;
#5305 = ORIENTED_EDGE ( 'NONE', *, *, #935, .T. ) ;
#5306 = EDGE_CURVE ( 'NONE', #4943, #6, #2358, .T. ) ;
#5307 = ADVANCED_FACE ( 'NONE', ( #4187 ), #967, .T. ) ;
#5308 = CARTESIAN_POINT ( 'NONE',  ( 38.99999993959342248, 17.14002334301952857, 3.035766082959412415E-15 ) ) ;
#5309 = CARTESIAN_POINT ( 'NONE',  ( -29.05991157131771629, -28.35280479012957855, -10.49999999999999467 ) ) ;
#5310 = AXIS2_PLACEMENT_3D ( 'NONE', #5275, #2414, #4127 ) ;
#5311 = CARTESIAN_POINT ( 'NONE',  ( -35.80000000000001847, 35.79999999999999716, -21.00000000000000000 ) ) ;
#5312 = CARTESIAN_POINT ( 'NONE',  ( 29.05991157131652969, -28.35280479013081134, -10.49999999999999467 ) ) ;
#5313 = CARTESIAN_POINT ( 'NONE',  ( 38.60000000000000853, 4.727136644708785238E-15, -7.999999999999996447 ) ) ;
#5314 = EDGE_LOOP ( 'NONE', ( #3810, #2587 ) ) ;
#5315 = AXIS2_PLACEMENT_3D ( 'NONE', #1746, #3412, #4579 ) ;
#5316 = CARTESIAN_POINT ( 'NONE',  ( 18.87824139103825871, 38.29028411453898428, 3.469446951953614189E-15 ) ) ;
#5317 = CARTESIAN_POINT ( 'NONE',  ( 0.000000000000000000, 0.000000000000000000, -2.000000000000000000 ) ) ;
#5318 = DIRECTION ( 'NONE',  ( -0.000000000000000000, -0.000000000000000000, 1.000000000000000000 ) ) ;
#5319 = CARTESIAN_POINT ( 'NONE',  ( -29.82473039421738648, 30.53183717540474262, -4.429810679641848381 ) ) ;
#5320 = DIRECTION ( 'NONE',  ( 1.000000000000000000, 0.000000000000000000, 0.000000000000000000 ) ) ;
#5321 = FACE_OUTER_BOUND ( 'NONE', #137, .T. ) ;
#5322 = VERTEX_POINT ( 'NONE', #2171 ) ;
#5323 = LINE ( 'NONE', #723, #2429 ) ;
#5324 = ORIENTED_EDGE ( 'NONE', *, *, #130, .F. ) ;
#5325 = CARTESIAN_POINT ( 'NONE',  ( -12.43752441278036969, -36.62854763716632078, -7.999999999999994671 ) ) ;
#5326 = LINE ( 'NONE', #4933, #1885 ) ;
#5327 = ORIENTED_EDGE ( 'NONE', *, *, #2983, .F. ) ;
#5328 = CARTESIAN_POINT ( 'NONE',  ( 17.10563656580459480, 34.69495227270500237, -7.999999999999996447 ) ) ;
#5329 = LINE ( 'NONE', #5082, #8 ) ;
#5330 = EDGE_CURVE ( 'NONE', #2130, #443, #2531, .T. ) ;
#5331 = ORIENTED_EDGE ( 'NONE', *, *, #5073, .T. ) ;
#5332 = CARTESIAN_POINT ( 'NONE',  ( 35.79999999999998295, -35.79999999999999005, -4.000000000000000000 ) ) ;
#5333 = LINE ( 'NONE', #354, #5114 ) ;
#5334 = ORIENTED_EDGE ( 'NONE', *, *, #666, .T. ) ;
#5335 = CARTESIAN_POINT ( 'NONE',  ( 2.914633771879275415, -39.00000000000000000, -21.48190734566758309 ) ) ;
#5336 = EDGE_CURVE ( 'NONE', #4135, #676, #3025, .T. ) ;
#5337 = ADVANCED_FACE ( 'NONE', ( #2894, #1311 ), #928, .F. ) ;
#5338 = DIRECTION ( 'NONE',  ( 1.000000000000000000, 0.000000000000000000, 0.000000000000000000 ) ) ;
#5339 = ORIENTED_EDGE ( 'NONE', *, *, #2003, .F. ) ;
#5340 = CARTESIAN_POINT ( 'NONE',  ( -38.60000000000000853, 2.526364092043150489, 6.938893903907228378E-15 ) ) ;
#5341 = CARTESIAN_POINT ( 'NONE',  ( -7.531576715440550629, -40.00000000000000000, -8.924919722730262350 ) ) ;
#5342 = EDGE_CURVE ( 'NONE', #2924, #2938, #3000, .T. ) ;
#5343 = CARTESIAN_POINT ( 'NONE',  ( -19.82695510499523905, 34.85455912862050809, -1.744075050566108454 ) ) ;
#5344 = CARTESIAN_POINT ( 'NONE',  ( 36.96962611825790646, 21.34901871904762771, 3.469446951953614189E-15 ) ) ;
#5345 = VECTOR ( 'NONE', #50, 1000.000000000000000 ) ;
#5346 = CARTESIAN_POINT ( 'NONE',  ( 14.41832265881275887, 39.00000000000000000, -23.90520672267882318 ) ) ;
#5347 = CARTESIAN_POINT ( 'NONE',  ( -39.00000000000002132, 0.000000000000000000, -21.00000000000000000 ) ) ;
#5348 = VERTEX_POINT ( 'NONE', #2481 ) ;
#5349 = AXIS2_PLACEMENT_3D ( 'NONE', #3019, #2193, #4643 ) ;
#5350 = CARTESIAN_POINT ( 'NONE',  ( -14.65469208137788115, 40.00000000000000711, -21.00000000000000000 ) ) ;
#5351 = AXIS2_PLACEMENT_3D ( 'NONE', #4717, #3931, #2688 ) ;
#5352 = ADVANCED_FACE ( 'NONE', ( #2 ), #4138, .F. ) ;
#5353 = ADVANCED_FACE ( 'NONE', ( #1893 ), #2695, .T. ) ;
#5354 = CARTESIAN_POINT ( 'NONE',  ( 39.00000000000001421, -5.131199444955018230, -21.72934243826383849 ) ) ;
#5355 = ORIENTED_EDGE ( 'NONE', *, *, #4077, .F. ) ;
#5356 = CARTESIAN_POINT ( 'NONE',  ( -29.18920733699835068, -28.48210055581020583, -8.423618799320486517 ) ) ;
#5357 = CARTESIAN_POINT ( 'NONE',  ( 28.93703198470299398, 28.47820534928905545, -10.49999999999999467 ) ) ;
#5358 = ORIENTED_EDGE ( 'NONE', *, *, #3299, .F. ) ;
#5359 = CARTESIAN_POINT ( 'NONE',  ( -39.99999999999998579, 0.000000000000000000, -4.000000000000000000 ) ) ;
#5360 = EDGE_CURVE ( 'NONE', #406, #937, #672, .T. ) ;
#5361 = CARTESIAN_POINT ( 'NONE',  ( -15.33511195342526889, -39.32320844004123472, -5.809228155108672631 ) ) ;
#5362 = ORIENTED_EDGE ( 'NONE', *, *, #722, .T. ) ;
ENDSEC;
END-ISO-10303-21;
